0 verbose cli D:\nodejs\node.exe D:\nodejs\node_modules\npm\bin\npm-cli.js
1 info using npm@11.9.0
2 info using node@v24.14.0
3 silly config load:file:D:\nodejs\node_modules\npm\npmrc
4 silly config load:file:C:\Users\86137\Desktop\work\app\Yoom-App\frontend\.npmrc
5 silly config load:file:C:\Users\86137\.npmrc
6 silly config load:file:D:\nodejs\node_global\etc\npmrc
7 verbose title npm install
8 verbose argv "install" "--cache" ".npm-cache" "--no-audit" "--no-fund"
9 verbose logfile logs-max:10 dir:C:\Users\86137\Desktop\work\app\Yoom-App\frontend\.npm-cache\_logs\2026-03-17T07_31_33_109Z-
10 verbose logfile C:\Users\86137\Desktop\work\app\Yoom-App\frontend\.npm-cache\_logs\2026-03-17T07_31_33_109Z-debug-0.log
11 silly logfile start cleaning logs, removing 1 files
12 silly packumentCache heap:2348810240 maxSize:587202560 maxEntrySize:293601280
13 silly idealTree buildDeps
14 silly fetch manifest @dcloudio/uni-app@3.0.0-5000320260312001
15 silly packumentCache full:https://registry.npmjs.org/@dcloudio%2funi-app cache-miss
16 http cache https://registry.npmjs.org/@dcloudio%2funi-app 30ms (cache hit)
17 silly packumentCache full:https://registry.npmjs.org/@dcloudio%2funi-app set size:8595646 disposed:false
18 silly fetch manifest @dcloudio/types@3.4.28
19 silly packumentCache full:https://registry.npmjs.org/@dcloudio%2ftypes cache-miss
20 http cache https://registry.npmjs.org/@dcloudio%2ftypes 9ms (cache hit)
21 silly packumentCache full:https://registry.npmjs.org/@dcloudio%2ftypes set size:502202 disposed:false
22 silly fetch manifest @dcloudio/uni-h5@3.0.0-5000320260312001
23 silly packumentCache full:https://registry.npmjs.org/@dcloudio%2funi-h5 cache-miss
24 http cache https://registry.npmjs.org/@dcloudio%2funi-h5 29ms (cache hit)
25 silly packumentCache full:https://registry.npmjs.org/@dcloudio%2funi-h5 set size:12513873 disposed:false
26 silly fetch manifest @dcloudio/uni-mp-weixin@3.0.0-5000320260312001
27 silly packumentCache full:https://registry.npmjs.org/@dcloudio%2funi-mp-weixin cache-miss
28 silly logfile done cleaning log files
29 http cache https://registry.npmjs.org/@dcloudio%2funi-mp-weixin 33ms (cache hit)
30 silly packumentCache full:https://registry.npmjs.org/@dcloudio%2funi-mp-weixin set size:12130907 disposed:false
31 silly fetch manifest vue@3.4.21
32 silly packumentCache full:https://registry.npmjs.org/vue cache-miss
33 http cache https://registry.npmjs.org/vue 18ms (cache hit)
34 silly packumentCache full:https://registry.npmjs.org/vue set size:2008300 disposed:false
35 silly fetch manifest typescript@*
36 silly packumentCache full:https://registry.npmjs.org/typescript cache-miss
37 http cache https://registry.npmjs.org/typescript 32ms (cache hit)
38 silly packumentCache full:https://registry.npmjs.org/typescript set size:15362277 disposed:false
39 silly fetch manifest @dcloudio/vite-plugin-uni@3.0.0-5000320260312001
40 silly packumentCache full:https://registry.npmjs.org/@dcloudio%2fvite-plugin-uni cache-miss
41 http cache https://registry.npmjs.org/@dcloudio%2fvite-plugin-uni 29ms (cache hit)
42 silly packumentCache full:https://registry.npmjs.org/@dcloudio%2fvite-plugin-uni set size:8113126 disposed:false
43 silly fetch manifest vite@5.2.8
44 silly packumentCache full:https://registry.npmjs.org/vite cache-miss
45 http cache https://registry.npmjs.org/vite 74ms (cache hit)
46 silly packumentCache full:https://registry.npmjs.org/vite set size:38751751 disposed:false
47 silly fetch manifest @types/node@^18.0.0 || >=20.0.0
48 silly packumentCache full:https://registry.npmjs.org/@types%2fnode cache-miss
49 http cache https://registry.npmjs.org/@types%2fnode 49ms (cache hit)
50 silly packumentCache full:https://registry.npmjs.org/@types%2fnode set size:10939971 disposed:false
51 silly fetch manifest less@*
52 silly packumentCache full:https://registry.npmjs.org/less cache-miss
53 http cache https://registry.npmjs.org/less 8ms (cache hit)
54 silly packumentCache full:https://registry.npmjs.org/less set size:461684 disposed:false
55 silly fetch manifest lightningcss@^1.21.0
56 silly packumentCache full:https://registry.npmjs.org/lightningcss cache-miss
57 http cache https://registry.npmjs.org/lightningcss 7ms (cache hit)
58 silly packumentCache full:https://registry.npmjs.org/lightningcss set size:186753 disposed:false
59 silly fetch manifest sass@*
60 silly packumentCache full:https://registry.npmjs.org/sass cache-miss
61 http cache https://registry.npmjs.org/sass 8ms (cache hit)
62 silly packumentCache full:https://registry.npmjs.org/sass set size:724154 disposed:false
63 silly fetch manifest stylus@*
64 silly packumentCache full:https://registry.npmjs.org/stylus cache-miss
65 http cache https://registry.npmjs.org/stylus 9ms (cache hit)
66 silly packumentCache full:https://registry.npmjs.org/stylus set size:286766 disposed:false
67 silly fetch manifest sugarss@*
68 silly packumentCache full:https://registry.npmjs.org/sugarss cache-miss
69 http cache https://registry.npmjs.org/sugarss 9ms (cache hit)
70 silly packumentCache full:https://registry.npmjs.org/sugarss set size:44975 disposed:false
71 silly fetch manifest postcss@^8.3.3
72 silly packumentCache full:https://registry.npmjs.org/postcss cache-miss
73 http cache https://registry.npmjs.org/postcss 8ms (cache hit)
74 silly packumentCache full:https://registry.npmjs.org/postcss set size:702266 disposed:false
75 silly fetch manifest terser@^5.4.0
76 silly packumentCache full:https://registry.npmjs.org/terser cache-miss
77 http cache https://registry.npmjs.org/terser 8ms (cache hit)
78 silly packumentCache full:https://registry.npmjs.org/terser set size:789927 disposed:false
79 silly fetch manifest @vue/tsconfig@^0.7.0
80 silly packumentCache full:https://registry.npmjs.org/@vue%2ftsconfig cache-miss
81 http fetch GET 200 https://registry.npmjs.org/@vue%2ftsconfig 1140ms (cache miss)
82 silly packumentCache full:https://registry.npmjs.org/@vue%2ftsconfig set size:undefined disposed:false
83 silly fetch manifest typescript@5.x
84 silly packumentCache full:https://registry.npmjs.org/typescript cache-miss
85 http cache https://registry.npmjs.org/typescript 33ms (cache hit)
86 silly packumentCache full:https://registry.npmjs.org/typescript set size:15362277 disposed:false
87 silly placeDep ROOT @dcloudio/types@3.4.28 OK for: yoom-app-frontend@1.0.0 want: 3.4.28
88 silly placeDep ROOT @dcloudio/uni-app@3.0.0-5000320260312001 OK for: yoom-app-frontend@1.0.0 want: 3.0.0-5000320260312001
89 silly placeDep ROOT @dcloudio/uni-h5@3.0.0-5000320260312001 OK for: yoom-app-frontend@1.0.0 want: 3.0.0-5000320260312001
90 silly placeDep ROOT @dcloudio/uni-mp-weixin@3.0.0-5000320260312001 OK for: yoom-app-frontend@1.0.0 want: 3.0.0-5000320260312001
91 silly placeDep ROOT @dcloudio/vite-plugin-uni@3.0.0-5000320260312001 OK for: yoom-app-frontend@1.0.0 want: 3.0.0-5000320260312001
92 silly placeDep ROOT vite@5.2.8 OK for: @dcloudio/vite-plugin-uni@3.0.0-5000320260312001 want: 5.2.8
93 silly placeDep ROOT @vue/tsconfig@0.7.0 OK for: yoom-app-frontend@1.0.0 want: ^0.7.0
94 silly placeDep ROOT vue@3.4.21 OK for: yoom-app-frontend@1.0.0 want: 3.4.21
95 silly fetch manifest @vue/shared@3.4.21
96 silly packumentCache full:https://registry.npmjs.org/@vue%2fshared cache-miss
97 silly fetch manifest @dcloudio/uni-i18n@3.0.0-5000320260312001
98 silly packumentCache full:https://registry.npmjs.org/@dcloudio%2funi-i18n cache-miss
99 silly fetch manifest @dcloudio/uni-push@3.0.0-5000320260312001
100 silly packumentCache full:https://registry.npmjs.org/@dcloudio%2funi-push cache-miss
101 silly fetch manifest @dcloudio/uni-stat@3.0.0-5000320260312001
102 silly packumentCache full:https://registry.npmjs.org/@dcloudio%2funi-stat cache-miss
103 silly fetch manifest @dcloudio/uni-cloud@3.0.0-5000320260312001
104 silly packumentCache full:https://registry.npmjs.org/@dcloudio%2funi-cloud cache-miss
105 http fetch GET 200 https://registry.npmjs.org/@vue%2fshared 847ms (cache miss)
106 silly packumentCache full:https://registry.npmjs.org/@vue%2fshared set size:undefined disposed:false
107 silly fetch manifest @dcloudio/uni-shared@3.0.0-5000320260312001
108 silly packumentCache full:https://registry.npmjs.org/@dcloudio%2funi-shared cache-miss
109 http fetch GET 200 https://registry.npmjs.org/@dcloudio%2funi-cloud 2508ms (cache miss)
110 silly packumentCache full:https://registry.npmjs.org/@dcloudio%2funi-cloud set size:undefined disposed:false
111 silly fetch manifest @dcloudio/uni-console@3.0.0-5000320260312001
112 silly packumentCache full:https://registry.npmjs.org/@dcloudio%2funi-console cache-miss
113 http fetch GET 200 https://registry.npmjs.org/@dcloudio%2funi-shared 1966ms (cache miss)
114 silly packumentCache full:https://registry.npmjs.org/@dcloudio%2funi-shared set size:undefined disposed:false
115 silly fetch manifest @dcloudio/uni-components@3.0.0-5000320260312001
116 silly packumentCache full:https://registry.npmjs.org/@dcloudio%2funi-components cache-miss
117 http fetch GET 200 https://registry.npmjs.org/@dcloudio%2funi-console 340ms (cache miss)
118 silly packumentCache full:https://registry.npmjs.org/@dcloudio%2funi-console set size:undefined disposed:false
119 silly fetch manifest debug@4.3.7
120 silly packumentCache full:https://registry.npmjs.org/debug cache-miss
121 http fetch GET 200 https://registry.npmjs.org/debug 384ms (cache miss)
122 silly packumentCache full:https://registry.npmjs.org/debug set size:undefined disposed:false
123 silly fetch manifest vue-router@4.4.4
124 silly packumentCache full:https://registry.npmjs.org/vue-router cache-miss
125 http fetch GET 200 https://registry.npmjs.org/@dcloudio%2funi-i18n 3565ms (cache miss)
126 silly packumentCache full:https://registry.npmjs.org/@dcloudio%2funi-i18n set size:undefined disposed:false
127 silly fetch manifest xmlhttprequest@^1.8.0
128 silly packumentCache full:https://registry.npmjs.org/xmlhttprequest cache-miss
129 http fetch GET 200 https://registry.npmjs.org/xmlhttprequest 183ms (cache miss)
130 silly packumentCache full:https://registry.npmjs.org/xmlhttprequest set size:undefined disposed:false
131 silly fetch manifest safe-area-insets@1.4.1
132 silly packumentCache full:https://registry.npmjs.org/safe-area-insets cache-miss
133 http fetch GET 200 https://registry.npmjs.org/vue-router 640ms (cache miss)
134 silly packumentCache full:https://registry.npmjs.org/vue-router set size:undefined disposed:false
135 silly fetch manifest @dcloudio/uni-h5-vue@3.0.0-5000320260312001
136 silly packumentCache full:https://registry.npmjs.org/@dcloudio%2funi-h5-vue cache-miss
137 http fetch GET 200 https://registry.npmjs.org/@dcloudio%2funi-push 4180ms (cache miss)
138 silly packumentCache full:https://registry.npmjs.org/@dcloudio%2funi-push set size:undefined disposed:false
139 silly fetch manifest @vue/server-renderer@3.4.21
140 silly packumentCache full:https://registry.npmjs.org/@vue%2fserver-renderer cache-miss
141 http fetch GET 200 https://registry.npmjs.org/safe-area-insets 422ms (cache miss)
142 silly packumentCache full:https://registry.npmjs.org/safe-area-insets set size:undefined disposed:false
143 silly fetch manifest @dcloudio/uni-h5-vite@3.0.0-5000320260312001
144 silly packumentCache full:https://registry.npmjs.org/@dcloudio%2funi-h5-vite cache-miss
145 http fetch GET 200 https://registry.npmjs.org/@dcloudio%2funi-stat 4209ms (cache miss)
146 silly packumentCache full:https://registry.npmjs.org/@dcloudio%2funi-stat set size:undefined disposed:false
147 silly fetch manifest localstorage-polyfill@^1.0.1
148 silly packumentCache full:https://registry.npmjs.org/localstorage-polyfill cache-miss
149 http fetch GET 200 https://registry.npmjs.org/localstorage-polyfill 177ms (cache miss)
150 silly packumentCache full:https://registry.npmjs.org/localstorage-polyfill set size:undefined disposed:false
151 silly fetch manifest postcss-selector-parser@6.1.2
152 silly packumentCache full:https://registry.npmjs.org/postcss-selector-parser cache-miss
153 http fetch GET 200 https://registry.npmjs.org/@dcloudio%2funi-components 1618ms (cache miss)
154 silly packumentCache full:https://registry.npmjs.org/@dcloudio%2funi-components set size:undefined disposed:false
155 silly fetch manifest ws@8.18.0
156 silly packumentCache full:https://registry.npmjs.org/ws cache-miss
157 http fetch GET 200 https://registry.npmjs.org/postcss-selector-parser 374ms (cache miss)
158 silly packumentCache full:https://registry.npmjs.org/postcss-selector-parser set size:undefined disposed:false
159 silly fetch manifest jimp@0.10.3
160 silly packumentCache full:https://registry.npmjs.org/jimp cache-miss
161 http fetch GET 200 https://registry.npmjs.org/@vue%2fserver-renderer 772ms (cache miss)
162 silly packumentCache full:https://registry.npmjs.org/@vue%2fserver-renderer set size:undefined disposed:false
163 silly fetch manifest licia@1.41.1
164 silly packumentCache full:https://registry.npmjs.org/licia cache-miss
165 http fetch GET 200 https://registry.npmjs.org/ws 600ms (cache miss)
166 silly packumentCache full:https://registry.npmjs.org/ws set size:undefined disposed:false
167 silly fetch manifest qrcode-reader@1.0.4
168 silly packumentCache full:https://registry.npmjs.org/qrcode-reader cache-miss
169 http fetch GET 200 https://registry.npmjs.org/@dcloudio%2funi-h5-vue 1415ms (cache miss)
170 silly packumentCache full:https://registry.npmjs.org/@dcloudio%2funi-h5-vue set size:undefined disposed:false
171 silly fetch manifest qrcode-terminal@0.12.0
172 silly packumentCache full:https://registry.npmjs.org/qrcode-terminal cache-miss
173 http fetch GET 200 https://registry.npmjs.org/qrcode-reader 354ms (cache miss)
174 silly packumentCache full:https://registry.npmjs.org/qrcode-reader set size:undefined disposed:false
175 silly fetch manifest @dcloudio/uni-mp-vue@3.0.0-5000320260312001
176 silly packumentCache full:https://registry.npmjs.org/@dcloudio%2funi-mp-vue cache-miss
177 http fetch GET 200 https://registry.npmjs.org/jimp 682ms (cache miss)
178 silly packumentCache full:https://registry.npmjs.org/jimp set size:undefined disposed:false
179 silly fetch manifest @dcloudio/uni-mp-vite@3.0.0-5000320260312001
180 silly packumentCache full:https://registry.npmjs.org/@dcloudio%2funi-mp-vite cache-miss
181 http fetch GET 200 https://registry.npmjs.org/qrcode-terminal 344ms (cache miss)
182 silly packumentCache full:https://registry.npmjs.org/qrcode-terminal set size:undefined disposed:false
183 silly fetch manifest @dcloudio/uni-cli-shared@3.0.0-5000320260312001
184 silly packumentCache full:https://registry.npmjs.org/@dcloudio%2funi-cli-shared cache-miss
185 http fetch GET 200 https://registry.npmjs.org/licia 734ms (cache miss)
186 silly packumentCache full:https://registry.npmjs.org/licia set size:undefined disposed:false
187 silly fetch manifest @dcloudio/uni-mp-compiler@3.0.0-5000320260312001
188 silly packumentCache full:https://registry.npmjs.org/@dcloudio%2funi-mp-compiler cache-miss
189 http fetch GET 200 https://registry.npmjs.org/@dcloudio%2funi-h5-vite 2409ms (cache miss)
190 silly packumentCache full:https://registry.npmjs.org/@dcloudio%2funi-h5-vite set size:undefined disposed:false
191 silly fetch manifest @babel/core@7.25.2
192 silly packumentCache full:https://registry.npmjs.org/@babel%2fcore cache-miss
193 http fetch GET 200 https://registry.npmjs.org/@dcloudio%2funi-mp-vite 1201ms (cache miss)
194 silly packumentCache full:https://registry.npmjs.org/@dcloudio%2funi-mp-vite set size:undefined disposed:false
195 silly fetch manifest @babel/plugin-syntax-import-meta@^7.10.4
196 silly packumentCache full:https://registry.npmjs.org/@babel%2fplugin-syntax-import-meta cache-miss
197 http fetch GET 200 https://registry.npmjs.org/@dcloudio%2funi-mp-compiler 1128ms (cache miss)
198 silly packumentCache full:https://registry.npmjs.org/@dcloudio%2funi-mp-compiler set size:undefined disposed:false
199 silly fetch manifest @babel/plugin-transform-typescript@^7.23.3
200 silly packumentCache full:https://registry.npmjs.org/@babel%2fplugin-transform-typescript cache-miss
201 http fetch GET 200 https://registry.npmjs.org/@babel%2fplugin-syntax-import-meta 213ms (cache miss)
202 silly packumentCache full:https://registry.npmjs.org/@babel%2fplugin-syntax-import-meta set size:undefined disposed:false
203 silly fetch manifest @rollup/pluginutils@5.1.0
204 silly packumentCache full:https://registry.npmjs.org/@rollup%2fpluginutils cache-miss
205 http fetch GET 200 https://registry.npmjs.org/@rollup%2fpluginutils 436ms (cache miss)
206 silly packumentCache full:https://registry.npmjs.org/@rollup%2fpluginutils set size:undefined disposed:false
207 silly fetch manifest @vitejs/plugin-legacy@5.3.2
208 silly packumentCache full:https://registry.npmjs.org/@vitejs%2fplugin-legacy cache-miss
209 http fetch GET 200 https://registry.npmjs.org/@babel%2fplugin-transform-typescript 569ms (cache miss)
210 silly packumentCache full:https://registry.npmjs.org/@babel%2fplugin-transform-typescript set size:undefined disposed:false
211 silly fetch manifest @vitejs/plugin-vue@5.2.4
212 silly packumentCache full:https://registry.npmjs.org/@vitejs%2fplugin-vue cache-miss
213 http fetch GET 200 https://registry.npmjs.org/@babel%2fcore 832ms (cache miss)
214 silly packumentCache full:https://registry.npmjs.org/@babel%2fcore set size:undefined disposed:false
215 silly fetch manifest @vitejs/plugin-vue-jsx@3.1.0
216 silly packumentCache full:https://registry.npmjs.org/@vitejs%2fplugin-vue-jsx cache-miss
217 http fetch GET 200 https://registry.npmjs.org/@vitejs%2fplugin-legacy 474ms (cache miss)
218 silly packumentCache full:https://registry.npmjs.org/@vitejs%2fplugin-legacy set size:undefined disposed:false
219 silly fetch manifest @vue/compiler-core@3.4.21
220 silly packumentCache full:https://registry.npmjs.org/@vue%2fcompiler-core cache-miss
221 http fetch GET 200 https://registry.npmjs.org/@vitejs%2fplugin-vue 507ms (cache miss)
222 silly packumentCache full:https://registry.npmjs.org/@vitejs%2fplugin-vue set size:undefined disposed:false
223 silly fetch manifest @vue/compiler-dom@3.4.21
224 silly packumentCache full:https://registry.npmjs.org/@vue%2fcompiler-dom cache-miss
225 http fetch GET 200 https://registry.npmjs.org/@vitejs%2fplugin-vue-jsx 998ms (cache miss)
226 silly packumentCache full:https://registry.npmjs.org/@vitejs%2fplugin-vue-jsx set size:undefined disposed:false
227 silly fetch manifest @vue/compiler-sfc@3.4.21
228 silly packumentCache full:https://registry.npmjs.org/@vue%2fcompiler-sfc cache-miss
229 http fetch GET 200 https://registry.npmjs.org/@vue%2fcompiler-core 687ms (cache miss)
230 silly packumentCache full:https://registry.npmjs.org/@vue%2fcompiler-core set size:undefined disposed:false
231 silly fetch manifest cac@6.7.9
232 silly packumentCache full:https://registry.npmjs.org/cac cache-miss
233 http fetch GET 200 https://registry.npmjs.org/@vue%2fcompiler-dom 630ms (cache miss)
234 silly packumentCache full:https://registry.npmjs.org/@vue%2fcompiler-dom set size:undefined disposed:false
235 silly fetch manifest estree-walker@2.0.2
236 silly packumentCache full:https://registry.npmjs.org/estree-walker cache-miss
237 http fetch GET 200 https://registry.npmjs.org/@dcloudio%2funi-mp-vue 3140ms (cache miss)
238 silly packumentCache full:https://registry.npmjs.org/@dcloudio%2funi-mp-vue set size:undefined disposed:false
239 silly fetch manifest express@4.20.0
240 silly packumentCache full:https://registry.npmjs.org/express cache-miss
241 http fetch GET 200 https://registry.npmjs.org/estree-walker 205ms (cache miss)
242 silly packumentCache full:https://registry.npmjs.org/estree-walker set size:undefined disposed:false
243 silly fetch manifest fast-glob@3.3.3
244 silly packumentCache full:https://registry.npmjs.org/fast-glob cache-miss
245 http fetch GET 200 https://registry.npmjs.org/cac 420ms (cache miss)
246 silly packumentCache full:https://registry.npmjs.org/cac set size:undefined disposed:false
247 silly fetch manifest fs-extra@10.1.0
248 silly packumentCache full:https://registry.npmjs.org/fs-extra cache-miss
249 http fetch GET 200 https://registry.npmjs.org/@dcloudio%2funi-cli-shared 3470ms (cache miss)
250 silly packumentCache full:https://registry.npmjs.org/@dcloudio%2funi-cli-shared set size:undefined disposed:false
251 silly fetch manifest hash-sum@2.0.0
252 silly packumentCache full:https://registry.npmjs.org/hash-sum cache-miss
253 http fetch GET 200 https://registry.npmjs.org/express 632ms (cache miss)
254 silly packumentCache full:https://registry.npmjs.org/express set size:undefined disposed:false
255 silly fetch manifest jsonc-parser@3.3.1
256 silly packumentCache full:https://registry.npmjs.org/jsonc-parser cache-miss
257 http fetch GET 200 https://registry.npmjs.org/hash-sum 171ms (cache miss)
258 silly packumentCache full:https://registry.npmjs.org/hash-sum set size:undefined disposed:false
259 silly fetch manifest magic-string@0.30.11
260 silly packumentCache full:https://registry.npmjs.org/magic-string cache-miss
261 http fetch GET 200 https://registry.npmjs.org/jsonc-parser 377ms (cache miss)
262 silly packumentCache full:https://registry.npmjs.org/jsonc-parser set size:undefined disposed:false
263 silly fetch manifest picocolors@1.1.0
264 silly packumentCache full:https://registry.npmjs.org/picocolors cache-miss
265 http fetch GET 200 https://registry.npmjs.org/fast-glob 887ms (cache miss)
266 silly packumentCache full:https://registry.npmjs.org/fast-glob set size:undefined disposed:false
267 silly fetch manifest unplugin-auto-import@19.1.0
268 silly packumentCache full:https://registry.npmjs.org/unplugin-auto-import cache-miss
269 http fetch GET 200 https://registry.npmjs.org/@vue%2fcompiler-sfc 1211ms (cache miss)
270 silly packumentCache full:https://registry.npmjs.org/@vue%2fcompiler-sfc set size:undefined disposed:false
271 silly fetch manifest @dcloudio/uni-nvue-styler@3.0.0-5000320260312001
272 silly packumentCache full:https://registry.npmjs.org/@dcloudio%2funi-nvue-styler cache-miss
273 http fetch GET 200 https://registry.npmjs.org/picocolors 380ms (cache miss)
274 silly packumentCache full:https://registry.npmjs.org/picocolors set size:undefined disposed:false
275 silly fetch manifest rollup@^4.13.0
276 silly packumentCache full:https://registry.npmjs.org/rollup cache-miss
277 http fetch GET 200 https://registry.npmjs.org/fs-extra 1057ms (cache miss)
278 silly packumentCache full:https://registry.npmjs.org/fs-extra set size:undefined disposed:false
279 silly fetch manifest esbuild@^0.20.1
280 silly packumentCache full:https://registry.npmjs.org/esbuild cache-miss
281 http fetch GET 200 https://registry.npmjs.org/unplugin-auto-import 527ms (cache miss)
282 silly packumentCache full:https://registry.npmjs.org/unplugin-auto-import set size:undefined disposed:false
283 silly fetch manifest postcss@^8.4.38
284 silly packumentCache full:https://registry.npmjs.org/postcss cache-hit
285 silly fetch manifest fsevents@~2.3.3
286 silly packumentCache full:https://registry.npmjs.org/fsevents cache-miss
287 http fetch GET 200 https://registry.npmjs.org/magic-string 915ms (cache miss)
288 silly packumentCache full:https://registry.npmjs.org/magic-string set size:undefined disposed:false
289 silly fetch manifest @vue/runtime-dom@3.4.21
290 silly packumentCache full:https://registry.npmjs.org/@vue%2fruntime-dom cache-miss
291 http fetch GET 200 https://registry.npmjs.org/fsevents 372ms (cache miss)
292 silly packumentCache full:https://registry.npmjs.org/fsevents set size:undefined disposed:false
293 http fetch GET 200 https://registry.npmjs.org/@vue%2fruntime-dom 603ms (cache miss)
294 silly packumentCache full:https://registry.npmjs.org/@vue%2fruntime-dom set size:undefined disposed:false
295 http fetch GET 200 https://registry.npmjs.org/esbuild 1051ms (cache miss)
296 silly packumentCache full:https://registry.npmjs.org/esbuild set size:undefined disposed:false
297 http fetch GET 200 https://registry.npmjs.org/@dcloudio%2funi-nvue-styler 1753ms (cache miss)
298 silly packumentCache full:https://registry.npmjs.org/@dcloudio%2funi-nvue-styler set size:undefined disposed:false
299 http fetch GET 200 https://registry.npmjs.org/rollup 1725ms (cache miss)
300 silly packumentCache full:https://registry.npmjs.org/rollup set size:undefined disposed:false
301 silly placeDep ROOT @dcloudio/uni-cloud@3.0.0-5000320260312001 OK for: @dcloudio/uni-app@3.0.0-5000320260312001 want: 3.0.0-5000320260312001
302 silly placeDep ROOT @dcloudio/uni-components@3.0.0-5000320260312001 OK for: @dcloudio/uni-app@3.0.0-5000320260312001 want: 3.0.0-5000320260312001
303 silly placeDep ROOT @dcloudio/uni-console@3.0.0-5000320260312001 OK for: @dcloudio/uni-app@3.0.0-5000320260312001 want: 3.0.0-5000320260312001
304 silly placeDep ROOT @dcloudio/uni-i18n@3.0.0-5000320260312001 OK for: @dcloudio/uni-app@3.0.0-5000320260312001 want: 3.0.0-5000320260312001
305 silly placeDep ROOT @dcloudio/uni-push@3.0.0-5000320260312001 OK for: @dcloudio/uni-app@3.0.0-5000320260312001 want: 3.0.0-5000320260312001
306 silly placeDep ROOT @dcloudio/uni-shared@3.0.0-5000320260312001 OK for: @dcloudio/uni-app@3.0.0-5000320260312001 want: 3.0.0-5000320260312001
307 silly placeDep ROOT @dcloudio/uni-stat@3.0.0-5000320260312001 OK for: @dcloudio/uni-app@3.0.0-5000320260312001 want: 3.0.0-5000320260312001
308 silly placeDep ROOT @vue/shared@3.4.21 OK for: @dcloudio/uni-app@3.0.0-5000320260312001 want: 3.4.21
309 silly placeDep ROOT @dcloudio/uni-cli-shared@3.0.0-5000320260312001 OK for: @dcloudio/uni-cloud@3.0.0-5000320260312001 want: 3.0.0-5000320260312001
310 silly placeDep ROOT fast-glob@3.3.3 OK for: @dcloudio/uni-cloud@3.0.0-5000320260312001 want: 3.3.3
311 silly fetch manifest mime@3.0.0
312 silly packumentCache full:https://registry.npmjs.org/mime cache-miss
313 silly fetch manifest merge@2.1.1
314 silly packumentCache full:https://registry.npmjs.org/merge cache-miss
315 silly fetch manifest adm-zip@0.5.16
316 silly packumentCache full:https://registry.npmjs.org/adm-zip cache-miss
317 silly fetch manifest esbuild@0.20.2
318 silly packumentCache full:https://registry.npmjs.org/esbuild cache-miss
319 silly fetch manifest resolve@1.22.8
320 silly packumentCache full:https://registry.npmjs.org/resolve cache-miss
321 http cache https://registry.npmjs.org/esbuild 23ms (cache hit)
322 silly packumentCache full:https://registry.npmjs.org/esbuild set size:1244751 disposed:false
323 silly fetch manifest tapable@^2.2.0
324 silly packumentCache full:https://registry.npmjs.org/tapable cache-miss
325 http fetch GET 200 https://registry.npmjs.org/adm-zip 363ms (cache miss)
326 silly packumentCache full:https://registry.npmjs.org/adm-zip set size:undefined disposed:false
327 silly fetch manifest xregexp@5.1.2
328 silly packumentCache full:https://registry.npmjs.org/xregexp cache-miss
329 http fetch GET 200 https://registry.npmjs.org/mime 397ms (cache miss)
330 silly packumentCache full:https://registry.npmjs.org/mime set size:undefined disposed:false
331 silly fetch manifest chokidar@3.6.0
332 silly packumentCache full:https://registry.npmjs.org/chokidar cache-miss
333 http fetch GET 200 https://registry.npmjs.org/tapable 372ms (cache miss)
334 silly packumentCache full:https://registry.npmjs.org/tapable set size:undefined disposed:false
335 silly fetch manifest entities@^7.0.0
336 silly packumentCache full:https://registry.npmjs.org/entities cache-miss
337 http fetch GET 200 https://registry.npmjs.org/resolve 513ms (cache miss)
338 silly packumentCache full:https://registry.npmjs.org/resolve set size:undefined disposed:false
339 silly fetch manifest unimport@4.1.1
340 silly packumentCache full:https://registry.npmjs.org/unimport cache-miss
341 http fetch GET 200 https://registry.npmjs.org/merge 535ms (cache miss)
342 silly packumentCache full:https://registry.npmjs.org/merge set size:undefined disposed:false
343 silly fetch manifest base64url@^3.0.1
344 silly packumentCache full:https://registry.npmjs.org/base64url cache-miss
345 http fetch GET 200 https://registry.npmjs.org/xregexp 378ms (cache miss)
346 silly packumentCache full:https://registry.npmjs.org/xregexp set size:undefined disposed:false
347 silly fetch manifest tinycolor2@1.6.0
348 silly packumentCache full:https://registry.npmjs.org/tinycolor2 cache-miss
349 http fetch GET 200 https://registry.npmjs.org/entities 386ms (cache miss)
350 silly packumentCache full:https://registry.npmjs.org/entities set size:undefined disposed:false
351 silly fetch manifest @babel/types@7.25.6
352 silly packumentCache full:https://registry.npmjs.org/@babel%2ftypes cache-miss
353 http fetch GET 200 https://registry.npmjs.org/chokidar 648ms (cache miss)
354 silly packumentCache full:https://registry.npmjs.org/chokidar set size:undefined disposed:false
355 silly fetch manifest autoprefixer@10.4.20
356 silly packumentCache full:https://registry.npmjs.org/autoprefixer cache-miss
357 http fetch GET 200 https://registry.npmjs.org/base64url 520ms (cache miss)
358 silly packumentCache full:https://registry.npmjs.org/base64url set size:undefined disposed:false
359 silly fetch manifest isbinaryfile@5.0.2
360 silly packumentCache full:https://registry.npmjs.org/isbinaryfile cache-miss
361 http fetch GET 200 https://registry.npmjs.org/tinycolor2 384ms (cache miss)
362 silly packumentCache full:https://registry.npmjs.org/tinycolor2 set size:undefined disposed:false
363 silly fetch manifest module-alias@2.2.3
364 silly packumentCache full:https://registry.npmjs.org/module-alias cache-miss
365 http fetch GET 200 https://registry.npmjs.org/module-alias 196ms (cache miss)
366 silly packumentCache full:https://registry.npmjs.org/module-alias set size:undefined disposed:false
367 silly fetch manifest @babel/parser@7.25.6
368 silly packumentCache full:https://registry.npmjs.org/@babel%2fparser cache-miss
369 http fetch GET 200 https://registry.npmjs.org/@babel%2ftypes 647ms (cache miss)
370 silly packumentCache full:https://registry.npmjs.org/@babel%2ftypes set size:undefined disposed:false
371 silly fetch manifest source-map-js@1.2.1
372 silly packumentCache full:https://registry.npmjs.org/source-map-js cache-miss
373 http fetch GET 200 https://registry.npmjs.org/isbinaryfile 418ms (cache miss)
374 silly packumentCache full:https://registry.npmjs.org/isbinaryfile set size:undefined disposed:false
375 silly fetch manifest postcss-import@^14.0.2
376 silly packumentCache full:https://registry.npmjs.org/postcss-import cache-miss
377 http fetch GET 200 https://registry.npmjs.org/autoprefixer 578ms (cache miss)
378 silly packumentCache full:https://registry.npmjs.org/autoprefixer set size:undefined disposed:false
379 silly fetch manifest @intlify/shared@9.1.9
380 silly packumentCache full:https://registry.npmjs.org/@intlify%2fshared cache-miss
381 http fetch GET 200 https://registry.npmjs.org/unimport 1262ms (cache miss)
382 silly packumentCache full:https://registry.npmjs.org/unimport set size:undefined disposed:false
383 silly fetch manifest es-module-lexer@1.5.4
384 silly packumentCache full:https://registry.npmjs.org/es-module-lexer cache-miss
385 http fetch GET 200 https://registry.npmjs.org/postcss-import 369ms (cache miss)
386 silly packumentCache full:https://registry.npmjs.org/postcss-import set size:undefined disposed:false
387 silly fetch manifest os-locale-s-fix@^1.0.8-fix-1
388 silly packumentCache full:https://registry.npmjs.org/os-locale-s-fix cache-miss
389 http fetch GET 200 https://registry.npmjs.org/@babel%2fparser 594ms (cache miss)
390 silly packumentCache full:https://registry.npmjs.org/@babel%2fparser set size:undefined disposed:false
391 silly fetch manifest postcss-modules@^4.3.0
392 silly packumentCache full:https://registry.npmjs.org/postcss-modules cache-miss
393 http fetch GET 200 https://registry.npmjs.org/source-map-js 504ms (cache miss)
394 silly packumentCache full:https://registry.npmjs.org/source-map-js set size:undefined disposed:false
395 silly fetch manifest compare-versions@^3.6.0
396 silly packumentCache full:https://registry.npmjs.org/compare-versions cache-miss
397 http fetch GET 200 https://registry.npmjs.org/os-locale-s-fix 413ms (cache miss)
398 silly packumentCache full:https://registry.npmjs.org/os-locale-s-fix set size:undefined disposed:false
399 silly fetch manifest @babel/code-frame@7.24.7
400 silly packumentCache full:https://registry.npmjs.org/@babel%2fcode-frame cache-miss
401 http fetch GET 200 https://registry.npmjs.org/@intlify%2fshared 626ms (cache miss)
402 silly packumentCache full:https://registry.npmjs.org/@intlify%2fshared set size:undefined disposed:false
403 silly fetch manifest @vue/compiler-ssr@3.4.21
404 silly packumentCache full:https://registry.npmjs.org/@vue%2fcompiler-ssr cache-miss
405 http fetch GET 200 https://registry.npmjs.org/postcss-modules 397ms (cache miss)
406 silly packumentCache full:https://registry.npmjs.org/postcss-modules set size:undefined disposed:false
407 silly fetch manifest lines-and-columns@^2.0.4
408 silly packumentCache full:https://registry.npmjs.org/lines-and-columns cache-miss
409 http fetch GET 200 https://registry.npmjs.org/compare-versions 660ms (cache miss)
410 silly packumentCache full:https://registry.npmjs.org/compare-versions set size:undefined disposed:false
411 silly fetch manifest @intlify/core-base@9.1.9
412 silly packumentCache full:https://registry.npmjs.org/@intlify%2fcore-base cache-miss
413 http fetch GET 200 https://registry.npmjs.org/lines-and-columns 369ms (cache miss)
414 silly packumentCache full:https://registry.npmjs.org/lines-and-columns set size:undefined disposed:false
415 silly fetch manifest postcss-load-config@^3.1.1
416 silly packumentCache full:https://registry.npmjs.org/postcss-load-config cache-miss
417 http fetch GET 200 https://registry.npmjs.org/es-module-lexer 942ms (cache miss)
418 silly packumentCache full:https://registry.npmjs.org/es-module-lexer set size:undefined disposed:false
419 silly fetch manifest @ampproject/remapping@^2.1.2
420 silly packumentCache full:https://registry.npmjs.org/@ampproject%2fremapping cache-miss
421 http fetch GET 200 https://registry.npmjs.org/postcss-load-config 210ms (cache miss)
422 silly packumentCache full:https://registry.npmjs.org/postcss-load-config set size:undefined disposed:false
423 silly fetch manifest @intlify/vue-devtools@9.1.9
424 silly packumentCache full:https://registry.npmjs.org/@intlify%2fvue-devtools cache-miss
425 http fetch GET 200 https://registry.npmjs.org/@vue%2fcompiler-ssr 790ms (cache miss)
426 silly packumentCache full:https://registry.npmjs.org/@vue%2fcompiler-ssr set size:undefined disposed:false
427 silly fetch manifest @nodelib/fs.stat@^2.0.2
428 silly packumentCache full:https://registry.npmjs.org/@nodelib%2ffs.stat cache-miss
429 http fetch GET 200 https://registry.npmjs.org/@ampproject%2fremapping 383ms (cache miss)
430 silly packumentCache full:https://registry.npmjs.org/@ampproject%2fremapping set size:undefined disposed:false
431 silly fetch manifest @nodelib/fs.walk@^1.2.3
432 silly packumentCache full:https://registry.npmjs.org/@nodelib%2ffs.walk cache-miss
433 http fetch GET 200 https://registry.npmjs.org/@babel%2fcode-frame 1049ms (cache miss)
434 silly packumentCache full:https://registry.npmjs.org/@babel%2fcode-frame set size:undefined disposed:false
435 silly fetch manifest glob-parent@^5.1.2
436 silly packumentCache full:https://registry.npmjs.org/glob-parent cache-miss
437 http fetch GET 200 https://registry.npmjs.org/@nodelib%2ffs.stat 377ms (cache miss)
438 silly packumentCache full:https://registry.npmjs.org/@nodelib%2ffs.stat set size:undefined disposed:false
439 silly fetch manifest merge2@^1.3.0
440 silly packumentCache full:https://registry.npmjs.org/merge2 cache-miss
441 http fetch GET 200 https://registry.npmjs.org/@intlify%2fvue-devtools 567ms (cache miss)
442 silly packumentCache full:https://registry.npmjs.org/@intlify%2fvue-devtools set size:undefined disposed:false
443 silly fetch manifest micromatch@^4.0.8
444 silly packumentCache full:https://registry.npmjs.org/micromatch cache-miss
445 http fetch GET 200 https://registry.npmjs.org/@intlify%2fcore-base 891ms (cache miss)
446 silly packumentCache full:https://registry.npmjs.org/@intlify%2fcore-base set size:undefined disposed:false
447 http fetch GET 200 https://registry.npmjs.org/@nodelib%2ffs.walk 677ms (cache miss)
448 silly packumentCache full:https://registry.npmjs.org/@nodelib%2ffs.walk set size:undefined disposed:false
449 http fetch GET 200 https://registry.npmjs.org/merge2 355ms (cache miss)
450 silly packumentCache full:https://registry.npmjs.org/merge2 set size:undefined disposed:false
451 http fetch GET 200 https://registry.npmjs.org/glob-parent 482ms (cache miss)
452 silly packumentCache full:https://registry.npmjs.org/glob-parent set size:undefined disposed:false
453 http fetch GET 200 https://registry.npmjs.org/micromatch 398ms (cache miss)
454 silly packumentCache full:https://registry.npmjs.org/micromatch set size:undefined disposed:false
455 silly fetch manifest postcss@^8.1.0
456 silly packumentCache full:https://registry.npmjs.org/postcss cache-hit
457 silly fetch manifest postcss@^8.0.0
458 silly packumentCache full:https://registry.npmjs.org/postcss cache-hit
459 silly fetch manifest rollup@^1.20.0||^2.0.0||^3.0.0||^4.0.0
460 silly packumentCache full:https://registry.npmjs.org/rollup cache-miss
461 http cache https://registry.npmjs.org/rollup 17ms (cache hit)
462 silly packumentCache full:https://registry.npmjs.org/rollup set size:6122682 disposed:false
463 silly fetch manifest postcss@>=8.0.9
464 silly packumentCache full:https://registry.npmjs.org/postcss cache-hit
465 silly fetch manifest ts-node@>=9.0.0
466 silly packumentCache full:https://registry.npmjs.org/ts-node cache-miss
467 http fetch GET 200 https://registry.npmjs.org/ts-node 1071ms (cache miss)
468 silly packumentCache full:https://registry.npmjs.org/ts-node set size:undefined disposed:false
469 silly fetch manifest @swc/core@>=1.2.50
470 silly packumentCache full:https://registry.npmjs.org/@swc%2fcore cache-miss
471 http fetch GET 200 https://registry.npmjs.org/@swc%2fcore 3629ms (cache miss)
472 silly packumentCache full:https://registry.npmjs.org/@swc%2fcore set size:undefined disposed:false
473 silly fetch manifest @swc/helpers@>=0.5.17
474 silly packumentCache full:https://registry.npmjs.org/@swc%2fhelpers cache-miss
475 http fetch GET 200 https://registry.npmjs.org/@swc%2fhelpers 454ms (cache miss)
476 silly packumentCache full:https://registry.npmjs.org/@swc%2fhelpers set size:undefined disposed:false
477 silly fetch manifest @swc/wasm@>=1.2.50
478 silly packumentCache full:https://registry.npmjs.org/@swc%2fwasm cache-miss
479 http fetch GET 200 https://registry.npmjs.org/@swc%2fwasm 4058ms (cache miss)
480 silly packumentCache full:https://registry.npmjs.org/@swc%2fwasm set size:undefined disposed:false
481 silly fetch manifest @types/node@*
482 silly packumentCache full:https://registry.npmjs.org/@types%2fnode cache-miss
483 http cache https://registry.npmjs.org/@types%2fnode 26ms (cache hit)
484 silly packumentCache full:https://registry.npmjs.org/@types%2fnode set size:10939971 disposed:false
485 silly fetch manifest typescript@>=2.7
486 silly packumentCache full:https://registry.npmjs.org/typescript cache-miss
487 http fetch GET 200 https://registry.npmjs.org/typescript 4387ms (cache updated)
488 silly packumentCache full:https://registry.npmjs.org/typescript set size:undefined disposed:false
489 silly fetch manifest @nuxt/kit@^3.2.2
490 silly packumentCache full:https://registry.npmjs.org/@nuxt%2fkit cache-miss
491 http fetch GET 200 https://registry.npmjs.org/@nuxt%2fkit 648ms (cache miss)
492 silly packumentCache full:https://registry.npmjs.org/@nuxt%2fkit set size:undefined disposed:false
493 silly fetch manifest @vueuse/core@*
494 silly packumentCache full:https://registry.npmjs.org/@vueuse%2fcore cache-miss
495 http fetch GET 200 https://registry.npmjs.org/@vueuse%2fcore 1948ms (cache miss)
496 silly packumentCache full:https://registry.npmjs.org/@vueuse%2fcore set size:undefined disposed:false
497 silly fetch manifest vue@^3.5.0
498 silly packumentCache full:https://registry.npmjs.org/vue cache-miss
499 http fetch GET 200 https://registry.npmjs.org/vue 199ms (cache revalidated)
500 silly packumentCache full:https://registry.npmjs.org/vue set size:2008300 disposed:false
501 silly placeDep ROOT @ampproject/remapping@2.3.0 OK for: @dcloudio/uni-cli-shared@3.0.0-5000320260312001 want: ^2.1.2
502 silly placeDep ROOT @babel/code-frame@7.24.7 OK for: @dcloudio/uni-cli-shared@3.0.0-5000320260312001 want: 7.24.7
503 silly placeDep ROOT @babel/core@7.25.2 OK for: @dcloudio/uni-cli-shared@3.0.0-5000320260312001 want: 7.25.2
504 silly placeDep ROOT @babel/parser@7.25.6 OK for: @dcloudio/uni-cli-shared@3.0.0-5000320260312001 want: 7.25.6
505 silly placeDep ROOT @babel/types@7.25.6 OK for: @dcloudio/uni-cli-shared@3.0.0-5000320260312001 want: 7.25.6
506 silly placeDep ROOT @dcloudio/uni-nvue-styler@3.0.0-5000320260312001 OK for: @dcloudio/uni-cli-shared@3.0.0-5000320260312001 want: 3.0.0-5000320260312001
507 silly placeDep ROOT @intlify/core-base@9.1.9 OK for: @dcloudio/uni-cli-shared@3.0.0-5000320260312001 want: 9.1.9
508 silly placeDep ROOT @intlify/shared@9.1.9 OK for: @dcloudio/uni-cli-shared@3.0.0-5000320260312001 want: 9.1.9
509 silly placeDep ROOT @intlify/vue-devtools@9.1.9 OK for: @dcloudio/uni-cli-shared@3.0.0-5000320260312001 want: 9.1.9
510 silly placeDep ROOT @rollup/pluginutils@5.1.0 OK for: @dcloudio/uni-cli-shared@3.0.0-5000320260312001 want: 5.1.0
511 silly placeDep ROOT @vue/compiler-core@3.4.21 OK for: @dcloudio/uni-cli-shared@3.0.0-5000320260312001 want: 3.4.21
512 silly placeDep ROOT @vue/compiler-dom@3.4.21 OK for: @dcloudio/uni-cli-shared@3.0.0-5000320260312001 want: 3.4.21
513 silly placeDep ROOT @vue/compiler-sfc@3.4.21 OK for: @dcloudio/uni-cli-shared@3.0.0-5000320260312001 want: 3.4.21
514 silly placeDep ROOT @vue/compiler-ssr@3.4.21 OK for: @dcloudio/uni-cli-shared@3.0.0-5000320260312001 want: 3.4.21
515 silly placeDep ROOT @vue/server-renderer@3.4.21 OK for: @dcloudio/uni-cli-shared@3.0.0-5000320260312001 want: 3.4.21
516 silly placeDep ROOT adm-zip@0.5.16 OK for: @dcloudio/uni-cli-shared@3.0.0-5000320260312001 want: 0.5.16
517 silly placeDep ROOT autoprefixer@10.4.20 OK for: @dcloudio/uni-cli-shared@3.0.0-5000320260312001 want: 10.4.20
518 silly placeDep ROOT postcss@8.5.8 OK for: autoprefixer@10.4.20 want: ^8.1.0
519 silly placeDep ROOT base64url@3.0.1 OK for: @dcloudio/uni-cli-shared@3.0.0-5000320260312001 want: ^3.0.1
520 silly placeDep ROOT chokidar@3.6.0 OK for: @dcloudio/uni-cli-shared@3.0.0-5000320260312001 want: 3.6.0
521 silly placeDep ROOT compare-versions@3.6.0 OK for: @dcloudio/uni-cli-shared@3.0.0-5000320260312001 want: ^3.6.0
522 silly placeDep ROOT debug@4.3.7 OK for: @dcloudio/uni-cli-shared@3.0.0-5000320260312001 want: 4.3.7
523 silly placeDep ROOT entities@7.0.1 OK for: @dcloudio/uni-cli-shared@3.0.0-5000320260312001 want: ^7.0.0
524 silly placeDep ROOT es-module-lexer@1.5.4 OK for: @dcloudio/uni-cli-shared@3.0.0-5000320260312001 want: 1.5.4
525 silly placeDep ROOT esbuild@0.20.2 OK for: @dcloudio/uni-cli-shared@3.0.0-5000320260312001 want: 0.20.2
526 silly placeDep ROOT estree-walker@2.0.2 OK for: @dcloudio/uni-cli-shared@3.0.0-5000320260312001 want: 2.0.2
527 silly placeDep ROOT fs-extra@10.1.0 OK for: @dcloudio/uni-cli-shared@3.0.0-5000320260312001 want: 10.1.0
528 silly placeDep ROOT hash-sum@2.0.0 OK for: @dcloudio/uni-cli-shared@3.0.0-5000320260312001 want: 2.0.0
529 silly placeDep ROOT isbinaryfile@5.0.2 OK for: @dcloudio/uni-cli-shared@3.0.0-5000320260312001 want: 5.0.2
530 silly placeDep ROOT jsonc-parser@3.3.1 OK for: @dcloudio/uni-cli-shared@3.0.0-5000320260312001 want: 3.3.1
531 silly placeDep ROOT lines-and-columns@2.0.4 OK for: @dcloudio/uni-cli-shared@3.0.0-5000320260312001 want: ^2.0.4
532 silly placeDep ROOT magic-string@0.30.11 OK for: @dcloudio/uni-cli-shared@3.0.0-5000320260312001 want: 0.30.11
533 silly placeDep ROOT merge@2.1.1 OK for: @dcloudio/uni-cli-shared@3.0.0-5000320260312001 want: 2.1.1
534 silly placeDep ROOT mime@3.0.0 OK for: @dcloudio/uni-cli-shared@3.0.0-5000320260312001 want: 3.0.0
535 silly placeDep ROOT module-alias@2.2.3 OK for: @dcloudio/uni-cli-shared@3.0.0-5000320260312001 want: 2.2.3
536 silly placeDep ROOT os-locale-s-fix@1.0.8-fix-1 OK for: @dcloudio/uni-cli-shared@3.0.0-5000320260312001 want: ^1.0.8-fix-1
537 silly placeDep ROOT picocolors@1.1.0 OK for: @dcloudio/uni-cli-shared@3.0.0-5000320260312001 want: 1.1.0
538 silly placeDep ROOT postcss-import@14.1.0 OK for: @dcloudio/uni-cli-shared@3.0.0-5000320260312001 want: ^14.0.2
539 silly placeDep ROOT postcss-load-config@3.1.4 OK for: @dcloudio/uni-cli-shared@3.0.0-5000320260312001 want: ^3.1.1
540 silly placeDep ROOT postcss-modules@4.3.1 OK for: @dcloudio/uni-cli-shared@3.0.0-5000320260312001 want: ^4.3.0
541 silly placeDep ROOT postcss-selector-parser@6.1.2 OK for: @dcloudio/uni-cli-shared@3.0.0-5000320260312001 want: 6.1.2
542 silly placeDep ROOT resolve@1.22.8 OK for: @dcloudio/uni-cli-shared@3.0.0-5000320260312001 want: 1.22.8
543 silly placeDep ROOT source-map-js@1.2.1 OK for: @dcloudio/uni-cli-shared@3.0.0-5000320260312001 want: 1.2.1
544 silly placeDep ROOT tapable@2.3.0 OK for: @dcloudio/uni-cli-shared@3.0.0-5000320260312001 want: ^2.2.0
545 silly placeDep ROOT tinycolor2@1.6.0 OK for: @dcloudio/uni-cli-shared@3.0.0-5000320260312001 want: 1.6.0
546 silly placeDep ROOT unimport@4.1.1 OK for: @dcloudio/uni-cli-shared@3.0.0-5000320260312001 want: 4.1.1
547 silly placeDep node_modules/@dcloudio/uni-cli-shared unplugin-auto-import@19.1.0 OK for: @dcloudio/uni-cli-shared@3.0.0-5000320260312001 want: 19.1.0
548 silly placeDep ROOT xregexp@5.1.2 OK for: @dcloudio/uni-cli-shared@3.0.0-5000320260312001 want: 5.1.2
549 silly fetch manifest @jridgewell/gen-mapping@^0.3.5
550 silly packumentCache full:https://registry.npmjs.org/@jridgewell%2fgen-mapping cache-miss
551 silly fetch manifest @jridgewell/trace-mapping@^0.3.24
552 silly packumentCache full:https://registry.npmjs.org/@jridgewell%2ftrace-mapping cache-miss
553 silly fetch manifest picocolors@^1.0.0
554 silly packumentCache full:https://registry.npmjs.org/picocolors cache-miss
555 silly fetch manifest @babel/highlight@^7.24.7
556 silly packumentCache full:https://registry.npmjs.org/@babel%2fhighlight cache-miss
557 silly fetch manifest debug@^4.1.0
558 silly packumentCache full:https://registry.npmjs.org/debug cache-miss
559 http cache https://registry.npmjs.org/debug 17ms (cache hit)
560 silly packumentCache full:https://registry.npmjs.org/debug set size:195840 disposed:false
561 silly fetch manifest json5@^2.2.3
562 silly packumentCache full:https://registry.npmjs.org/json5 cache-miss
563 http cache https://registry.npmjs.org/picocolors 22ms (cache hit)
564 silly packumentCache full:https://registry.npmjs.org/picocolors set size:16648 disposed:false
565 silly fetch manifest semver@^6.3.1
566 silly packumentCache full:https://registry.npmjs.org/semver cache-miss
567 http fetch GET 200 https://registry.npmjs.org/@jridgewell%2fgen-mapping 289ms (cache miss)
568 silly packumentCache full:https://registry.npmjs.org/@jridgewell%2fgen-mapping set size:undefined disposed:false
569 silly fetch manifest gensync@^1.0.0-beta.2
570 silly packumentCache full:https://registry.npmjs.org/gensync cache-miss
571 http fetch GET 200 https://registry.npmjs.org/semver 419ms (cache miss)
572 silly packumentCache full:https://registry.npmjs.org/semver set size:undefined disposed:false
573 silly fetch manifest @babel/types@^7.25.2
574 silly packumentCache full:https://registry.npmjs.org/@babel%2ftypes cache-miss
575 http cache https://registry.npmjs.org/@babel%2ftypes 8ms (cache hit)
576 silly packumentCache full:https://registry.npmjs.org/@babel%2ftypes set size:487885 disposed:false
577 silly fetch manifest @babel/parser@^7.25.0
578 silly packumentCache full:https://registry.npmjs.org/@babel%2fparser cache-miss
579 http cache https://registry.npmjs.org/@babel%2fparser 8ms (cache hit)
580 silly packumentCache full:https://registry.npmjs.org/@babel%2fparser set size:718758 disposed:false
581 silly fetch manifest @babel/helpers@^7.25.0
582 silly packumentCache full:https://registry.npmjs.org/@babel%2fhelpers cache-miss
583 http fetch GET 200 https://registry.npmjs.org/json5 527ms (cache miss)
584 silly packumentCache full:https://registry.npmjs.org/json5 set size:undefined disposed:false
585 silly fetch manifest @babel/template@^7.25.0
586 silly packumentCache full:https://registry.npmjs.org/@babel%2ftemplate cache-miss
587 http fetch GET 200 https://registry.npmjs.org/@babel%2fhighlight 621ms (cache miss)
588 silly packumentCache full:https://registry.npmjs.org/@babel%2fhighlight set size:undefined disposed:false
589 silly fetch manifest @babel/traverse@^7.25.2
590 silly packumentCache full:https://registry.npmjs.org/@babel%2ftraverse cache-miss
591 http fetch GET 200 https://registry.npmjs.org/gensync 336ms (cache miss)
592 silly packumentCache full:https://registry.npmjs.org/gensync set size:undefined disposed:false
593 silly fetch manifest @babel/generator@^7.25.0
594 silly packumentCache full:https://registry.npmjs.org/@babel%2fgenerator cache-miss
595 http fetch GET 200 https://registry.npmjs.org/@jridgewell%2ftrace-mapping 1085ms (cache miss)
596 silly packumentCache full:https://registry.npmjs.org/@jridgewell%2ftrace-mapping set size:undefined disposed:false
597 silly fetch manifest convert-source-map@^2.0.0
598 silly packumentCache full:https://registry.npmjs.org/convert-source-map cache-miss
599 http fetch GET 200 https://registry.npmjs.org/@babel%2ftemplate 615ms (cache miss)
600 silly packumentCache full:https://registry.npmjs.org/@babel%2ftemplate set size:undefined disposed:false
601 silly fetch manifest @babel/helper-module-transforms@^7.25.2
602 silly packumentCache full:https://registry.npmjs.org/@babel%2fhelper-module-transforms cache-miss
603 http fetch GET 200 https://registry.npmjs.org/@babel%2fhelpers 913ms (cache miss)
604 silly packumentCache full:https://registry.npmjs.org/@babel%2fhelpers set size:undefined disposed:false
605 silly fetch manifest @babel/helper-compilation-targets@^7.25.2
606 silly packumentCache full:https://registry.npmjs.org/@babel%2fhelper-compilation-targets cache-miss
607 http fetch GET 200 https://registry.npmjs.org/@babel%2ftraverse 943ms (cache miss)
608 silly packumentCache full:https://registry.npmjs.org/@babel%2ftraverse set size:undefined disposed:false
609 silly fetch manifest @babel/types@^7.25.6
610 silly packumentCache full:https://registry.npmjs.org/@babel%2ftypes cache-hit
611 silly fetch manifest to-fast-properties@^2.0.0
612 silly packumentCache full:https://registry.npmjs.org/to-fast-properties cache-miss
613 http fetch GET 200 https://registry.npmjs.org/convert-source-map 506ms (cache miss)
614 silly packumentCache full:https://registry.npmjs.org/convert-source-map set size:undefined disposed:false
615 silly fetch manifest @babel/helper-string-parser@^7.24.8
616 silly packumentCache full:https://registry.npmjs.org/@babel%2fhelper-string-parser cache-miss
617 http fetch GET 200 https://registry.npmjs.org/@babel%2fhelper-compilation-targets 429ms (cache miss)
618 silly packumentCache full:https://registry.npmjs.org/@babel%2fhelper-compilation-targets set size:undefined disposed:false
619 silly fetch manifest @babel/helper-validator-identifier@^7.24.7
620 silly packumentCache full:https://registry.npmjs.org/@babel%2fhelper-validator-identifier cache-miss
621 http fetch GET 200 https://registry.npmjs.org/to-fast-properties 379ms (cache miss)
622 silly packumentCache full:https://registry.npmjs.org/to-fast-properties set size:undefined disposed:false
623 silly fetch manifest parse-css-font@^4.0.0
624 silly packumentCache full:https://registry.npmjs.org/parse-css-font cache-miss
625 http fetch GET 200 https://registry.npmjs.org/@babel%2fhelper-module-transforms 936ms (cache miss)
626 silly packumentCache full:https://registry.npmjs.org/@babel%2fhelper-module-transforms set size:undefined disposed:false
627 silly fetch manifest postcss@8.4.45
628 silly packumentCache full:https://registry.npmjs.org/postcss cache-hit
629 silly fetch manifest @intlify/runtime@9.1.9
630 silly packumentCache full:https://registry.npmjs.org/@intlify%2fruntime cache-miss
631 http fetch GET 200 https://registry.npmjs.org/@babel%2fhelper-string-parser 586ms (cache miss)
632 silly packumentCache full:https://registry.npmjs.org/@babel%2fhelper-string-parser set size:undefined disposed:false
633 silly fetch manifest @intlify/devtools-if@9.1.9
634 silly packumentCache full:https://registry.npmjs.org/@intlify%2fdevtools-if cache-miss
635 http fetch GET 200 https://registry.npmjs.org/parse-css-font 347ms (cache miss)
636 silly packumentCache full:https://registry.npmjs.org/parse-css-font set size:undefined disposed:false
637 silly fetch manifest @intlify/message-compiler@9.1.9
638 silly packumentCache full:https://registry.npmjs.org/@intlify%2fmessage-compiler cache-miss
639 http fetch GET 200 https://registry.npmjs.org/@babel%2fhelper-validator-identifier 562ms (cache miss)
640 silly packumentCache full:https://registry.npmjs.org/@babel%2fhelper-validator-identifier set size:undefined disposed:false
641 silly fetch manifest @intlify/message-resolver@9.1.9
642 silly packumentCache full:https://registry.npmjs.org/@intlify%2fmessage-resolver cache-miss
643 http fetch GET 200 https://registry.npmjs.org/@babel%2fgenerator 1871ms (cache miss)
644 silly packumentCache full:https://registry.npmjs.org/@babel%2fgenerator set size:undefined disposed:false
645 silly fetch manifest @intlify/runtime@9.1.9
646 silly packumentCache full:https://registry.npmjs.org/@intlify%2fruntime cache-miss
647 http fetch GET 200 https://registry.npmjs.org/@intlify%2fdevtools-if 647ms (cache miss)
648 silly packumentCache full:https://registry.npmjs.org/@intlify%2fdevtools-if set size:undefined disposed:false
649 silly fetch manifest @intlify/message-resolver@9.1.9
650 silly packumentCache full:https://registry.npmjs.org/@intlify%2fmessage-resolver cache-miss
651 http fetch GET 200 https://registry.npmjs.org/@intlify%2fruntime 857ms (cache miss)
652 silly packumentCache full:https://registry.npmjs.org/@intlify%2fruntime set size:undefined disposed:false
653 silly fetch manifest picomatch@^2.3.1
654 silly packumentCache full:https://registry.npmjs.org/picomatch cache-miss
655 http fetch GET 200 https://registry.npmjs.org/@intlify%2fmessage-compiler 865ms (cache miss)
656 silly packumentCache full:https://registry.npmjs.org/@intlify%2fmessage-compiler set size:undefined disposed:false
657 silly fetch manifest @types/estree@^1.0.0
658 silly packumentCache full:https://registry.npmjs.org/@types%2festree cache-miss
659 http fetch GET 200 https://registry.npmjs.org/@intlify%2fmessage-resolver 433ms (cache miss)
660 silly packumentCache full:https://registry.npmjs.org/@intlify%2fmessage-resolver set size:undefined disposed:false
661 silly fetch manifest estree-walker@^2.0.2
662 silly packumentCache full:https://registry.npmjs.org/estree-walker cache-miss
663 http cache https://registry.npmjs.org/estree-walker 8ms (cache hit)
664 silly packumentCache full:https://registry.npmjs.org/estree-walker set size:60887 disposed:false
665 silly fetch manifest entities@^4.5.0
666 silly packumentCache full:https://registry.npmjs.org/entities cache-miss
667 http cache https://registry.npmjs.org/entities 7ms (cache hit)
668 silly packumentCache full:https://registry.npmjs.org/entities set size:99036 disposed:false
669 silly fetch manifest source-map-js@^1.0.2
670 silly packumentCache full:https://registry.npmjs.org/source-map-js cache-miss
671 http cache https://registry.npmjs.org/source-map-js 8ms (cache hit)
672 silly packumentCache full:https://registry.npmjs.org/source-map-js set size:62640 disposed:false
673 silly fetch manifest postcss@^8.4.35
674 silly packumentCache full:https://registry.npmjs.org/postcss cache-hit
675 silly fetch manifest magic-string@^0.30.7
676 silly packumentCache full:https://registry.npmjs.org/magic-string cache-miss
677 http cache https://registry.npmjs.org/magic-string 19ms (cache hit)
678 silly packumentCache full:https://registry.npmjs.org/magic-string set size:331817 disposed:false
679 silly fetch manifest picocolors@^1.0.1
680 silly packumentCache full:https://registry.npmjs.org/picocolors cache-hit
681 silly fetch manifest fraction.js@^4.3.7
682 silly packumentCache full:https://registry.npmjs.org/fraction.js cache-miss
683 http fetch GET 200 https://registry.npmjs.org/@intlify%2fruntime 840ms (cache miss)
684 silly packumentCache full:https://registry.npmjs.org/@intlify%2fruntime set size:undefined disposed:false
685 silly fetch manifest browserslist@^4.23.3
686 silly packumentCache full:https://registry.npmjs.org/browserslist cache-miss
687 http fetch GET 200 https://registry.npmjs.org/@intlify%2fmessage-resolver 1154ms (cache miss)
688 silly packumentCache full:https://registry.npmjs.org/@intlify%2fmessage-resolver set size:undefined disposed:false
689 silly fetch manifest caniuse-lite@^1.0.30001646
690 silly packumentCache full:https://registry.npmjs.org/caniuse-lite cache-miss
691 http fetch GET 200 https://registry.npmjs.org/picomatch 666ms (cache miss)
692 silly packumentCache full:https://registry.npmjs.org/picomatch set size:undefined disposed:false
693 silly fetch manifest normalize-range@^0.1.2
694 silly packumentCache full:https://registry.npmjs.org/normalize-range cache-miss
695 http fetch GET 200 https://registry.npmjs.org/@types%2festree 575ms (cache miss)
696 silly packumentCache full:https://registry.npmjs.org/@types%2festree set size:undefined disposed:false
697 silly fetch manifest postcss-value-parser@^4.2.0
698 silly packumentCache full:https://registry.npmjs.org/postcss-value-parser cache-miss
699 http fetch GET 200 https://registry.npmjs.org/normalize-range 397ms (cache miss)
700 silly packumentCache full:https://registry.npmjs.org/normalize-range set size:undefined disposed:false
701 silly fetch manifest nanoid@^3.3.11
702 silly packumentCache full:https://registry.npmjs.org/nanoid cache-miss
703 http fetch GET 200 https://registry.npmjs.org/fraction.js 1075ms (cache miss)
704 silly packumentCache full:https://registry.npmjs.org/fraction.js set size:undefined disposed:false
705 silly fetch manifest picocolors@^1.1.1
706 silly packumentCache full:https://registry.npmjs.org/picocolors cache-hit
707 silly fetch manifest source-map-js@^1.2.1
708 silly packumentCache full:https://registry.npmjs.org/source-map-js cache-hit
709 silly fetch manifest braces@~3.0.2
710 silly packumentCache full:https://registry.npmjs.org/braces cache-miss
711 http fetch GET 200 https://registry.npmjs.org/browserslist 1197ms (cache miss)
712 silly packumentCache full:https://registry.npmjs.org/browserslist set size:undefined disposed:false
713 silly fetch manifest is-glob@~4.0.1
714 silly packumentCache full:https://registry.npmjs.org/is-glob cache-miss
715 http fetch GET 200 https://registry.npmjs.org/postcss-value-parser 839ms (cache miss)
716 silly packumentCache full:https://registry.npmjs.org/postcss-value-parser set size:undefined disposed:false
717 silly fetch manifest anymatch@~3.1.2
718 silly packumentCache full:https://registry.npmjs.org/anymatch cache-miss
719 http fetch GET 200 https://registry.npmjs.org/braces 499ms (cache miss)
720 silly packumentCache full:https://registry.npmjs.org/braces set size:undefined disposed:false
721 silly fetch manifest readdirp@~3.6.0
722 silly packumentCache full:https://registry.npmjs.org/readdirp cache-miss
723 http fetch GET 200 https://registry.npmjs.org/is-glob 388ms (cache miss)
724 silly packumentCache full:https://registry.npmjs.org/is-glob set size:undefined disposed:false
725 silly fetch manifest glob-parent@~5.1.2
726 silly packumentCache full:https://registry.npmjs.org/glob-parent cache-miss
727 http cache https://registry.npmjs.org/glob-parent 8ms (cache hit)
728 silly packumentCache full:https://registry.npmjs.org/glob-parent set size:42445 disposed:false
729 silly fetch manifest is-binary-path@~2.1.0
730 silly packumentCache full:https://registry.npmjs.org/is-binary-path cache-miss
731 http fetch GET 200 https://registry.npmjs.org/anymatch 368ms (cache miss)
732 silly packumentCache full:https://registry.npmjs.org/anymatch set size:undefined disposed:false
733 silly fetch manifest normalize-path@~3.0.0
734 silly packumentCache full:https://registry.npmjs.org/normalize-path cache-miss
735 http fetch GET 200 https://registry.npmjs.org/is-binary-path 198ms (cache miss)
736 silly packumentCache full:https://registry.npmjs.org/is-binary-path set size:undefined disposed:false
737 silly fetch manifest fsevents@~2.3.2
738 silly packumentCache full:https://registry.npmjs.org/fsevents cache-miss
739 http cache https://registry.npmjs.org/fsevents 8ms (cache hit)
740 silly packumentCache full:https://registry.npmjs.org/fsevents set size:182472 disposed:false
741 silly fetch manifest ms@^2.1.3
742 silly packumentCache full:https://registry.npmjs.org/ms cache-miss
743 http fetch GET 200 https://registry.npmjs.org/nanoid 1200ms (cache miss)
744 silly packumentCache full:https://registry.npmjs.org/nanoid set size:undefined disposed:false
745 silly fetch manifest @esbuild/aix-ppc64@0.20.2
746 silly packumentCache full:https://registry.npmjs.org/@esbuild%2faix-ppc64 cache-miss
747 http fetch GET 200 https://registry.npmjs.org/readdirp 395ms (cache miss)
748 silly packumentCache full:https://registry.npmjs.org/readdirp set size:undefined disposed:false
749 silly fetch manifest @esbuild/linux-arm@0.20.2
750 silly packumentCache full:https://registry.npmjs.org/@esbuild%2flinux-arm cache-miss
751 http fetch GET 200 https://registry.npmjs.org/ms 383ms (cache miss)
752 silly packumentCache full:https://registry.npmjs.org/ms set size:undefined disposed:false
753 silly fetch manifest @esbuild/linux-x64@0.20.2
754 silly packumentCache full:https://registry.npmjs.org/@esbuild%2flinux-x64 cache-miss
755 http fetch GET 200 https://registry.npmjs.org/normalize-path 885ms (cache miss)
756 silly packumentCache full:https://registry.npmjs.org/normalize-path set size:undefined disposed:false
757 silly fetch manifest @esbuild/sunos-x64@0.20.2
758 silly packumentCache full:https://registry.npmjs.org/@esbuild%2fsunos-x64 cache-miss
759 http fetch GET 200 https://registry.npmjs.org/@esbuild%2fsunos-x64 762ms (cache miss)
760 silly packumentCache full:https://registry.npmjs.org/@esbuild%2fsunos-x64 set size:undefined disposed:false
761 silly fetch manifest @esbuild/win32-x64@0.20.2
762 silly packumentCache full:https://registry.npmjs.org/@esbuild%2fwin32-x64 cache-miss
763 http fetch GET 200 https://registry.npmjs.org/caniuse-lite 3270ms (cache miss)
764 silly packumentCache full:https://registry.npmjs.org/caniuse-lite set size:undefined disposed:false
765 silly fetch manifest @esbuild/darwin-x64@0.20.2
766 silly packumentCache full:https://registry.npmjs.org/@esbuild%2fdarwin-x64 cache-miss
767 http fetch GET 200 https://registry.npmjs.org/@esbuild%2flinux-arm 1539ms (cache miss)
768 silly packumentCache full:https://registry.npmjs.org/@esbuild%2flinux-arm set size:undefined disposed:false
769 silly fetch manifest @esbuild/linux-ia32@0.20.2
770 silly packumentCache full:https://registry.npmjs.org/@esbuild%2flinux-ia32 cache-miss
771 http fetch GET 200 https://registry.npmjs.org/@esbuild%2flinux-x64 1534ms (cache miss)
772 silly packumentCache full:https://registry.npmjs.org/@esbuild%2flinux-x64 set size:undefined disposed:false
773 silly fetch manifest @esbuild/netbsd-x64@0.20.2
774 silly packumentCache full:https://registry.npmjs.org/@esbuild%2fnetbsd-x64 cache-miss
775 http fetch GET 200 https://registry.npmjs.org/@esbuild%2fdarwin-x64 486ms (cache miss)
776 silly packumentCache full:https://registry.npmjs.org/@esbuild%2fdarwin-x64 set size:undefined disposed:false
777 silly fetch manifest @esbuild/win32-ia32@0.20.2
778 silly packumentCache full:https://registry.npmjs.org/@esbuild%2fwin32-ia32 cache-miss
779 http fetch GET 200 https://registry.npmjs.org/@esbuild%2fwin32-x64 775ms (cache miss)
780 silly packumentCache full:https://registry.npmjs.org/@esbuild%2fwin32-x64 set size:undefined disposed:false
781 silly fetch manifest @esbuild/android-arm@0.20.2
782 silly packumentCache full:https://registry.npmjs.org/@esbuild%2fandroid-arm cache-miss
783 http fetch GET 200 https://registry.npmjs.org/@esbuild%2flinux-ia32 655ms (cache miss)
784 silly packumentCache full:https://registry.npmjs.org/@esbuild%2flinux-ia32 set size:undefined disposed:false
785 silly fetch manifest @esbuild/android-x64@0.20.2
786 silly packumentCache full:https://registry.npmjs.org/@esbuild%2fandroid-x64 cache-miss
787 http fetch GET 200 https://registry.npmjs.org/@esbuild%2fnetbsd-x64 562ms (cache miss)
788 silly packumentCache full:https://registry.npmjs.org/@esbuild%2fnetbsd-x64 set size:undefined disposed:false
789 silly fetch manifest @esbuild/freebsd-x64@0.20.2
790 silly packumentCache full:https://registry.npmjs.org/@esbuild%2ffreebsd-x64 cache-miss
791 http fetch GET 200 https://registry.npmjs.org/@esbuild%2faix-ppc64 2584ms (cache miss)
792 silly packumentCache full:https://registry.npmjs.org/@esbuild%2faix-ppc64 set size:undefined disposed:false
793 silly fetch manifest @esbuild/linux-arm64@0.20.2
794 silly packumentCache full:https://registry.npmjs.org/@esbuild%2flinux-arm64 cache-miss
795 http fetch GET 200 https://registry.npmjs.org/@esbuild%2fwin32-ia32 565ms (cache miss)
796 silly packumentCache full:https://registry.npmjs.org/@esbuild%2fwin32-ia32 set size:undefined disposed:false
797 silly fetch manifest @esbuild/linux-ppc64@0.20.2
798 silly packumentCache full:https://registry.npmjs.org/@esbuild%2flinux-ppc64 cache-miss
799 http fetch GET 200 https://registry.npmjs.org/@esbuild%2fandroid-arm 778ms (cache miss)
800 silly packumentCache full:https://registry.npmjs.org/@esbuild%2fandroid-arm set size:undefined disposed:false
801 silly fetch manifest @esbuild/linux-s390x@0.20.2
802 silly packumentCache full:https://registry.npmjs.org/@esbuild%2flinux-s390x cache-miss
803 http fetch GET 200 https://registry.npmjs.org/@esbuild%2fandroid-x64 878ms (cache miss)
804 silly packumentCache full:https://registry.npmjs.org/@esbuild%2fandroid-x64 set size:undefined disposed:false
805 silly fetch manifest @esbuild/openbsd-x64@0.20.2
806 silly packumentCache full:https://registry.npmjs.org/@esbuild%2fopenbsd-x64 cache-miss
807 http fetch GET 200 https://registry.npmjs.org/@esbuild%2ffreebsd-x64 759ms (cache miss)
808 silly packumentCache full:https://registry.npmjs.org/@esbuild%2ffreebsd-x64 set size:undefined disposed:false
809 silly fetch manifest @esbuild/win32-arm64@0.20.2
810 silly packumentCache full:https://registry.npmjs.org/@esbuild%2fwin32-arm64 cache-miss
811 http fetch GET 200 https://registry.npmjs.org/@esbuild%2flinux-arm64 596ms (cache miss)
812 silly packumentCache full:https://registry.npmjs.org/@esbuild%2flinux-arm64 set size:undefined disposed:false
813 silly fetch manifest @esbuild/darwin-arm64@0.20.2
814 silly packumentCache full:https://registry.npmjs.org/@esbuild%2fdarwin-arm64 cache-miss
815 http fetch GET 200 https://registry.npmjs.org/@esbuild%2flinux-s390x 580ms (cache miss)
816 silly packumentCache full:https://registry.npmjs.org/@esbuild%2flinux-s390x set size:undefined disposed:false
817 silly fetch manifest @esbuild/android-arm64@0.20.2
818 silly packumentCache full:https://registry.npmjs.org/@esbuild%2fandroid-arm64 cache-miss
819 http fetch GET 200 https://registry.npmjs.org/@esbuild%2fopenbsd-x64 498ms (cache miss)
820 silly packumentCache full:https://registry.npmjs.org/@esbuild%2fopenbsd-x64 set size:undefined disposed:false
821 silly fetch manifest @esbuild/freebsd-arm64@0.20.2
822 silly packumentCache full:https://registry.npmjs.org/@esbuild%2ffreebsd-arm64 cache-miss
823 http fetch GET 200 https://registry.npmjs.org/@esbuild%2fwin32-arm64 593ms (cache miss)
824 silly packumentCache full:https://registry.npmjs.org/@esbuild%2fwin32-arm64 set size:undefined disposed:false
825 silly fetch manifest @esbuild/linux-loong64@0.20.2
826 silly packumentCache full:https://registry.npmjs.org/@esbuild%2flinux-loong64 cache-miss
827 http fetch GET 200 https://registry.npmjs.org/@esbuild%2fdarwin-arm64 802ms (cache miss)
828 silly packumentCache full:https://registry.npmjs.org/@esbuild%2fdarwin-arm64 set size:undefined disposed:false
829 silly fetch manifest @esbuild/linux-riscv64@0.20.2
830 silly packumentCache full:https://registry.npmjs.org/@esbuild%2flinux-riscv64 cache-miss
831 http fetch GET 200 https://registry.npmjs.org/@esbuild%2fandroid-arm64 599ms (cache miss)
832 silly packumentCache full:https://registry.npmjs.org/@esbuild%2fandroid-arm64 set size:undefined disposed:false
833 silly fetch manifest @esbuild/linux-mips64el@0.20.2
834 silly packumentCache full:https://registry.npmjs.org/@esbuild%2flinux-mips64el cache-miss
835 http fetch GET 200 https://registry.npmjs.org/@esbuild%2flinux-ppc64 1759ms (cache miss)
836 silly packumentCache full:https://registry.npmjs.org/@esbuild%2flinux-ppc64 set size:undefined disposed:false
837 silly fetch manifest jsonfile@^6.0.1
838 silly packumentCache full:https://registry.npmjs.org/jsonfile cache-miss
839 http fetch GET 200 https://registry.npmjs.org/@esbuild%2flinux-loong64 765ms (cache miss)
840 silly packumentCache full:https://registry.npmjs.org/@esbuild%2flinux-loong64 set size:undefined disposed:false
841 silly fetch manifest graceful-fs@^4.2.0
842 silly packumentCache full:https://registry.npmjs.org/graceful-fs cache-miss
843 http fetch GET 200 https://registry.npmjs.org/@esbuild%2ffreebsd-arm64 1148ms (cache miss)
844 silly packumentCache full:https://registry.npmjs.org/@esbuild%2ffreebsd-arm64 set size:undefined disposed:false
845 silly fetch manifest universalify@^2.0.0
846 silly packumentCache full:https://registry.npmjs.org/universalify cache-miss
847 http fetch GET 200 https://registry.npmjs.org/@esbuild%2flinux-mips64el 792ms (cache miss)
848 silly packumentCache full:https://registry.npmjs.org/@esbuild%2flinux-mips64el set size:undefined disposed:false
849 silly fetch manifest @jridgewell/sourcemap-codec@^1.5.0
850 silly packumentCache full:https://registry.npmjs.org/@jridgewell%2fsourcemap-codec cache-miss
851 http fetch GET 200 https://registry.npmjs.org/universalify 240ms (cache miss)
852 silly packumentCache full:https://registry.npmjs.org/universalify set size:undefined disposed:false
853 silly fetch manifest lcid@^3.0.0
854 silly packumentCache full:https://registry.npmjs.org/lcid cache-miss
855 http fetch GET 200 https://registry.npmjs.org/graceful-fs 542ms (cache miss)
856 silly packumentCache full:https://registry.npmjs.org/graceful-fs set size:undefined disposed:false
857 silly fetch manifest resolve@^1.1.7
858 silly packumentCache full:https://registry.npmjs.org/resolve cache-miss
859 http cache https://registry.npmjs.org/resolve 9ms (cache hit)
860 silly packumentCache full:https://registry.npmjs.org/resolve set size:238156 disposed:false
861 silly fetch manifest read-cache@^1.0.0
862 silly packumentCache full:https://registry.npmjs.org/read-cache cache-miss
863 http fetch GET 200 https://registry.npmjs.org/jsonfile 773ms (cache miss)
864 silly packumentCache full:https://registry.npmjs.org/jsonfile set size:undefined disposed:false
865 silly fetch manifest postcss-value-parser@^4.0.0
866 silly packumentCache full:https://registry.npmjs.org/postcss-value-parser cache-miss
867 http cache https://registry.npmjs.org/postcss-value-parser 12ms (cache hit)
868 silly packumentCache full:https://registry.npmjs.org/postcss-value-parser set size:73484 disposed:false
869 silly fetch manifest yaml@^1.10.2
870 silly packumentCache full:https://registry.npmjs.org/yaml cache-miss
871 http fetch GET 200 https://registry.npmjs.org/@jridgewell%2fsourcemap-codec 284ms (cache miss)
872 silly packumentCache full:https://registry.npmjs.org/@jridgewell%2fsourcemap-codec set size:undefined disposed:false
873 silly fetch manifest lilconfig@^2.0.5
874 silly packumentCache full:https://registry.npmjs.org/lilconfig cache-miss
875 http fetch GET 200 https://registry.npmjs.org/read-cache 192ms (cache miss)
876 silly packumentCache full:https://registry.npmjs.org/read-cache set size:undefined disposed:false
877 silly fetch manifest string-hash@^1.1.1
878 silly packumentCache full:https://registry.npmjs.org/string-hash cache-miss
879 http fetch GET 200 https://registry.npmjs.org/@esbuild%2flinux-riscv64 1358ms (cache miss)
880 silly packumentCache full:https://registry.npmjs.org/@esbuild%2flinux-riscv64 set size:undefined disposed:false
881 silly fetch manifest generic-names@^4.0.0
882 silly packumentCache full:https://registry.npmjs.org/generic-names cache-miss
883 http fetch GET 200 https://registry.npmjs.org/string-hash 227ms (cache miss)
884 silly packumentCache full:https://registry.npmjs.org/string-hash set size:undefined disposed:false
885 silly fetch manifest lodash.camelcase@^4.3.0
886 silly packumentCache full:https://registry.npmjs.org/lodash.camelcase cache-miss
887 http fetch GET 200 https://registry.npmjs.org/generic-names 206ms (cache miss)
888 silly packumentCache full:https://registry.npmjs.org/generic-names set size:undefined disposed:false
889 silly fetch manifest icss-replace-symbols@^1.1.0
890 silly packumentCache full:https://registry.npmjs.org/icss-replace-symbols cache-miss
891 http fetch GET 200 https://registry.npmjs.org/lilconfig 428ms (cache miss)
892 silly packumentCache full:https://registry.npmjs.org/lilconfig set size:undefined disposed:false
893 silly fetch manifest postcss-modules-scope@^3.0.0
894 silly packumentCache full:https://registry.npmjs.org/postcss-modules-scope cache-miss
895 http fetch GET 200 https://registry.npmjs.org/icss-replace-symbols 223ms (cache miss)
896 silly packumentCache full:https://registry.npmjs.org/icss-replace-symbols set size:undefined disposed:false
897 silly fetch manifest postcss-modules-values@^4.0.0
898 silly packumentCache full:https://registry.npmjs.org/postcss-modules-values cache-miss
899 http fetch GET 200 https://registry.npmjs.org/lcid 938ms (cache miss)
900 silly packumentCache full:https://registry.npmjs.org/lcid set size:undefined disposed:false
901 silly fetch manifest postcss-modules-extract-imports@^3.0.0
902 silly packumentCache full:https://registry.npmjs.org/postcss-modules-extract-imports cache-miss
903 http fetch GET 200 https://registry.npmjs.org/lodash.camelcase 477ms (cache miss)
904 silly packumentCache full:https://registry.npmjs.org/lodash.camelcase set size:undefined disposed:false
905 silly fetch manifest postcss-modules-local-by-default@^4.0.0
906 silly packumentCache full:https://registry.npmjs.org/postcss-modules-local-by-default cache-miss
907 http fetch GET 200 https://registry.npmjs.org/postcss-modules-values 264ms (cache miss)
908 silly packumentCache full:https://registry.npmjs.org/postcss-modules-values set size:undefined disposed:false
909 silly fetch manifest cssesc@^3.0.0
910 silly packumentCache full:https://registry.npmjs.org/cssesc cache-miss
911 http fetch GET 200 https://registry.npmjs.org/postcss-modules-scope 568ms (cache miss)
912 silly packumentCache full:https://registry.npmjs.org/postcss-modules-scope set size:undefined disposed:false
913 silly fetch manifest util-deprecate@^1.0.2
914 silly packumentCache full:https://registry.npmjs.org/util-deprecate cache-miss
915 http fetch GET 200 https://registry.npmjs.org/yaml 1069ms (cache miss)
916 silly packumentCache full:https://registry.npmjs.org/yaml set size:undefined disposed:false
917 silly fetch manifest path-parse@^1.0.7
918 silly packumentCache full:https://registry.npmjs.org/path-parse cache-miss
919 http fetch GET 200 https://registry.npmjs.org/postcss-modules-extract-imports 289ms (cache miss)
920 silly packumentCache full:https://registry.npmjs.org/postcss-modules-extract-imports set size:undefined disposed:false
921 silly fetch manifest is-core-module@^2.13.0
922 silly packumentCache full:https://registry.npmjs.org/is-core-module cache-miss
923 http fetch GET 200 https://registry.npmjs.org/cssesc 217ms (cache miss)
924 silly packumentCache full:https://registry.npmjs.org/cssesc set size:undefined disposed:false
925 silly fetch manifest supports-preserve-symlinks-flag@^1.0.0
926 silly packumentCache full:https://registry.npmjs.org/supports-preserve-symlinks-flag cache-miss
927 http fetch GET 200 https://registry.npmjs.org/postcss-modules-local-by-default 394ms (cache miss)
928 silly packumentCache full:https://registry.npmjs.org/postcss-modules-local-by-default set size:undefined disposed:false
929 silly fetch manifest mlly@^1.7.4
930 silly packumentCache full:https://registry.npmjs.org/mlly cache-miss
931 http fetch GET 200 https://registry.npmjs.org/util-deprecate 243ms (cache miss)
932 silly packumentCache full:https://registry.npmjs.org/util-deprecate set size:undefined disposed:false
933 silly fetch manifest acorn@^8.14.0
934 silly packumentCache full:https://registry.npmjs.org/acorn cache-miss
935 http fetch GET 200 https://registry.npmjs.org/supports-preserve-symlinks-flag 191ms (cache miss)
936 silly packumentCache full:https://registry.npmjs.org/supports-preserve-symlinks-flag set size:undefined disposed:false
937 silly fetch manifest pathe@^2.0.2
938 silly packumentCache full:https://registry.npmjs.org/pathe cache-miss
939 http fetch GET 200 https://registry.npmjs.org/is-core-module 381ms (cache miss)
940 silly packumentCache full:https://registry.npmjs.org/is-core-module set size:undefined disposed:false
941 silly fetch manifest scule@^1.3.0
942 silly packumentCache full:https://registry.npmjs.org/scule cache-miss
943 http fetch GET 200 https://registry.npmjs.org/path-parse 394ms (cache miss)
944 silly packumentCache full:https://registry.npmjs.org/path-parse set size:undefined disposed:false
945 silly fetch manifest unplugin@^2.1.2
946 silly packumentCache full:https://registry.npmjs.org/unplugin cache-miss
947 http fetch GET 200 https://registry.npmjs.org/pathe 489ms (cache miss)
948 silly packumentCache full:https://registry.npmjs.org/pathe set size:undefined disposed:false
949 silly fetch manifest local-pkg@^1.0.0
950 silly packumentCache full:https://registry.npmjs.org/local-pkg cache-miss
951 http fetch GET 200 https://registry.npmjs.org/mlly 664ms (cache miss)
952 silly packumentCache full:https://registry.npmjs.org/mlly set size:undefined disposed:false
953 silly fetch manifest picomatch@^4.0.2
954 silly packumentCache full:https://registry.npmjs.org/picomatch cache-miss
955 http cache https://registry.npmjs.org/picomatch 9ms (cache hit)
956 silly packumentCache full:https://registry.npmjs.org/picomatch set size:118818 disposed:false
957 silly fetch manifest pkg-types@^1.3.1
958 silly packumentCache full:https://registry.npmjs.org/pkg-types cache-miss
959 http fetch GET 200 https://registry.npmjs.org/local-pkg 243ms (cache miss)
960 silly packumentCache full:https://registry.npmjs.org/local-pkg set size:undefined disposed:false
961 silly fetch manifest magic-string@^0.30.17
962 silly packumentCache full:https://registry.npmjs.org/magic-string cache-hit
963 silly fetch manifest estree-walker@^3.0.3
964 silly packumentCache full:https://registry.npmjs.org/estree-walker cache-hit
965 silly fetch manifest strip-literal@^3.0.0
966 silly packumentCache full:https://registry.npmjs.org/strip-literal cache-miss
967 http fetch GET 200 https://registry.npmjs.org/acorn 883ms (cache miss)
968 silly packumentCache full:https://registry.npmjs.org/acorn set size:undefined disposed:false
969 silly fetch manifest unplugin-utils@^0.2.3
970 silly packumentCache full:https://registry.npmjs.org/unplugin-utils cache-miss
971 http fetch GET 200 https://registry.npmjs.org/unplugin 759ms (cache miss)
972 silly packumentCache full:https://registry.npmjs.org/unplugin set size:undefined disposed:false
973 silly fetch manifest escape-string-regexp@^5.0.0
974 silly packumentCache full:https://registry.npmjs.org/escape-string-regexp cache-miss
975 http fetch GET 200 https://registry.npmjs.org/pkg-types 500ms (cache miss)
976 silly packumentCache full:https://registry.npmjs.org/pkg-types set size:undefined disposed:false
977 silly fetch manifest unplugin@^2.2.0
978 silly packumentCache full:https://registry.npmjs.org/unplugin cache-miss
979 http cache https://registry.npmjs.org/unplugin 8ms (cache hit)
980 silly packumentCache full:https://registry.npmjs.org/unplugin set size:405379 disposed:false
981 silly fetch manifest unplugin-utils@^0.2.4
982 silly packumentCache full:https://registry.npmjs.org/unplugin-utils cache-miss
983 http fetch GET 200 https://registry.npmjs.org/scule 929ms (cache miss)
984 silly packumentCache full:https://registry.npmjs.org/scule set size:undefined disposed:false
985 silly fetch manifest @babel/runtime-corejs3@^7.26.9
986 silly packumentCache full:https://registry.npmjs.org/@babel%2fruntime-corejs3 cache-miss
987 http fetch GET 200 https://registry.npmjs.org/strip-literal 491ms (cache miss)
988 silly packumentCache full:https://registry.npmjs.org/strip-literal set size:undefined disposed:false
989 http fetch GET 200 https://registry.npmjs.org/unplugin-utils 403ms (cache miss)
990 silly packumentCache full:https://registry.npmjs.org/unplugin-utils set size:undefined disposed:false
991 http fetch GET 200 https://registry.npmjs.org/escape-string-regexp 492ms (cache miss)
992 silly packumentCache full:https://registry.npmjs.org/escape-string-regexp set size:undefined disposed:false
993 http fetch GET 200 https://registry.npmjs.org/unplugin-utils 419ms (cache miss)
994 silly packumentCache full:https://registry.npmjs.org/unplugin-utils set size:undefined disposed:false
995 http fetch GET 200 https://registry.npmjs.org/@babel%2fruntime-corejs3 3084ms (cache miss)
996 silly packumentCache full:https://registry.npmjs.org/@babel%2fruntime-corejs3 set size:undefined disposed:false
997 silly placeDep ROOT @jridgewell/gen-mapping@0.3.13 OK for: @ampproject/remapping@2.3.0 want: ^0.3.5
998 silly placeDep ROOT @jridgewell/trace-mapping@0.3.31 OK for: @ampproject/remapping@2.3.0 want: ^0.3.24
999 silly fetch manifest @jridgewell/resolve-uri@^3.1.0
1000 silly packumentCache full:https://registry.npmjs.org/@jridgewell%2fresolve-uri cache-miss
1001 silly fetch manifest @jridgewell/sourcemap-codec@^1.4.14
1002 silly packumentCache full:https://registry.npmjs.org/@jridgewell%2fsourcemap-codec cache-miss
1003 http cache https://registry.npmjs.org/@jridgewell%2fsourcemap-codec 18ms (cache hit)
1004 silly packumentCache full:https://registry.npmjs.org/@jridgewell%2fsourcemap-codec set size:59275 disposed:false
1005 http fetch GET 200 https://registry.npmjs.org/@jridgewell%2fresolve-uri 628ms (cache miss)
1006 silly packumentCache full:https://registry.npmjs.org/@jridgewell%2fresolve-uri set size:undefined disposed:false
1007 silly placeDep ROOT @babel/highlight@7.25.9 OK for: @babel/code-frame@7.24.7 want: ^7.24.7
1008 silly fetch manifest @babel/helper-validator-identifier@^7.25.9
1009 silly packumentCache full:https://registry.npmjs.org/@babel%2fhelper-validator-identifier cache-miss
1010 silly fetch manifest chalk@^2.4.2
1011 silly packumentCache full:https://registry.npmjs.org/chalk cache-miss
1012 silly fetch manifest js-tokens@^4.0.0
1013 silly packumentCache full:https://registry.npmjs.org/js-tokens cache-miss
1014 http cache https://registry.npmjs.org/@babel%2fhelper-validator-identifier 9ms (cache hit)
1015 silly packumentCache full:https://registry.npmjs.org/@babel%2fhelper-validator-identifier set size:116299 disposed:false
1016 http fetch GET 200 https://registry.npmjs.org/js-tokens 411ms (cache miss)
1017 silly packumentCache full:https://registry.npmjs.org/js-tokens set size:undefined disposed:false
1018 http fetch GET 200 https://registry.npmjs.org/chalk 446ms (cache miss)
1019 silly packumentCache full:https://registry.npmjs.org/chalk set size:undefined disposed:false
1020 silly fetch manifest @babel/core@^7.0.0
1021 silly packumentCache full:https://registry.npmjs.org/@babel%2fcore cache-miss
1022 http cache https://registry.npmjs.org/@babel%2fcore 10ms (cache hit)
1023 silly packumentCache full:https://registry.npmjs.org/@babel%2fcore set size:760113 disposed:false
1024 silly placeDep ROOT @babel/generator@7.29.1 OK for: @babel/core@7.25.2 want: ^7.25.0
1025 silly placeDep ROOT @babel/helper-compilation-targets@7.28.6 OK for: @babel/core@7.25.2 want: ^7.25.2
1026 silly placeDep ROOT @babel/helper-module-transforms@7.28.6 OK for: @babel/core@7.25.2 want: ^7.25.2
1027 silly placeDep ROOT @babel/helpers@7.29.2 OK for: @babel/core@7.25.2 want: ^7.25.0
1028 silly placeDep ROOT @babel/template@7.28.6 OK for: @babel/core@7.25.2 want: ^7.25.0
1029 silly placeDep ROOT @babel/traverse@7.29.0 OK for: @babel/core@7.25.2 want: ^7.25.2
1030 silly placeDep ROOT convert-source-map@2.0.0 OK for: @babel/core@7.25.2 want: ^2.0.0
1031 silly placeDep ROOT gensync@1.0.0-beta.2 OK for: @babel/core@7.25.2 want: ^1.0.0-beta.2
1032 silly placeDep ROOT json5@2.2.3 OK for: @babel/core@7.25.2 want: ^2.2.3
1033 silly placeDep ROOT semver@6.3.1 OK for: @babel/core@7.25.2 want: ^6.3.1
1034 silly fetch manifest jsesc@^3.0.2
1035 silly packumentCache full:https://registry.npmjs.org/jsesc cache-miss
1036 silly fetch manifest @babel/types@^7.29.0
1037 silly packumentCache full:https://registry.npmjs.org/@babel%2ftypes cache-hit
1038 silly fetch manifest @babel/parser@^7.29.0
1039 silly packumentCache full:https://registry.npmjs.org/@babel%2fparser cache-hit
1040 silly fetch manifest lru-cache@^5.1.1
1041 silly packumentCache full:https://registry.npmjs.org/lru-cache cache-miss
1042 silly fetch manifest browserslist@^4.24.0
1043 silly packumentCache full:https://registry.npmjs.org/browserslist cache-miss
1044 silly fetch manifest @babel/compat-data@^7.28.6
1045 silly packumentCache full:https://registry.npmjs.org/@babel%2fcompat-data cache-miss
1046 silly fetch manifest @babel/helper-validator-option@^7.27.1
1047 silly packumentCache full:https://registry.npmjs.org/@babel%2fhelper-validator-option cache-miss
1048 http cache https://registry.npmjs.org/browserslist 11ms (cache hit)
1049 silly packumentCache full:https://registry.npmjs.org/browserslist set size:502989 disposed:false
1050 silly fetch manifest @babel/traverse@^7.28.6
1051 silly packumentCache full:https://registry.npmjs.org/@babel%2ftraverse cache-miss
1052 http cache https://registry.npmjs.org/@babel%2ftraverse 8ms (cache hit)
1053 silly packumentCache full:https://registry.npmjs.org/@babel%2ftraverse set size:548722 disposed:false
1054 silly fetch manifest @babel/helper-module-imports@^7.28.6
1055 silly packumentCache full:https://registry.npmjs.org/@babel%2fhelper-module-imports cache-miss
1056 http fetch GET 200 https://registry.npmjs.org/jsesc 538ms (cache miss)
1057 silly packumentCache full:https://registry.npmjs.org/jsesc set size:undefined disposed:false
1058 silly fetch manifest @babel/helper-validator-identifier@^7.28.5
1059 silly packumentCache full:https://registry.npmjs.org/@babel%2fhelper-validator-identifier cache-hit
1060 silly fetch manifest @babel/template@^7.28.6
1061 silly packumentCache full:https://registry.npmjs.org/@babel%2ftemplate cache-miss
1062 http cache https://registry.npmjs.org/@babel%2ftemplate 7ms (cache hit)
1063 silly packumentCache full:https://registry.npmjs.org/@babel%2ftemplate set size:227169 disposed:false
1064 silly fetch manifest @babel/types@^7.28.6
1065 silly packumentCache full:https://registry.npmjs.org/@babel%2ftypes cache-hit
1066 silly fetch manifest @babel/parser@^7.28.6
1067 silly packumentCache full:https://registry.npmjs.org/@babel%2fparser cache-hit
1068 silly fetch manifest @babel/code-frame@^7.28.6
1069 silly packumentCache full:https://registry.npmjs.org/@babel%2fcode-frame cache-miss
1070 http cache https://registry.npmjs.org/@babel%2fcode-frame 7ms (cache hit)
1071 silly packumentCache full:https://registry.npmjs.org/@babel%2fcode-frame set size:196196 disposed:false
1072 silly fetch manifest @babel/code-frame@^7.29.0
1073 silly packumentCache full:https://registry.npmjs.org/@babel%2fcode-frame cache-hit
1074 silly fetch manifest @babel/helper-globals@^7.28.0
1075 silly packumentCache full:https://registry.npmjs.org/@babel%2fhelper-globals cache-miss
1076 http fetch GET 200 https://registry.npmjs.org/lru-cache 648ms (cache miss)
1077 silly packumentCache full:https://registry.npmjs.org/lru-cache set size:undefined disposed:false
1078 http fetch GET 200 https://registry.npmjs.org/@babel%2fhelper-module-imports 651ms (cache miss)
1079 silly packumentCache full:https://registry.npmjs.org/@babel%2fhelper-module-imports set size:undefined disposed:false
1080 http fetch GET 200 https://registry.npmjs.org/@babel%2fhelper-globals 215ms (cache miss)
1081 silly packumentCache full:https://registry.npmjs.org/@babel%2fhelper-globals set size:undefined disposed:false
1082 http fetch GET 200 https://registry.npmjs.org/@babel%2fhelper-validator-option 981ms (cache miss)
1083 silly packumentCache full:https://registry.npmjs.org/@babel%2fhelper-validator-option set size:undefined disposed:false
1084 http fetch GET 200 https://registry.npmjs.org/@babel%2fcompat-data 2259ms (cache miss)
1085 silly packumentCache full:https://registry.npmjs.org/@babel%2fcompat-data set size:undefined disposed:false
1086 silly placeDep node_modules/@babel/generator @babel/parser@7.29.2 OK for: @babel/generator@7.29.1 want: ^7.29.0
1087 silly placeDep node_modules/@babel/generator @babel/types@7.29.0 OK for: @babel/generator@7.29.1 want: ^7.29.0
1088 silly placeDep ROOT jsesc@3.1.0 OK for: @babel/generator@7.29.1 want: ^3.0.2
1089 silly fetch manifest @babel/helper-string-parser@^7.27.1
1090 silly packumentCache full:https://registry.npmjs.org/@babel%2fhelper-string-parser cache-miss
1091 http cache https://registry.npmjs.org/@babel%2fhelper-string-parser 9ms (cache hit)
1092 silly packumentCache full:https://registry.npmjs.org/@babel%2fhelper-string-parser set size:82028 disposed:false
1093 silly placeDep ROOT @babel/compat-data@7.29.0 OK for: @babel/helper-compilation-targets@7.28.6 want: ^7.28.6
1094 silly placeDep ROOT @babel/helper-validator-option@7.27.1 OK for: @babel/helper-compilation-targets@7.28.6 want: ^7.27.1
1095 silly placeDep ROOT browserslist@4.28.1 OK for: @babel/helper-compilation-targets@7.28.6 want: ^4.24.0
1096 silly placeDep ROOT lru-cache@5.1.1 OK for: @babel/helper-compilation-targets@7.28.6 want: ^5.1.1
1097 silly fetch manifest baseline-browser-mapping@^2.9.0
1098 silly packumentCache full:https://registry.npmjs.org/baseline-browser-mapping cache-miss
1099 silly fetch manifest caniuse-lite@^1.0.30001759
1100 silly packumentCache full:https://registry.npmjs.org/caniuse-lite cache-miss
1101 silly fetch manifest electron-to-chromium@^1.5.263
1102 silly packumentCache full:https://registry.npmjs.org/electron-to-chromium cache-miss
1103 silly fetch manifest node-releases@^2.0.27
1104 silly packumentCache full:https://registry.npmjs.org/node-releases cache-miss
1105 silly fetch manifest update-browserslist-db@^1.2.0
1106 silly packumentCache full:https://registry.npmjs.org/update-browserslist-db cache-miss
1107 http cache https://registry.npmjs.org/caniuse-lite 15ms (cache hit)
1108 silly packumentCache full:https://registry.npmjs.org/caniuse-lite set size:2270921 disposed:false
1109 silly fetch manifest yallist@^3.0.2
1110 silly packumentCache full:https://registry.npmjs.org/yallist cache-miss
1111 http fetch GET 200 https://registry.npmjs.org/baseline-browser-mapping 409ms (cache miss)
1112 silly packumentCache full:https://registry.npmjs.org/baseline-browser-mapping set size:undefined disposed:false
1113 http fetch GET 200 https://registry.npmjs.org/yallist 541ms (cache miss)
1114 silly packumentCache full:https://registry.npmjs.org/yallist set size:undefined disposed:false
1115 http fetch GET 200 https://registry.npmjs.org/update-browserslist-db 970ms (cache miss)
1116 silly packumentCache full:https://registry.npmjs.org/update-browserslist-db set size:undefined disposed:false
1117 http fetch GET 200 https://registry.npmjs.org/node-releases 1292ms (cache miss)
1118 silly packumentCache full:https://registry.npmjs.org/node-releases set size:undefined disposed:false
1119 http fetch GET 200 https://registry.npmjs.org/electron-to-chromium 7133ms (cache miss)
1120 silly packumentCache full:https://registry.npmjs.org/electron-to-chromium set size:undefined disposed:false
1121 silly placeDep ROOT @babel/helper-module-imports@7.28.6 OK for: @babel/helper-module-transforms@7.28.6 want: ^7.28.6
1122 silly placeDep ROOT @babel/helper-validator-identifier@7.28.5 OK for: @babel/helper-module-transforms@7.28.6 want: ^7.28.5
1123 silly placeDep node_modules/@babel/helper-module-imports @babel/types@7.29.0 OK for: @babel/helper-module-imports@7.28.6 want: ^7.28.6
1124 silly placeDep node_modules/@babel/helpers @babel/types@7.29.0 OK for: @babel/helpers@7.29.2 want: ^7.29.0
1125 silly placeDep ROOT chalk@2.4.2 OK for: @babel/highlight@7.25.9 want: ^2.4.2
1126 silly placeDep ROOT js-tokens@4.0.0 OK for: @babel/highlight@7.25.9 want: ^4.0.0
1127 silly fetch manifest ansi-styles@^3.2.1
1128 silly packumentCache full:https://registry.npmjs.org/ansi-styles cache-miss
1129 silly fetch manifest supports-color@^5.3.0
1130 silly packumentCache full:https://registry.npmjs.org/supports-color cache-miss
1131 silly fetch manifest escape-string-regexp@^1.0.5
1132 silly packumentCache full:https://registry.npmjs.org/escape-string-regexp cache-miss
1133 http cache https://registry.npmjs.org/escape-string-regexp 21ms (cache hit)
1134 silly packumentCache full:https://registry.npmjs.org/escape-string-regexp set size:22244 disposed:false
1135 http fetch GET 200 https://registry.npmjs.org/ansi-styles 719ms (cache miss)
1136 silly packumentCache full:https://registry.npmjs.org/ansi-styles set size:undefined disposed:false
1137 http fetch GET 200 https://registry.npmjs.org/supports-color 864ms (cache miss)
1138 silly packumentCache full:https://registry.npmjs.org/supports-color set size:undefined disposed:false
1139 silly placeDep node_modules/@babel/template @babel/code-frame@7.29.0 OK for: @babel/template@7.28.6 want: ^7.28.6
1140 silly placeDep node_modules/@babel/template @babel/parser@7.29.2 OK for: @babel/template@7.28.6 want: ^7.28.6
1141 silly placeDep node_modules/@babel/template @babel/types@7.29.0 OK for: @babel/template@7.28.6 want: ^7.28.6
1142 silly placeDep node_modules/@babel/traverse @babel/code-frame@7.29.0 OK for: @babel/traverse@7.29.0 want: ^7.29.0
1143 silly placeDep ROOT @babel/helper-globals@7.28.0 OK for: @babel/traverse@7.29.0 want: ^7.28.0
1144 silly placeDep node_modules/@babel/traverse @babel/parser@7.29.2 OK for: @babel/traverse@7.29.0 want: ^7.29.0
1145 silly placeDep node_modules/@babel/traverse @babel/types@7.29.0 OK for: @babel/traverse@7.29.0 want: ^7.29.0
1146 silly placeDep ROOT @babel/helper-string-parser@7.27.1 OK for: @babel/types@7.25.6 want: ^7.24.8
1147 silly placeDep ROOT to-fast-properties@2.0.0 OK for: @babel/types@7.25.6 want: ^2.0.0
1148 silly fetch manifest vue@^3.2.0
1149 silly packumentCache full:https://registry.npmjs.org/vue cache-miss
1150 http cache https://registry.npmjs.org/vue 11ms (cache hit)
1151 silly packumentCache full:https://registry.npmjs.org/vue set size:2008300 disposed:false
1152 silly placeDep ROOT @dcloudio/uni-h5-vite@3.0.0-5000320260312001 OK for: @dcloudio/uni-h5@3.0.0-5000320260312001 want: 3.0.0-5000320260312001
1153 silly placeDep ROOT @dcloudio/uni-h5-vue@3.0.0-5000320260312001 OK for: @dcloudio/uni-h5@3.0.0-5000320260312001 want: 3.0.0-5000320260312001
1154 silly placeDep ROOT localstorage-polyfill@1.0.1 OK for: @dcloudio/uni-h5@3.0.0-5000320260312001 want: ^1.0.1
1155 silly placeDep ROOT safe-area-insets@1.4.1 OK for: @dcloudio/uni-h5@3.0.0-5000320260312001 want: 1.4.1
1156 silly placeDep ROOT vue-router@4.4.4 OK for: @dcloudio/uni-h5@3.0.0-5000320260312001 want: 4.4.4
1157 silly placeDep ROOT xmlhttprequest@1.8.0 OK for: @dcloudio/uni-h5@3.0.0-5000320260312001 want: ^1.8.0
1158 silly fetch manifest @vue/devtools-api@^6.6.4
1159 silly packumentCache full:https://registry.npmjs.org/@vue%2fdevtools-api cache-miss
1160 http fetch GET 200 https://registry.npmjs.org/@vue%2fdevtools-api 762ms (cache miss)
1161 silly packumentCache full:https://registry.npmjs.org/@vue%2fdevtools-api set size:undefined disposed:false
1162 silly fetch manifest bufferutil@^4.0.1
1163 silly packumentCache full:https://registry.npmjs.org/bufferutil cache-miss
1164 http fetch GET 200 https://registry.npmjs.org/bufferutil 259ms (cache miss)
1165 silly packumentCache full:https://registry.npmjs.org/bufferutil set size:undefined disposed:false
1166 silly fetch manifest utf-8-validate@>=5.0.2
1167 silly packumentCache full:https://registry.npmjs.org/utf-8-validate cache-miss
1168 http fetch GET 200 https://registry.npmjs.org/utf-8-validate 466ms (cache miss)
1169 silly packumentCache full:https://registry.npmjs.org/utf-8-validate set size:undefined disposed:false
1170 silly placeDep ROOT @dcloudio/uni-mp-compiler@3.0.0-5000320260312001 OK for: @dcloudio/uni-mp-weixin@3.0.0-5000320260312001 want: 3.0.0-5000320260312001
1171 silly placeDep ROOT @dcloudio/uni-mp-vite@3.0.0-5000320260312001 OK for: @dcloudio/uni-mp-weixin@3.0.0-5000320260312001 want: 3.0.0-5000320260312001
1172 silly placeDep ROOT @dcloudio/uni-mp-vue@3.0.0-5000320260312001 OK for: @dcloudio/uni-mp-weixin@3.0.0-5000320260312001 want: 3.0.0-5000320260312001
1173 silly placeDep ROOT jimp@0.10.3 OK for: @dcloudio/uni-mp-weixin@3.0.0-5000320260312001 want: 0.10.3
1174 silly placeDep ROOT licia@1.41.1 OK for: @dcloudio/uni-mp-weixin@3.0.0-5000320260312001 want: 1.41.1
1175 silly placeDep ROOT qrcode-reader@1.0.4 OK for: @dcloudio/uni-mp-weixin@3.0.0-5000320260312001 want: 1.0.4
1176 silly placeDep ROOT qrcode-terminal@0.12.0 OK for: @dcloudio/uni-mp-weixin@3.0.0-5000320260312001 want: 0.12.0
1177 silly placeDep ROOT ws@8.18.0 OK for: @dcloudio/uni-mp-weixin@3.0.0-5000320260312001 want: 8.18.0
1178 silly fetch manifest @babel/generator@7.25.6
1179 silly packumentCache full:https://registry.npmjs.org/@babel%2fgenerator cache-miss
1180 silly fetch manifest core-js@^3.4.1
1181 silly packumentCache full:https://registry.npmjs.org/core-js cache-miss
1182 silly fetch manifest @jimp/types@^0.10.3
1183 silly packumentCache full:https://registry.npmjs.org/@jimp%2ftypes cache-miss
1184 silly fetch manifest @jimp/custom@^0.10.3
1185 silly packumentCache full:https://registry.npmjs.org/@jimp%2fcustom cache-miss
1186 silly fetch manifest @jimp/plugins@^0.10.3
1187 silly packumentCache full:https://registry.npmjs.org/@jimp%2fplugins cache-miss
1188 http cache https://registry.npmjs.org/@babel%2fgenerator 12ms (cache hit)
1189 silly packumentCache full:https://registry.npmjs.org/@babel%2fgenerator set size:507107 disposed:false
1190 silly fetch manifest @babel/runtime@^7.7.2
1191 silly packumentCache full:https://registry.npmjs.org/@babel%2fruntime cache-miss
1192 http fetch GET 200 https://registry.npmjs.org/@jimp%2ftypes 892ms (cache miss)
1193 silly packumentCache full:https://registry.npmjs.org/@jimp%2ftypes set size:undefined disposed:false
1194 silly fetch manifest regenerator-runtime@^0.13.3
1195 silly packumentCache full:https://registry.npmjs.org/regenerator-runtime cache-miss
1196 http fetch GET 200 https://registry.npmjs.org/regenerator-runtime 291ms (cache miss)
1197 silly packumentCache full:https://registry.npmjs.org/regenerator-runtime set size:undefined disposed:false
1198 http fetch GET 200 https://registry.npmjs.org/@jimp%2fplugins 1358ms (cache miss)
1199 silly packumentCache full:https://registry.npmjs.org/@jimp%2fplugins set size:undefined disposed:false
1200 http fetch GET 200 https://registry.npmjs.org/@babel%2fruntime 1573ms (cache miss)
1201 silly packumentCache full:https://registry.npmjs.org/@babel%2fruntime set size:undefined disposed:false
1202 http fetch GET 200 https://registry.npmjs.org/@jimp%2fcustom 2062ms (cache miss)
1203 silly packumentCache full:https://registry.npmjs.org/@jimp%2fcustom set size:undefined disposed:false
1204 http fetch GET 200 https://registry.npmjs.org/core-js 3702ms (cache miss)
1205 silly packumentCache full:https://registry.npmjs.org/core-js set size:undefined disposed:false
1206 silly placeDep node_modules/@dcloudio/uni-mp-compiler @babel/generator@7.25.6 OK for: @dcloudio/uni-mp-compiler@3.0.0-5000320260312001 want: 7.25.6
1207 silly fetch manifest jsesc@^2.5.1
1208 silly packumentCache full:https://registry.npmjs.org/jsesc cache-miss
1209 http cache https://registry.npmjs.org/jsesc 10ms (cache hit)
1210 silly packumentCache full:https://registry.npmjs.org/jsesc set size:61512 disposed:false
1211 silly placeDep ROOT parse-css-font@4.0.0 OK for: @dcloudio/uni-nvue-styler@3.0.0-5000320260312001 want: ^4.0.0
1212 silly placeDep node_modules/@dcloudio/uni-nvue-styler postcss@8.4.45 OK for: @dcloudio/uni-nvue-styler@3.0.0-5000320260312001 want: 8.4.45
1213 silly fetch manifest css-font-size-keywords@^1.0.0
1214 silly packumentCache full:https://registry.npmjs.org/css-font-size-keywords cache-miss
1215 silly fetch manifest css-font-stretch-keywords@^1.0.1
1216 silly packumentCache full:https://registry.npmjs.org/css-font-stretch-keywords cache-miss
1217 silly fetch manifest css-font-style-keywords@^1.0.1
1218 silly packumentCache full:https://registry.npmjs.org/css-font-style-keywords cache-miss
1219 silly fetch manifest css-font-weight-keywords@^1.0.0
1220 silly packumentCache full:https://registry.npmjs.org/css-font-weight-keywords cache-miss
1221 silly fetch manifest css-list-helpers@^2.0.0
1222 silly packumentCache full:https://registry.npmjs.org/css-list-helpers cache-miss
1223 http fetch GET 200 https://registry.npmjs.org/css-font-stretch-keywords 194ms (cache miss)
1224 silly packumentCache full:https://registry.npmjs.org/css-font-stretch-keywords set size:undefined disposed:false
1225 silly fetch manifest css-system-font-keywords@^1.0.0
1226 silly packumentCache full:https://registry.npmjs.org/css-system-font-keywords cache-miss
1227 http fetch GET 200 https://registry.npmjs.org/css-font-style-keywords 196ms (cache miss)
1228 silly packumentCache full:https://registry.npmjs.org/css-font-style-keywords set size:undefined disposed:false
1229 silly fetch manifest unquote@^1.1.1
1230 silly packumentCache full:https://registry.npmjs.org/unquote cache-miss
1231 http fetch GET 200 https://registry.npmjs.org/css-font-weight-keywords 197ms (cache miss)
1232 silly packumentCache full:https://registry.npmjs.org/css-font-weight-keywords set size:undefined disposed:false
1233 silly fetch manifest nanoid@^3.3.7
1234 silly packumentCache full:https://registry.npmjs.org/nanoid cache-miss
1235 http fetch GET 200 https://registry.npmjs.org/css-list-helpers 206ms (cache miss)
1236 silly packumentCache full:https://registry.npmjs.org/css-list-helpers set size:undefined disposed:false
1237 http cache https://registry.npmjs.org/nanoid 9ms (cache hit)
1238 silly packumentCache full:https://registry.npmjs.org/nanoid set size:300313 disposed:false
1239 http fetch GET 200 https://registry.npmjs.org/css-font-size-keywords 260ms (cache miss)
1240 silly packumentCache full:https://registry.npmjs.org/css-font-size-keywords set size:undefined disposed:false
1241 http fetch GET 200 https://registry.npmjs.org/unquote 212ms (cache miss)
1242 silly packumentCache full:https://registry.npmjs.org/unquote set size:undefined disposed:false
1243 http fetch GET 200 https://registry.npmjs.org/css-system-font-keywords 728ms (cache miss)
1244 silly packumentCache full:https://registry.npmjs.org/css-system-font-keywords set size:undefined disposed:false
1245 silly fetch manifest vue@^3.2.25
1246 silly packumentCache full:https://registry.npmjs.org/vue cache-miss
1247 http cache https://registry.npmjs.org/vue 10ms (cache hit)
1248 silly packumentCache full:https://registry.npmjs.org/vue set size:2008300 disposed:false
1249 silly fetch manifest vue@^3.0.0
1250 silly packumentCache full:https://registry.npmjs.org/vue cache-miss
1251 http cache https://registry.npmjs.org/vue 25ms (cache hit)
1252 silly packumentCache full:https://registry.npmjs.org/vue set size:2008300 disposed:false
1253 silly placeDep ROOT @babel/plugin-syntax-import-meta@7.10.4 OK for: @dcloudio/vite-plugin-uni@3.0.0-5000320260312001 want: ^7.10.4
1254 silly placeDep ROOT @babel/plugin-transform-typescript@7.28.6 OK for: @dcloudio/vite-plugin-uni@3.0.0-5000320260312001 want: ^7.23.3
1255 silly placeDep ROOT @vitejs/plugin-legacy@5.3.2 OK for: @dcloudio/vite-plugin-uni@3.0.0-5000320260312001 want: 5.3.2
1256 silly placeDep ROOT terser@5.46.1 OK for: @vitejs/plugin-legacy@5.3.2 want: ^5.4.0
1257 silly placeDep ROOT @vitejs/plugin-vue@5.2.4 OK for: @dcloudio/vite-plugin-uni@3.0.0-5000320260312001 want: 5.2.4
1258 silly placeDep ROOT @vitejs/plugin-vue-jsx@3.1.0 OK for: @dcloudio/vite-plugin-uni@3.0.0-5000320260312001 want: 3.1.0
1259 silly placeDep ROOT cac@6.7.9 OK for: @dcloudio/vite-plugin-uni@3.0.0-5000320260312001 want: 6.7.9
1260 silly placeDep ROOT express@4.20.0 OK for: @dcloudio/vite-plugin-uni@3.0.0-5000320260312001 want: 4.20.0
1261 silly placeDep node_modules/@dcloudio/vite-plugin-uni unplugin-auto-import@19.1.0 OK for: @dcloudio/vite-plugin-uni@3.0.0-5000320260312001 want: 19.1.0
1262 silly fetch manifest @babel/helper-plugin-utils@^7.10.4
1263 silly packumentCache full:https://registry.npmjs.org/@babel%2fhelper-plugin-utils cache-miss
1264 silly fetch manifest @babel/helper-plugin-utils@^7.28.6
1265 silly packumentCache full:https://registry.npmjs.org/@babel%2fhelper-plugin-utils cache-miss
1266 silly fetch manifest @babel/helper-annotate-as-pure@^7.27.3
1267 silly packumentCache full:https://registry.npmjs.org/@babel%2fhelper-annotate-as-pure cache-miss
1268 silly fetch manifest @babel/plugin-syntax-typescript@^7.28.6
1269 silly packumentCache full:https://registry.npmjs.org/@babel%2fplugin-syntax-typescript cache-miss
1270 silly fetch manifest @babel/helper-create-class-features-plugin@^7.28.6
1271 silly packumentCache full:https://registry.npmjs.org/@babel%2fhelper-create-class-features-plugin cache-miss
1272 http fetch GET 200 https://registry.npmjs.org/@babel%2fhelper-annotate-as-pure 425ms (cache miss)
1273 silly packumentCache full:https://registry.npmjs.org/@babel%2fhelper-annotate-as-pure set size:undefined disposed:false
1274 silly fetch manifest @babel/helper-skip-transparent-expression-wrappers@^7.27.1
1275 silly packumentCache full:https://registry.npmjs.org/@babel%2fhelper-skip-transparent-expression-wrappers cache-miss
1276 http fetch GET 200 https://registry.npmjs.org/@babel%2fhelper-plugin-utils 601ms (cache miss)
1277 silly packumentCache full:https://registry.npmjs.org/@babel%2fhelper-plugin-utils set size:undefined disposed:false
1278 silly fetch manifest core-js@^3.36.0
1279 silly packumentCache full:https://registry.npmjs.org/core-js cache-miss
1280 http cache https://registry.npmjs.org/core-js 18ms (cache hit)
1281 silly packumentCache full:https://registry.npmjs.org/core-js set size:778467 disposed:false
1282 silly fetch manifest systemjs@^6.14.3
1283 silly packumentCache full:https://registry.npmjs.org/systemjs cache-miss
1284 http fetch GET 200 https://registry.npmjs.org/@babel%2fplugin-syntax-typescript 645ms (cache miss)
1285 silly packumentCache full:https://registry.npmjs.org/@babel%2fplugin-syntax-typescript set size:undefined disposed:false
1286 silly fetch manifest @babel/preset-env@^7.23.9
1287 silly packumentCache full:https://registry.npmjs.org/@babel%2fpreset-env cache-miss
1288 http fetch GET 200 https://registry.npmjs.org/@babel%2fhelper-create-class-features-plugin 799ms (cache miss)
1289 silly packumentCache full:https://registry.npmjs.org/@babel%2fhelper-create-class-features-plugin set size:undefined disposed:false
1290 silly fetch manifest regenerator-runtime@^0.14.1
1291 silly packumentCache full:https://registry.npmjs.org/regenerator-runtime cache-miss
1292 http cache https://registry.npmjs.org/regenerator-runtime 11ms (cache hit)
1293 silly packumentCache full:https://registry.npmjs.org/regenerator-runtime set size:59671 disposed:false
1294 silly fetch manifest browserslist-to-esbuild@^2.1.1
1295 silly packumentCache full:https://registry.npmjs.org/browserslist-to-esbuild cache-miss
1296 http fetch GET 200 https://registry.npmjs.org/browserslist-to-esbuild 430ms (cache miss)
1297 silly packumentCache full:https://registry.npmjs.org/browserslist-to-esbuild set size:undefined disposed:false
1298 silly fetch manifest @jridgewell/source-map@^0.3.3
1299 silly packumentCache full:https://registry.npmjs.org/@jridgewell%2fsource-map cache-miss
1300 http fetch GET 200 https://registry.npmjs.org/@babel%2fhelper-skip-transparent-expression-wrappers 880ms (cache miss)
1301 silly packumentCache full:https://registry.npmjs.org/@babel%2fhelper-skip-transparent-expression-wrappers set size:undefined disposed:false
1302 silly fetch manifest acorn@^8.15.0
1303 silly packumentCache full:https://registry.npmjs.org/acorn cache-miss
1304 http cache https://registry.npmjs.org/acorn 9ms (cache hit)
1305 silly packumentCache full:https://registry.npmjs.org/acorn set size:379626 disposed:false
1306 silly fetch manifest commander@^2.20.0
1307 silly packumentCache full:https://registry.npmjs.org/commander cache-miss
1308 http fetch GET 200 https://registry.npmjs.org/@babel%2fhelper-plugin-utils 1579ms (cache miss)
1309 silly packumentCache full:https://registry.npmjs.org/@babel%2fhelper-plugin-utils set size:undefined disposed:false
1310 silly fetch manifest source-map-support@~0.5.20
1311 silly packumentCache full:https://registry.npmjs.org/source-map-support cache-miss
1312 http fetch GET 200 https://registry.npmjs.org/@babel%2fpreset-env 1040ms (cache miss)
1313 silly packumentCache full:https://registry.npmjs.org/@babel%2fpreset-env set size:undefined disposed:false
1314 silly fetch manifest @vue/babel-plugin-jsx@^1.1.5
1315 silly packumentCache full:https://registry.npmjs.org/@vue%2fbabel-plugin-jsx cache-miss
1316 http fetch GET 200 https://registry.npmjs.org/@jridgewell%2fsource-map 458ms (cache miss)
1317 silly packumentCache full:https://registry.npmjs.org/@jridgewell%2fsource-map set size:undefined disposed:false
1318 silly fetch manifest qs@6.11.0
1319 silly packumentCache full:https://registry.npmjs.org/qs cache-miss
1320 http fetch GET 200 https://registry.npmjs.org/commander 490ms (cache miss)
1321 silly packumentCache full:https://registry.npmjs.org/commander set size:undefined disposed:false
1322 silly fetch manifest depd@2.0.0
1323 silly packumentCache full:https://registry.npmjs.org/depd cache-miss
1324 http fetch GET 200 https://registry.npmjs.org/@vue%2fbabel-plugin-jsx 424ms (cache miss)
1325 silly packumentCache full:https://registry.npmjs.org/@vue%2fbabel-plugin-jsx set size:undefined disposed:false
1326 silly fetch manifest etag@~1.8.1
1327 silly packumentCache full:https://registry.npmjs.org/etag cache-miss
1328 http fetch GET 200 https://registry.npmjs.org/systemjs 1652ms (cache miss)
1329 silly packumentCache full:https://registry.npmjs.org/systemjs set size:undefined disposed:false
1330 silly fetch manifest send@0.19.0
1331 silly packumentCache full:https://registry.npmjs.org/send cache-miss
1332 http fetch GET 200 https://registry.npmjs.org/source-map-support 799ms (cache miss)
1333 silly packumentCache full:https://registry.npmjs.org/source-map-support set size:undefined disposed:false
1334 silly fetch manifest vary@~1.1.2
1335 silly packumentCache full:https://registry.npmjs.org/vary cache-miss
1336 http fetch GET 200 https://registry.npmjs.org/qs 716ms (cache miss)
1337 silly packumentCache full:https://registry.npmjs.org/qs set size:undefined disposed:false
1338 silly fetch manifest debug@2.6.9
1339 silly packumentCache full:https://registry.npmjs.org/debug cache-hit
1340 silly fetch manifest fresh@0.5.2
1341 silly packumentCache full:https://registry.npmjs.org/fresh cache-miss
1342 http fetch GET 200 https://registry.npmjs.org/etag 432ms (cache miss)
1343 silly packumentCache full:https://registry.npmjs.org/etag set size:undefined disposed:false
1344 silly fetch manifest cookie@0.6.0
1345 silly packumentCache full:https://registry.npmjs.org/cookie cache-miss
1346 http fetch GET 200 https://registry.npmjs.org/depd 740ms (cache miss)
1347 silly packumentCache full:https://registry.npmjs.org/depd set size:undefined disposed:false
1348 silly fetch manifest accepts@~1.3.8
1349 silly packumentCache full:https://registry.npmjs.org/accepts cache-miss
1350 http fetch GET 200 https://registry.npmjs.org/accepts 205ms (cache miss)
1351 silly packumentCache full:https://registry.npmjs.org/accepts set size:undefined disposed:false
1352 silly fetch manifest methods@~1.1.2
1353 silly packumentCache full:https://registry.npmjs.org/methods cache-miss
1354 http fetch GET 200 https://registry.npmjs.org/fresh 406ms (cache miss)
1355 silly packumentCache full:https://registry.npmjs.org/fresh set size:undefined disposed:false
1356 silly fetch manifest type-is@~1.6.18
1357 silly packumentCache full:https://registry.npmjs.org/type-is cache-miss
1358 http fetch GET 200 https://registry.npmjs.org/methods 209ms (cache miss)
1359 silly packumentCache full:https://registry.npmjs.org/methods set size:undefined disposed:false
1360 silly fetch manifest parseurl@~1.3.3
1361 silly packumentCache full:https://registry.npmjs.org/parseurl cache-miss
1362 http fetch GET 200 https://registry.npmjs.org/send 708ms (cache miss)
1363 silly packumentCache full:https://registry.npmjs.org/send set size:undefined disposed:false
1364 silly fetch manifest statuses@2.0.1
1365 silly packumentCache full:https://registry.npmjs.org/statuses cache-miss
1366 http fetch GET 200 https://registry.npmjs.org/cookie 484ms (cache miss)
1367 silly packumentCache full:https://registry.npmjs.org/cookie set size:undefined disposed:false
1368 silly fetch manifest encodeurl@~2.0.0
1369 silly packumentCache full:https://registry.npmjs.org/encodeurl cache-miss
1370 http fetch GET 200 https://registry.npmjs.org/parseurl 190ms (cache miss)
1371 silly packumentCache full:https://registry.npmjs.org/parseurl set size:undefined disposed:false
1372 silly fetch manifest proxy-addr@~2.0.7
1373 silly packumentCache full:https://registry.npmjs.org/proxy-addr cache-miss
1374 http fetch GET 200 https://registry.npmjs.org/encodeurl 205ms (cache miss)
1375 silly packumentCache full:https://registry.npmjs.org/encodeurl set size:undefined disposed:false
1376 silly fetch manifest body-parser@1.20.3
1377 silly packumentCache full:https://registry.npmjs.org/body-parser cache-miss
1378 http fetch GET 200 https://registry.npmjs.org/type-is 445ms (cache miss)
1379 silly packumentCache full:https://registry.npmjs.org/type-is set size:undefined disposed:false
1380 silly fetch manifest escape-html@~1.0.3
1381 silly packumentCache full:https://registry.npmjs.org/escape-html cache-miss
1382 http fetch GET 200 https://registry.npmjs.org/proxy-addr 226ms (cache miss)
1383 silly packumentCache full:https://registry.npmjs.org/proxy-addr set size:undefined disposed:false
1384 silly fetch manifest http-errors@2.0.0
1385 silly packumentCache full:https://registry.npmjs.org/http-errors cache-miss
1386 http fetch GET 200 https://registry.npmjs.org/statuses 404ms (cache miss)
1387 silly packumentCache full:https://registry.npmjs.org/statuses set size:undefined disposed:false
1388 silly fetch manifest on-finished@2.4.1
1389 silly packumentCache full:https://registry.npmjs.org/on-finished cache-miss
1390 http fetch GET 200 https://registry.npmjs.org/escape-html 196ms (cache miss)
1391 silly packumentCache full:https://registry.npmjs.org/escape-html set size:undefined disposed:false
1392 silly fetch manifest safe-buffer@5.2.1
1393 silly packumentCache full:https://registry.npmjs.org/safe-buffer cache-miss
1394 http fetch GET 200 https://registry.npmjs.org/on-finished 225ms (cache miss)
1395 silly packumentCache full:https://registry.npmjs.org/on-finished set size:undefined disposed:false
1396 silly fetch manifest utils-merge@1.0.1
1397 silly packumentCache full:https://registry.npmjs.org/utils-merge cache-miss
1398 http fetch GET 200 https://registry.npmjs.org/safe-buffer 243ms (cache miss)
1399 silly packumentCache full:https://registry.npmjs.org/safe-buffer set size:undefined disposed:false
1400 silly fetch manifest content-type@~1.0.4
1401 silly packumentCache full:https://registry.npmjs.org/content-type cache-miss
1402 http fetch GET 200 https://registry.npmjs.org/http-errors 358ms (cache miss)
1403 silly packumentCache full:https://registry.npmjs.org/http-errors set size:undefined disposed:false
1404 silly fetch manifest finalhandler@1.2.0
1405 silly packumentCache full:https://registry.npmjs.org/finalhandler cache-miss
1406 http fetch GET 200 https://registry.npmjs.org/utils-merge 194ms (cache miss)
1407 silly packumentCache full:https://registry.npmjs.org/utils-merge set size:undefined disposed:false
1408 silly fetch manifest range-parser@~1.2.1
1409 silly packumentCache full:https://registry.npmjs.org/range-parser cache-miss
1410 http fetch GET 200 https://registry.npmjs.org/content-type 207ms (cache miss)
1411 silly packumentCache full:https://registry.npmjs.org/content-type set size:undefined disposed:false
1412 silly fetch manifest serve-static@1.16.0
1413 silly packumentCache full:https://registry.npmjs.org/serve-static cache-miss
1414 http fetch GET 200 https://registry.npmjs.org/vary 1588ms (cache miss)
1415 silly packumentCache full:https://registry.npmjs.org/vary set size:undefined disposed:false
1416 silly fetch manifest array-flatten@1.1.1
1417 silly packumentCache full:https://registry.npmjs.org/array-flatten cache-miss
1418 http fetch GET 200 https://registry.npmjs.org/range-parser 249ms (cache miss)
1419 silly packumentCache full:https://registry.npmjs.org/range-parser set size:undefined disposed:false
1420 silly fetch manifest path-to-regexp@0.1.10
1421 silly packumentCache full:https://registry.npmjs.org/path-to-regexp cache-miss
1422 http fetch GET 200 https://registry.npmjs.org/finalhandler 358ms (cache miss)
1423 silly packumentCache full:https://registry.npmjs.org/finalhandler set size:undefined disposed:false
1424 silly fetch manifest setprototypeof@1.2.0
1425 silly packumentCache full:https://registry.npmjs.org/setprototypeof cache-miss
1426 http fetch GET 200 https://registry.npmjs.org/body-parser 956ms (cache miss)
1427 silly packumentCache full:https://registry.npmjs.org/body-parser set size:undefined disposed:false
1428 silly fetch manifest cookie-signature@1.0.6
1429 silly packumentCache full:https://registry.npmjs.org/cookie-signature cache-miss
1430 http fetch GET 200 https://registry.npmjs.org/setprototypeof 184ms (cache miss)
1431 silly packumentCache full:https://registry.npmjs.org/setprototypeof set size:undefined disposed:false
1432 silly fetch manifest merge-descriptors@1.0.3
1433 silly packumentCache full:https://registry.npmjs.org/merge-descriptors cache-miss
1434 http fetch GET 200 https://registry.npmjs.org/array-flatten 378ms (cache miss)
1435 silly packumentCache full:https://registry.npmjs.org/array-flatten set size:undefined disposed:false
1436 silly fetch manifest content-disposition@0.5.4
1437 silly packumentCache full:https://registry.npmjs.org/content-disposition cache-miss
1438 http fetch GET 200 https://registry.npmjs.org/serve-static 442ms (cache miss)
1439 silly packumentCache full:https://registry.npmjs.org/serve-static set size:undefined disposed:false
1440 http fetch GET 200 https://registry.npmjs.org/merge-descriptors 175ms (cache miss)
1441 silly packumentCache full:https://registry.npmjs.org/merge-descriptors set size:undefined disposed:false
1442 http fetch GET 200 https://registry.npmjs.org/path-to-regexp 581ms (cache miss)
1443 silly packumentCache full:https://registry.npmjs.org/path-to-regexp set size:undefined disposed:false
1444 http fetch GET 200 https://registry.npmjs.org/cookie-signature 745ms (cache miss)
1445 silly packumentCache full:https://registry.npmjs.org/cookie-signature set size:undefined disposed:false
1446 http fetch GET 200 https://registry.npmjs.org/content-disposition 852ms (cache miss)
1447 silly packumentCache full:https://registry.npmjs.org/content-disposition set size:undefined disposed:false
1448 silly placeDep ROOT @babel/helper-plugin-utils@7.28.6 OK for: @babel/plugin-syntax-import-meta@7.10.4 want: ^7.10.4
1449 silly fetch manifest @babel/core@^7.0.0-0
1450 silly packumentCache full:https://registry.npmjs.org/@babel%2fcore cache-hit
1451 silly placeDep ROOT @babel/helper-annotate-as-pure@7.27.3 OK for: @babel/plugin-transform-typescript@7.28.6 want: ^7.27.3
1452 silly placeDep ROOT @babel/helper-create-class-features-plugin@7.28.6 OK for: @babel/plugin-transform-typescript@7.28.6 want: ^7.28.6
1453 silly placeDep ROOT @babel/helper-skip-transparent-expression-wrappers@7.27.1 OK for: @babel/plugin-transform-typescript@7.28.6 want: ^7.27.1
1454 silly placeDep ROOT @babel/plugin-syntax-typescript@7.28.6 OK for: @babel/plugin-transform-typescript@7.28.6 want: ^7.28.6
1455 silly fetch manifest @babel/types@^7.27.3
1456 silly packumentCache full:https://registry.npmjs.org/@babel%2ftypes cache-hit
1457 silly fetch manifest @babel/helper-replace-supers@^7.28.6
1458 silly packumentCache full:https://registry.npmjs.org/@babel%2fhelper-replace-supers cache-miss
1459 silly fetch manifest @babel/helper-optimise-call-expression@^7.27.1
1460 silly packumentCache full:https://registry.npmjs.org/@babel%2fhelper-optimise-call-expression cache-miss
1461 silly fetch manifest @babel/helper-member-expression-to-functions@^7.28.5
1462 silly packumentCache full:https://registry.npmjs.org/@babel%2fhelper-member-expression-to-functions cache-miss
1463 silly fetch manifest @babel/types@^7.27.1
1464 silly packumentCache full:https://registry.npmjs.org/@babel%2ftypes cache-hit
1465 http fetch GET 200 https://registry.npmjs.org/@babel%2fhelper-optimise-call-expression 415ms (cache miss)
1466 silly packumentCache full:https://registry.npmjs.org/@babel%2fhelper-optimise-call-expression set size:undefined disposed:false
1467 http fetch GET 200 https://registry.npmjs.org/@babel%2fhelper-member-expression-to-functions 512ms (cache miss)
1468 silly packumentCache full:https://registry.npmjs.org/@babel%2fhelper-member-expression-to-functions set size:undefined disposed:false
1469 http fetch GET 200 https://registry.npmjs.org/@babel%2fhelper-replace-supers 657ms (cache miss)
1470 silly packumentCache full:https://registry.npmjs.org/@babel%2fhelper-replace-supers set size:undefined disposed:false
1471 silly placeDep node_modules/@babel/helper-annotate-as-pure @babel/types@7.29.0 OK for: @babel/helper-annotate-as-pure@7.27.3 want: ^7.27.3
1472 silly placeDep ROOT @babel/helper-member-expression-to-functions@7.28.5 OK for: @babel/helper-create-class-features-plugin@7.28.6 want: ^7.28.5
1473 silly placeDep ROOT @babel/helper-optimise-call-expression@7.27.1 OK for: @babel/helper-create-class-features-plugin@7.28.6 want: ^7.27.1
1474 silly placeDep ROOT @babel/helper-replace-supers@7.28.6 OK for: @babel/helper-create-class-features-plugin@7.28.6 want: ^7.28.6
1475 silly fetch manifest @babel/types@^7.28.5
1476 silly packumentCache full:https://registry.npmjs.org/@babel%2ftypes cache-hit
1477 silly placeDep node_modules/@babel/helper-member-expression-to-functions @babel/types@7.29.0 OK for: @babel/helper-member-expression-to-functions@7.28.5 want: ^7.28.5
1478 silly placeDep node_modules/@babel/helper-optimise-call-expression @babel/types@7.29.0 OK for: @babel/helper-optimise-call-expression@7.27.1 want: ^7.27.1
1479 silly placeDep node_modules/@babel/helper-skip-transparent-expression-wrappers @babel/types@7.29.0 OK for: @babel/helper-skip-transparent-expression-wrappers@7.27.1 want: ^7.27.1
1480 silly placeDep ROOT @intlify/devtools-if@9.1.9 OK for: @intlify/core-base@9.1.9 want: 9.1.9
1481 silly placeDep ROOT @intlify/message-compiler@9.1.9 OK for: @intlify/core-base@9.1.9 want: 9.1.9
1482 silly placeDep ROOT @intlify/message-resolver@9.1.9 OK for: @intlify/core-base@9.1.9 want: 9.1.9
1483 silly placeDep ROOT @intlify/runtime@9.1.9 OK for: @intlify/core-base@9.1.9 want: 9.1.9
1484 silly fetch manifest source-map@0.6.1
1485 silly packumentCache full:https://registry.npmjs.org/source-map cache-miss
1486 http fetch GET 200 https://registry.npmjs.org/source-map 458ms (cache miss)
1487 silly packumentCache full:https://registry.npmjs.org/source-map set size:undefined disposed:false
1488 silly placeDep ROOT source-map@0.6.1 OK for: @intlify/message-compiler@9.1.9 want: 0.6.1
1489 silly placeDep ROOT @jridgewell/sourcemap-codec@1.5.5 OK for: @jridgewell/gen-mapping@0.3.13 want: ^1.5.0
1490 silly placeDep ROOT @jridgewell/resolve-uri@3.1.2 OK for: @jridgewell/trace-mapping@0.3.31 want: ^3.1.0
1491 silly placeDep ROOT @types/estree@1.0.8 OK for: @rollup/pluginutils@5.1.0 want: ^1.0.0
1492 silly placeDep ROOT picomatch@2.3.1 OK for: @rollup/pluginutils@5.1.0 want: ^2.3.1
1493 silly fetch manifest @babel/core@^7.23.9
1494 silly packumentCache full:https://registry.npmjs.org/@babel%2fcore cache-hit
1495 silly fetch manifest browserslist@^4.23.0
1496 silly packumentCache full:https://registry.npmjs.org/browserslist cache-hit
1497 silly placeDep ROOT @babel/preset-env@7.29.2 OK for: @vitejs/plugin-legacy@5.3.2 want: ^7.23.9
1498 silly placeDep ROOT browserslist-to-esbuild@2.1.1 OK for: @vitejs/plugin-legacy@5.3.2 want: ^2.1.1
1499 silly placeDep ROOT core-js@3.49.0 OK for: @vitejs/plugin-legacy@5.3.2 want: ^3.36.0
1500 silly placeDep ROOT regenerator-runtime@0.14.1 OK for: @vitejs/plugin-legacy@5.3.2 want: ^0.14.1
1501 silly placeDep ROOT systemjs@6.15.1 OK for: @vitejs/plugin-legacy@5.3.2 want: ^6.14.3
1502 silly fetch manifest @babel/plugin-bugfix-firefox-class-in-computed-class-key@^7.28.5
1503 silly packumentCache full:https://registry.npmjs.org/@babel%2fplugin-bugfix-firefox-class-in-computed-class-key cache-miss
1504 silly fetch manifest @babel/plugin-bugfix-safari-class-field-initializer-scope@^7.27.1
1505 silly packumentCache full:https://registry.npmjs.org/@babel%2fplugin-bugfix-safari-class-field-initializer-scope cache-miss
1506 silly fetch manifest @babel/plugin-bugfix-safari-id-destructuring-collision-in-function-expression@^7.27.1
1507 silly packumentCache full:https://registry.npmjs.org/@babel%2fplugin-bugfix-safari-id-destructuring-collision-in-function-expression cache-miss
1508 silly fetch manifest @babel/plugin-bugfix-v8-spread-parameters-in-optional-chaining@^7.27.1
1509 silly packumentCache full:https://registry.npmjs.org/@babel%2fplugin-bugfix-v8-spread-parameters-in-optional-chaining cache-miss
1510 silly fetch manifest @babel/plugin-bugfix-v8-static-class-fields-redefine-readonly@^7.28.6
1511 silly packumentCache full:https://registry.npmjs.org/@babel%2fplugin-bugfix-v8-static-class-fields-redefine-readonly cache-miss
1512 http fetch GET 200 https://registry.npmjs.org/@babel%2fplugin-bugfix-safari-class-field-initializer-scope 370ms (cache miss)
1513 silly packumentCache full:https://registry.npmjs.org/@babel%2fplugin-bugfix-safari-class-field-initializer-scope set size:undefined disposed:false
1514 silly fetch manifest @babel/plugin-proposal-private-property-in-object@7.21.0-placeholder-for-preset-env.2
1515 silly packumentCache full:https://registry.npmjs.org/@babel%2fplugin-proposal-private-property-in-object cache-miss
1516 http fetch GET 200 https://registry.npmjs.org/@babel%2fplugin-bugfix-v8-static-class-fields-redefine-readonly 408ms (cache miss)
1517 silly packumentCache full:https://registry.npmjs.org/@babel%2fplugin-bugfix-v8-static-class-fields-redefine-readonly set size:undefined disposed:false
1518 silly fetch manifest @babel/plugin-syntax-import-assertions@^7.28.6
1519 silly packumentCache full:https://registry.npmjs.org/@babel%2fplugin-syntax-import-assertions cache-miss
1520 http fetch GET 200 https://registry.npmjs.org/@babel%2fplugin-bugfix-safari-id-destructuring-collision-in-function-expression 436ms (cache miss)
1521 silly packumentCache full:https://registry.npmjs.org/@babel%2fplugin-bugfix-safari-id-destructuring-collision-in-function-expression set size:undefined disposed:false
1522 silly fetch manifest @babel/plugin-syntax-import-attributes@^7.28.6
1523 silly packumentCache full:https://registry.npmjs.org/@babel%2fplugin-syntax-import-attributes cache-miss
1524 http fetch GET 200 https://registry.npmjs.org/@babel%2fplugin-bugfix-firefox-class-in-computed-class-key 463ms (cache miss)
1525 silly packumentCache full:https://registry.npmjs.org/@babel%2fplugin-bugfix-firefox-class-in-computed-class-key set size:undefined disposed:false
1526 silly fetch manifest @babel/plugin-syntax-unicode-sets-regex@^7.18.6
1527 silly packumentCache full:https://registry.npmjs.org/@babel%2fplugin-syntax-unicode-sets-regex cache-miss
1528 http fetch GET 200 https://registry.npmjs.org/@babel%2fplugin-syntax-import-attributes 253ms (cache miss)
1529 silly packumentCache full:https://registry.npmjs.org/@babel%2fplugin-syntax-import-attributes set size:undefined disposed:false
1530 silly fetch manifest @babel/plugin-transform-arrow-functions@^7.27.1
1531 silly packumentCache full:https://registry.npmjs.org/@babel%2fplugin-transform-arrow-functions cache-miss
1532 http fetch GET 200 https://registry.npmjs.org/@babel%2fplugin-syntax-import-assertions 303ms (cache miss)
1533 silly packumentCache full:https://registry.npmjs.org/@babel%2fplugin-syntax-import-assertions set size:undefined disposed:false
1534 silly fetch manifest @babel/plugin-transform-async-generator-functions@^7.29.0
1535 silly packumentCache full:https://registry.npmjs.org/@babel%2fplugin-transform-async-generator-functions cache-miss
1536 http fetch GET 200 https://registry.npmjs.org/@babel%2fplugin-proposal-private-property-in-object 472ms (cache miss)
1537 silly packumentCache full:https://registry.npmjs.org/@babel%2fplugin-proposal-private-property-in-object set size:undefined disposed:false
1538 silly fetch manifest @babel/plugin-transform-async-to-generator@^7.28.6
1539 silly packumentCache full:https://registry.npmjs.org/@babel%2fplugin-transform-async-to-generator cache-miss
1540 http fetch GET 200 https://registry.npmjs.org/@babel%2fplugin-syntax-unicode-sets-regex 421ms (cache miss)
1541 silly packumentCache full:https://registry.npmjs.org/@babel%2fplugin-syntax-unicode-sets-regex set size:undefined disposed:false
1542 silly fetch manifest @babel/plugin-transform-block-scoped-functions@^7.27.1
1543 silly packumentCache full:https://registry.npmjs.org/@babel%2fplugin-transform-block-scoped-functions cache-miss
1544 http fetch GET 200 https://registry.npmjs.org/@babel%2fplugin-bugfix-v8-spread-parameters-in-optional-chaining 924ms (cache miss)
1545 silly packumentCache full:https://registry.npmjs.org/@babel%2fplugin-bugfix-v8-spread-parameters-in-optional-chaining set size:undefined disposed:false
1546 silly fetch manifest @babel/plugin-transform-block-scoping@^7.28.6
1547 silly packumentCache full:https://registry.npmjs.org/@babel%2fplugin-transform-block-scoping cache-miss
1548 http fetch GET 200 https://registry.npmjs.org/@babel%2fplugin-transform-async-generator-functions 264ms (cache miss)
1549 silly packumentCache full:https://registry.npmjs.org/@babel%2fplugin-transform-async-generator-functions set size:undefined disposed:false
1550 silly fetch manifest @babel/plugin-transform-class-properties@^7.28.6
1551 silly packumentCache full:https://registry.npmjs.org/@babel%2fplugin-transform-class-properties cache-miss
1552 http fetch GET 200 https://registry.npmjs.org/@babel%2fplugin-transform-arrow-functions 994ms (cache miss)
1553 silly packumentCache full:https://registry.npmjs.org/@babel%2fplugin-transform-arrow-functions set size:undefined disposed:false
1554 silly fetch manifest @babel/plugin-transform-class-static-block@^7.28.6
1555 silly packumentCache full:https://registry.npmjs.org/@babel%2fplugin-transform-class-static-block cache-miss
1556 http fetch GET 200 https://registry.npmjs.org/@babel%2fplugin-transform-class-properties 784ms (cache miss)
1557 silly packumentCache full:https://registry.npmjs.org/@babel%2fplugin-transform-class-properties set size:undefined disposed:false
1558 silly fetch manifest @babel/plugin-transform-classes@^7.28.6
1559 silly packumentCache full:https://registry.npmjs.org/@babel%2fplugin-transform-classes cache-miss
1560 http fetch GET 200 https://registry.npmjs.org/@babel%2fplugin-transform-async-to-generator 1058ms (cache miss)
1561 silly packumentCache full:https://registry.npmjs.org/@babel%2fplugin-transform-async-to-generator set size:undefined disposed:false
1562 silly fetch manifest @babel/plugin-transform-computed-properties@^7.28.6
1563 silly packumentCache full:https://registry.npmjs.org/@babel%2fplugin-transform-computed-properties cache-miss
1564 http fetch GET 200 https://registry.npmjs.org/@babel%2fplugin-transform-block-scoping 987ms (cache miss)
1565 silly packumentCache full:https://registry.npmjs.org/@babel%2fplugin-transform-block-scoping set size:undefined disposed:false
1566 silly fetch manifest @babel/plugin-transform-destructuring@^7.28.5
1567 silly packumentCache full:https://registry.npmjs.org/@babel%2fplugin-transform-destructuring cache-miss
1568 http fetch GET 200 https://registry.npmjs.org/@babel%2fplugin-transform-class-static-block 265ms (cache miss)
1569 silly packumentCache full:https://registry.npmjs.org/@babel%2fplugin-transform-class-static-block set size:undefined disposed:false
1570 silly fetch manifest @babel/plugin-transform-dotall-regex@^7.28.6
1571 silly packumentCache full:https://registry.npmjs.org/@babel%2fplugin-transform-dotall-regex cache-miss
1572 http fetch GET 200 https://registry.npmjs.org/@babel%2fplugin-transform-computed-properties 712ms (cache miss)
1573 silly packumentCache full:https://registry.npmjs.org/@babel%2fplugin-transform-computed-properties set size:undefined disposed:false
1574 silly fetch manifest @babel/plugin-transform-duplicate-keys@^7.27.1
1575 silly packumentCache full:https://registry.npmjs.org/@babel%2fplugin-transform-duplicate-keys cache-miss
1576 http fetch GET 200 https://registry.npmjs.org/@babel%2fplugin-transform-dotall-regex 818ms (cache miss)
1577 silly packumentCache full:https://registry.npmjs.org/@babel%2fplugin-transform-dotall-regex set size:undefined disposed:false
1578 silly fetch manifest @babel/plugin-transform-duplicate-named-capturing-groups-regex@^7.29.0
1579 silly packumentCache full:https://registry.npmjs.org/@babel%2fplugin-transform-duplicate-named-capturing-groups-regex cache-miss
1580 http fetch GET 200 https://registry.npmjs.org/@babel%2fplugin-transform-block-scoped-functions 1971ms (cache miss)
1581 silly packumentCache full:https://registry.npmjs.org/@babel%2fplugin-transform-block-scoped-functions set size:undefined disposed:false
1582 silly fetch manifest @babel/plugin-transform-dynamic-import@^7.27.1
1583 silly packumentCache full:https://registry.npmjs.org/@babel%2fplugin-transform-dynamic-import cache-miss
1584 http fetch GET 200 https://registry.npmjs.org/@babel%2fplugin-transform-destructuring 1021ms (cache miss)
1585 silly packumentCache full:https://registry.npmjs.org/@babel%2fplugin-transform-destructuring set size:undefined disposed:false
1586 silly fetch manifest @babel/plugin-transform-explicit-resource-management@^7.28.6
1587 silly packumentCache full:https://registry.npmjs.org/@babel%2fplugin-transform-explicit-resource-management cache-miss
1588 http fetch GET 200 https://registry.npmjs.org/@babel%2fplugin-transform-duplicate-named-capturing-groups-regex 272ms (cache miss)
1589 silly packumentCache full:https://registry.npmjs.org/@babel%2fplugin-transform-duplicate-named-capturing-groups-regex set size:undefined disposed:false
1590 silly fetch manifest @babel/plugin-transform-exponentiation-operator@^7.28.6
1591 silly packumentCache full:https://registry.npmjs.org/@babel%2fplugin-transform-exponentiation-operator cache-miss
1592 http fetch GET 200 https://registry.npmjs.org/@babel%2fplugin-transform-classes 1322ms (cache miss)
1593 silly packumentCache full:https://registry.npmjs.org/@babel%2fplugin-transform-classes set size:undefined disposed:false
1594 silly fetch manifest @babel/plugin-transform-export-namespace-from@^7.27.1
1595 silly packumentCache full:https://registry.npmjs.org/@babel%2fplugin-transform-export-namespace-from cache-miss
1596 http fetch GET 200 https://registry.npmjs.org/@babel%2fplugin-transform-explicit-resource-management 216ms (cache miss)
1597 silly packumentCache full:https://registry.npmjs.org/@babel%2fplugin-transform-explicit-resource-management set size:undefined disposed:false
1598 silly fetch manifest @babel/plugin-transform-for-of@^7.27.1
1599 silly packumentCache full:https://registry.npmjs.org/@babel%2fplugin-transform-for-of cache-miss
1600 http fetch GET 200 https://registry.npmjs.org/@babel%2fplugin-transform-dynamic-import 505ms (cache miss)
1601 silly packumentCache full:https://registry.npmjs.org/@babel%2fplugin-transform-dynamic-import set size:undefined disposed:false
1602 silly fetch manifest @babel/plugin-transform-function-name@^7.27.1
1603 silly packumentCache full:https://registry.npmjs.org/@babel%2fplugin-transform-function-name cache-miss
1604 http fetch GET 200 https://registry.npmjs.org/@babel%2fplugin-transform-duplicate-keys 761ms (cache miss)
1605 silly packumentCache full:https://registry.npmjs.org/@babel%2fplugin-transform-duplicate-keys set size:undefined disposed:false
1606 silly fetch manifest @babel/plugin-transform-json-strings@^7.28.6
1607 silly packumentCache full:https://registry.npmjs.org/@babel%2fplugin-transform-json-strings cache-miss
1608 http fetch GET 200 https://registry.npmjs.org/@babel%2fplugin-transform-export-namespace-from 313ms (cache miss)
1609 silly packumentCache full:https://registry.npmjs.org/@babel%2fplugin-transform-export-namespace-from set size:undefined disposed:false
1610 silly fetch manifest @babel/plugin-transform-literals@^7.27.1
1611 silly packumentCache full:https://registry.npmjs.org/@babel%2fplugin-transform-literals cache-miss
1612 http fetch GET 200 https://registry.npmjs.org/@babel%2fplugin-transform-exponentiation-operator 725ms (cache miss)
1613 silly packumentCache full:https://registry.npmjs.org/@babel%2fplugin-transform-exponentiation-operator set size:undefined disposed:false
1614 silly fetch manifest @babel/plugin-transform-logical-assignment-operators@^7.28.6
1615 silly packumentCache full:https://registry.npmjs.org/@babel%2fplugin-transform-logical-assignment-operators cache-miss
1616 http fetch GET 200 https://registry.npmjs.org/@babel%2fplugin-transform-json-strings 440ms (cache miss)
1617 silly packumentCache full:https://registry.npmjs.org/@babel%2fplugin-transform-json-strings set size:undefined disposed:false
1618 silly fetch manifest @babel/plugin-transform-member-expression-literals@^7.27.1
1619 silly packumentCache full:https://registry.npmjs.org/@babel%2fplugin-transform-member-expression-literals cache-miss
1620 http fetch GET 200 https://registry.npmjs.org/@babel%2fplugin-transform-member-expression-literals 414ms (cache miss)
1621 silly packumentCache full:https://registry.npmjs.org/@babel%2fplugin-transform-member-expression-literals set size:undefined disposed:false
1622 silly fetch manifest @babel/plugin-transform-modules-amd@^7.27.1
1623 silly packumentCache full:https://registry.npmjs.org/@babel%2fplugin-transform-modules-amd cache-miss
1624 http fetch GET 200 https://registry.npmjs.org/@babel%2fplugin-transform-logical-assignment-operators 472ms (cache miss)
1625 silly packumentCache full:https://registry.npmjs.org/@babel%2fplugin-transform-logical-assignment-operators set size:undefined disposed:false
1626 silly fetch manifest @babel/plugin-transform-modules-commonjs@^7.28.6
1627 silly packumentCache full:https://registry.npmjs.org/@babel%2fplugin-transform-modules-commonjs cache-miss
1628 http fetch GET 200 https://registry.npmjs.org/@babel%2fplugin-transform-literals 1013ms (cache miss)
1629 silly packumentCache full:https://registry.npmjs.org/@babel%2fplugin-transform-literals set size:undefined disposed:false
1630 silly fetch manifest @babel/plugin-transform-modules-systemjs@^7.29.0
1631 silly packumentCache full:https://registry.npmjs.org/@babel%2fplugin-transform-modules-systemjs cache-miss
1632 http fetch GET 200 https://registry.npmjs.org/@babel%2fplugin-transform-for-of 1273ms (cache miss)
1633 silly packumentCache full:https://registry.npmjs.org/@babel%2fplugin-transform-for-of set size:undefined disposed:false
1634 silly fetch manifest @babel/plugin-transform-modules-umd@^7.27.1
1635 silly packumentCache full:https://registry.npmjs.org/@babel%2fplugin-transform-modules-umd cache-miss
1636 http fetch GET 200 https://registry.npmjs.org/@babel%2fplugin-transform-modules-amd 483ms (cache miss)
1637 silly packumentCache full:https://registry.npmjs.org/@babel%2fplugin-transform-modules-amd set size:undefined disposed:false
1638 silly fetch manifest @babel/plugin-transform-named-capturing-groups-regex@^7.29.0
1639 silly packumentCache full:https://registry.npmjs.org/@babel%2fplugin-transform-named-capturing-groups-regex cache-miss
1640 http fetch GET 200 https://registry.npmjs.org/@babel%2fplugin-transform-modules-commonjs 853ms (cache miss)
1641 silly packumentCache full:https://registry.npmjs.org/@babel%2fplugin-transform-modules-commonjs set size:undefined disposed:false
1642 silly fetch manifest @babel/plugin-transform-new-target@^7.27.1
1643 silly packumentCache full:https://registry.npmjs.org/@babel%2fplugin-transform-new-target cache-miss
1644 http fetch GET 200 https://registry.npmjs.org/@babel%2fplugin-transform-named-capturing-groups-regex 667ms (cache miss)
1645 silly packumentCache full:https://registry.npmjs.org/@babel%2fplugin-transform-named-capturing-groups-regex set size:undefined disposed:false
1646 silly fetch manifest @babel/plugin-transform-nullish-coalescing-operator@^7.28.6
1647 silly packumentCache full:https://registry.npmjs.org/@babel%2fplugin-transform-nullish-coalescing-operator cache-miss
1648 http fetch GET 200 https://registry.npmjs.org/@babel%2fplugin-transform-new-target 704ms (cache miss)
1649 silly packumentCache full:https://registry.npmjs.org/@babel%2fplugin-transform-new-target set size:undefined disposed:false
1650 silly fetch manifest @babel/plugin-transform-numeric-separator@^7.28.6
1651 silly packumentCache full:https://registry.npmjs.org/@babel%2fplugin-transform-numeric-separator cache-miss
1652 http fetch GET 200 https://registry.npmjs.org/@babel%2fplugin-transform-modules-umd 1400ms (cache miss)
1653 silly packumentCache full:https://registry.npmjs.org/@babel%2fplugin-transform-modules-umd set size:undefined disposed:false
1654 silly fetch manifest @babel/plugin-transform-object-rest-spread@^7.28.6
1655 silly packumentCache full:https://registry.npmjs.org/@babel%2fplugin-transform-object-rest-spread cache-miss
1656 http fetch GET 200 https://registry.npmjs.org/@babel%2fplugin-transform-modules-systemjs 1473ms (cache miss)
1657 silly packumentCache full:https://registry.npmjs.org/@babel%2fplugin-transform-modules-systemjs set size:undefined disposed:false
1658 silly fetch manifest @babel/plugin-transform-object-super@^7.27.1
1659 silly packumentCache full:https://registry.npmjs.org/@babel%2fplugin-transform-object-super cache-miss
1660 http fetch GET 200 https://registry.npmjs.org/@babel%2fplugin-transform-nullish-coalescing-operator 526ms (cache miss)
1661 silly packumentCache full:https://registry.npmjs.org/@babel%2fplugin-transform-nullish-coalescing-operator set size:undefined disposed:false
1662 silly fetch manifest @babel/plugin-transform-optional-catch-binding@^7.28.6
1663 silly packumentCache full:https://registry.npmjs.org/@babel%2fplugin-transform-optional-catch-binding cache-miss
1664 http fetch GET 200 https://registry.npmjs.org/@babel%2fplugin-transform-numeric-separator 482ms (cache miss)
1665 silly packumentCache full:https://registry.npmjs.org/@babel%2fplugin-transform-numeric-separator set size:undefined disposed:false
1666 silly fetch manifest @babel/plugin-transform-optional-chaining@^7.28.6
1667 silly packumentCache full:https://registry.npmjs.org/@babel%2fplugin-transform-optional-chaining cache-miss
1668 http fetch GET 200 https://registry.npmjs.org/@babel%2fplugin-transform-function-name 3094ms (cache miss)
1669 silly packumentCache full:https://registry.npmjs.org/@babel%2fplugin-transform-function-name set size:undefined disposed:false
1670 silly fetch manifest @babel/plugin-transform-parameters@^7.27.7
1671 silly packumentCache full:https://registry.npmjs.org/@babel%2fplugin-transform-parameters cache-miss
1672 http fetch GET 200 https://registry.npmjs.org/@babel%2fplugin-transform-object-rest-spread 708ms (cache miss)
1673 silly packumentCache full:https://registry.npmjs.org/@babel%2fplugin-transform-object-rest-spread set size:undefined disposed:false
1674 silly fetch manifest @babel/plugin-transform-private-methods@^7.28.6
1675 silly packumentCache full:https://registry.npmjs.org/@babel%2fplugin-transform-private-methods cache-miss
1676 http fetch GET 200 https://registry.npmjs.org/@babel%2fplugin-transform-optional-chaining 281ms (cache miss)
1677 silly packumentCache full:https://registry.npmjs.org/@babel%2fplugin-transform-optional-chaining set size:undefined disposed:false
1678 silly fetch manifest @babel/plugin-transform-private-property-in-object@^7.28.6
1679 silly packumentCache full:https://registry.npmjs.org/@babel%2fplugin-transform-private-property-in-object cache-miss
1680 http fetch GET 200 https://registry.npmjs.org/@babel%2fplugin-transform-optional-catch-binding 807ms (cache miss)
1681 silly packumentCache full:https://registry.npmjs.org/@babel%2fplugin-transform-optional-catch-binding set size:undefined disposed:false
1682 silly fetch manifest @babel/plugin-transform-property-literals@^7.27.1
1683 silly packumentCache full:https://registry.npmjs.org/@babel%2fplugin-transform-property-literals cache-miss
1684 http fetch GET 200 https://registry.npmjs.org/@babel%2fplugin-transform-private-property-in-object 272ms (cache miss)
1685 silly packumentCache full:https://registry.npmjs.org/@babel%2fplugin-transform-private-property-in-object set size:undefined disposed:false
1686 silly fetch manifest @babel/plugin-transform-regenerator@^7.29.0
1687 silly packumentCache full:https://registry.npmjs.org/@babel%2fplugin-transform-regenerator cache-miss
1688 http fetch GET 200 https://registry.npmjs.org/@babel%2fplugin-transform-object-super 964ms (cache miss)
1689 silly packumentCache full:https://registry.npmjs.org/@babel%2fplugin-transform-object-super set size:undefined disposed:false
1690 silly fetch manifest @babel/plugin-transform-regexp-modifiers@^7.28.6
1691 silly packumentCache full:https://registry.npmjs.org/@babel%2fplugin-transform-regexp-modifiers cache-miss
1692 http fetch GET 200 https://registry.npmjs.org/@babel%2fplugin-transform-private-methods 547ms (cache miss)
1693 silly packumentCache full:https://registry.npmjs.org/@babel%2fplugin-transform-private-methods set size:undefined disposed:false
1694 silly fetch manifest @babel/plugin-transform-reserved-words@^7.27.1
1695 silly packumentCache full:https://registry.npmjs.org/@babel%2fplugin-transform-reserved-words cache-miss
1696 http fetch GET 200 https://registry.npmjs.org/@babel%2fplugin-transform-property-literals 441ms (cache miss)
1697 silly packumentCache full:https://registry.npmjs.org/@babel%2fplugin-transform-property-literals set size:undefined disposed:false
1698 silly fetch manifest @babel/plugin-transform-shorthand-properties@^7.27.1
1699 silly packumentCache full:https://registry.npmjs.org/@babel%2fplugin-transform-shorthand-properties cache-miss
1700 http fetch GET 200 https://registry.npmjs.org/@babel%2fplugin-transform-regenerator 733ms (cache miss)
1701 silly packumentCache full:https://registry.npmjs.org/@babel%2fplugin-transform-regenerator set size:undefined disposed:false
1702 silly fetch manifest @babel/plugin-transform-spread@^7.28.6
1703 silly packumentCache full:https://registry.npmjs.org/@babel%2fplugin-transform-spread cache-miss
1704 http fetch GET 200 https://registry.npmjs.org/@babel%2fplugin-transform-regexp-modifiers 814ms (cache miss)
1705 silly packumentCache full:https://registry.npmjs.org/@babel%2fplugin-transform-regexp-modifiers set size:undefined disposed:false
1706 silly fetch manifest @babel/plugin-transform-sticky-regex@^7.27.1
1707 silly packumentCache full:https://registry.npmjs.org/@babel%2fplugin-transform-sticky-regex cache-miss
1708 http fetch GET 200 https://registry.npmjs.org/@babel%2fplugin-transform-shorthand-properties 508ms (cache miss)
1709 silly packumentCache full:https://registry.npmjs.org/@babel%2fplugin-transform-shorthand-properties set size:undefined disposed:false
1710 silly fetch manifest @babel/plugin-transform-template-literals@^7.27.1
1711 silly packumentCache full:https://registry.npmjs.org/@babel%2fplugin-transform-template-literals cache-miss
1712 http fetch GET 200 https://registry.npmjs.org/@babel%2fplugin-transform-reserved-words 648ms (cache miss)
1713 silly packumentCache full:https://registry.npmjs.org/@babel%2fplugin-transform-reserved-words set size:undefined disposed:false
1714 silly fetch manifest @babel/plugin-transform-typeof-symbol@^7.27.1
1715 silly packumentCache full:https://registry.npmjs.org/@babel%2fplugin-transform-typeof-symbol cache-miss
1716 http fetch GET 200 https://registry.npmjs.org/@babel%2fplugin-transform-parameters 1633ms (cache miss)
1717 silly packumentCache full:https://registry.npmjs.org/@babel%2fplugin-transform-parameters set size:undefined disposed:false
1718 silly fetch manifest @babel/plugin-transform-unicode-escapes@^7.27.1
1719 silly packumentCache full:https://registry.npmjs.org/@babel%2fplugin-transform-unicode-escapes cache-miss
1720 http fetch GET 200 https://registry.npmjs.org/@babel%2fplugin-transform-template-literals 629ms (cache miss)
1721 silly packumentCache full:https://registry.npmjs.org/@babel%2fplugin-transform-template-literals set size:undefined disposed:false
1722 silly fetch manifest @babel/plugin-transform-unicode-property-regex@^7.28.6
1723 silly packumentCache full:https://registry.npmjs.org/@babel%2fplugin-transform-unicode-property-regex cache-miss
1724 http fetch GET 200 https://registry.npmjs.org/@babel%2fplugin-transform-spread 732ms (cache miss)
1725 silly packumentCache full:https://registry.npmjs.org/@babel%2fplugin-transform-spread set size:undefined disposed:false
1726 silly fetch manifest @babel/plugin-transform-unicode-regex@^7.27.1
1727 silly packumentCache full:https://registry.npmjs.org/@babel%2fplugin-transform-unicode-regex cache-miss
1728 http fetch GET 200 https://registry.npmjs.org/@babel%2fplugin-transform-typeof-symbol 714ms (cache miss)
1729 silly packumentCache full:https://registry.npmjs.org/@babel%2fplugin-transform-typeof-symbol set size:undefined disposed:false
1730 silly fetch manifest @babel/plugin-transform-unicode-sets-regex@^7.28.6
1731 silly packumentCache full:https://registry.npmjs.org/@babel%2fplugin-transform-unicode-sets-regex cache-miss
1732 http fetch GET 200 https://registry.npmjs.org/@babel%2fplugin-transform-unicode-sets-regex 273ms (cache miss)
1733 silly packumentCache full:https://registry.npmjs.org/@babel%2fplugin-transform-unicode-sets-regex set size:undefined disposed:false
1734 silly fetch manifest @babel/preset-modules@0.1.6-no-external-plugins
1735 silly packumentCache full:https://registry.npmjs.org/@babel%2fpreset-modules cache-miss
1736 http fetch GET 200 https://registry.npmjs.org/@babel%2fplugin-transform-unicode-escapes 716ms (cache miss)
1737 silly packumentCache full:https://registry.npmjs.org/@babel%2fplugin-transform-unicode-escapes set size:undefined disposed:false
1738 silly fetch manifest babel-plugin-polyfill-corejs2@^0.4.15
1739 silly packumentCache full:https://registry.npmjs.org/babel-plugin-polyfill-corejs2 cache-miss
1740 http fetch GET 200 https://registry.npmjs.org/@babel%2fplugin-transform-sticky-regex 1257ms (cache miss)
1741 silly packumentCache full:https://registry.npmjs.org/@babel%2fplugin-transform-sticky-regex set size:undefined disposed:false
1742 silly fetch manifest babel-plugin-polyfill-corejs3@^0.14.0
1743 silly packumentCache full:https://registry.npmjs.org/babel-plugin-polyfill-corejs3 cache-miss
1744 http fetch GET 200 https://registry.npmjs.org/@babel%2fpreset-modules 278ms (cache miss)
1745 silly packumentCache full:https://registry.npmjs.org/@babel%2fpreset-modules set size:undefined disposed:false
1746 silly fetch manifest babel-plugin-polyfill-regenerator@^0.6.6
1747 silly packumentCache full:https://registry.npmjs.org/babel-plugin-polyfill-regenerator cache-miss
1748 http fetch GET 200 https://registry.npmjs.org/@babel%2fplugin-transform-unicode-property-regex 943ms (cache miss)
1749 silly packumentCache full:https://registry.npmjs.org/@babel%2fplugin-transform-unicode-property-regex set size:undefined disposed:false
1750 silly fetch manifest core-js-compat@^3.48.0
1751 silly packumentCache full:https://registry.npmjs.org/core-js-compat cache-miss
1752 http fetch GET 200 https://registry.npmjs.org/@babel%2fplugin-transform-unicode-regex 986ms (cache miss)
1753 silly packumentCache full:https://registry.npmjs.org/@babel%2fplugin-transform-unicode-regex set size:undefined disposed:false
1754 silly fetch manifest meow@^13.0.0
1755 silly packumentCache full:https://registry.npmjs.org/meow cache-miss
1756 http fetch GET 200 https://registry.npmjs.org/babel-plugin-polyfill-regenerator 583ms (cache miss)
1757 silly packumentCache full:https://registry.npmjs.org/babel-plugin-polyfill-regenerator set size:undefined disposed:false
1758 http fetch GET 200 https://registry.npmjs.org/babel-plugin-polyfill-corejs2 789ms (cache miss)
1759 silly packumentCache full:https://registry.npmjs.org/babel-plugin-polyfill-corejs2 set size:undefined disposed:false
1760 http fetch GET 200 https://registry.npmjs.org/meow 740ms (cache miss)
1761 silly packumentCache full:https://registry.npmjs.org/meow set size:undefined disposed:false
1762 http fetch GET 200 https://registry.npmjs.org/core-js-compat 1517ms (cache miss)
1763 silly packumentCache full:https://registry.npmjs.org/core-js-compat set size:undefined disposed:false
1764 http fetch GET 200 https://registry.npmjs.org/babel-plugin-polyfill-corejs3 1921ms (cache miss)
1765 silly packumentCache full:https://registry.npmjs.org/babel-plugin-polyfill-corejs3 set size:undefined disposed:false
1766 silly placeDep ROOT @babel/plugin-bugfix-firefox-class-in-computed-class-key@7.28.5 OK for: @babel/preset-env@7.29.2 want: ^7.28.5
1767 silly placeDep ROOT @babel/plugin-bugfix-safari-class-field-initializer-scope@7.27.1 OK for: @babel/preset-env@7.29.2 want: ^7.27.1
1768 silly placeDep ROOT @babel/plugin-bugfix-safari-id-destructuring-collision-in-function-expression@7.27.1 OK for: @babel/preset-env@7.29.2 want: ^7.27.1
1769 silly placeDep ROOT @babel/plugin-bugfix-v8-spread-parameters-in-optional-chaining@7.27.1 OK for: @babel/preset-env@7.29.2 want: ^7.27.1
1770 silly placeDep ROOT @babel/plugin-bugfix-v8-static-class-fields-redefine-readonly@7.28.6 OK for: @babel/preset-env@7.29.2 want: ^7.28.6
1771 silly placeDep ROOT @babel/plugin-proposal-private-property-in-object@7.21.0-placeholder-for-preset-env.2 OK for: @babel/preset-env@7.29.2 want: 7.21.0-placeholder-for-preset-env.2
1772 silly placeDep ROOT @babel/plugin-syntax-import-assertions@7.28.6 OK for: @babel/preset-env@7.29.2 want: ^7.28.6
1773 silly placeDep ROOT @babel/plugin-syntax-import-attributes@7.28.6 OK for: @babel/preset-env@7.29.2 want: ^7.28.6
1774 silly placeDep ROOT @babel/plugin-syntax-unicode-sets-regex@7.18.6 OK for: @babel/preset-env@7.29.2 want: ^7.18.6
1775 silly placeDep ROOT @babel/plugin-transform-arrow-functions@7.27.1 OK for: @babel/preset-env@7.29.2 want: ^7.27.1
1776 silly placeDep ROOT @babel/plugin-transform-async-generator-functions@7.29.0 OK for: @babel/preset-env@7.29.2 want: ^7.29.0
1777 silly placeDep ROOT @babel/plugin-transform-async-to-generator@7.28.6 OK for: @babel/preset-env@7.29.2 want: ^7.28.6
1778 silly placeDep ROOT @babel/plugin-transform-block-scoped-functions@7.27.1 OK for: @babel/preset-env@7.29.2 want: ^7.27.1
1779 silly placeDep ROOT @babel/plugin-transform-block-scoping@7.28.6 OK for: @babel/preset-env@7.29.2 want: ^7.28.6
1780 silly placeDep ROOT @babel/plugin-transform-class-properties@7.28.6 OK for: @babel/preset-env@7.29.2 want: ^7.28.6
1781 silly placeDep ROOT @babel/plugin-transform-class-static-block@7.28.6 OK for: @babel/preset-env@7.29.2 want: ^7.28.6
1782 silly placeDep ROOT @babel/plugin-transform-classes@7.28.6 OK for: @babel/preset-env@7.29.2 want: ^7.28.6
1783 silly placeDep ROOT @babel/plugin-transform-computed-properties@7.28.6 OK for: @babel/preset-env@7.29.2 want: ^7.28.6
1784 silly placeDep ROOT @babel/plugin-transform-destructuring@7.28.5 OK for: @babel/preset-env@7.29.2 want: ^7.28.5
1785 silly placeDep ROOT @babel/plugin-transform-dotall-regex@7.28.6 OK for: @babel/preset-env@7.29.2 want: ^7.28.6
1786 silly placeDep ROOT @babel/plugin-transform-duplicate-keys@7.27.1 OK for: @babel/preset-env@7.29.2 want: ^7.27.1
1787 silly placeDep ROOT @babel/plugin-transform-duplicate-named-capturing-groups-regex@7.29.0 OK for: @babel/preset-env@7.29.2 want: ^7.29.0
1788 silly placeDep ROOT @babel/plugin-transform-dynamic-import@7.27.1 OK for: @babel/preset-env@7.29.2 want: ^7.27.1
1789 silly placeDep ROOT @babel/plugin-transform-explicit-resource-management@7.28.6 OK for: @babel/preset-env@7.29.2 want: ^7.28.6
1790 silly placeDep ROOT @babel/plugin-transform-exponentiation-operator@7.28.6 OK for: @babel/preset-env@7.29.2 want: ^7.28.6
1791 silly placeDep ROOT @babel/plugin-transform-export-namespace-from@7.27.1 OK for: @babel/preset-env@7.29.2 want: ^7.27.1
1792 silly placeDep ROOT @babel/plugin-transform-for-of@7.27.1 OK for: @babel/preset-env@7.29.2 want: ^7.27.1
1793 silly placeDep ROOT @babel/plugin-transform-function-name@7.27.1 OK for: @babel/preset-env@7.29.2 want: ^7.27.1
1794 silly placeDep ROOT @babel/plugin-transform-json-strings@7.28.6 OK for: @babel/preset-env@7.29.2 want: ^7.28.6
1795 silly placeDep ROOT @babel/plugin-transform-literals@7.27.1 OK for: @babel/preset-env@7.29.2 want: ^7.27.1
1796 silly placeDep ROOT @babel/plugin-transform-logical-assignment-operators@7.28.6 OK for: @babel/preset-env@7.29.2 want: ^7.28.6
1797 silly placeDep ROOT @babel/plugin-transform-member-expression-literals@7.27.1 OK for: @babel/preset-env@7.29.2 want: ^7.27.1
1798 silly placeDep ROOT @babel/plugin-transform-modules-amd@7.27.1 OK for: @babel/preset-env@7.29.2 want: ^7.27.1
1799 silly placeDep ROOT @babel/plugin-transform-modules-commonjs@7.28.6 OK for: @babel/preset-env@7.29.2 want: ^7.28.6
1800 silly placeDep ROOT @babel/plugin-transform-modules-systemjs@7.29.0 OK for: @babel/preset-env@7.29.2 want: ^7.29.0
1801 silly placeDep ROOT @babel/plugin-transform-modules-umd@7.27.1 OK for: @babel/preset-env@7.29.2 want: ^7.27.1
1802 silly placeDep ROOT @babel/plugin-transform-named-capturing-groups-regex@7.29.0 OK for: @babel/preset-env@7.29.2 want: ^7.29.0
1803 silly placeDep ROOT @babel/plugin-transform-new-target@7.27.1 OK for: @babel/preset-env@7.29.2 want: ^7.27.1
1804 silly placeDep ROOT @babel/plugin-transform-nullish-coalescing-operator@7.28.6 OK for: @babel/preset-env@7.29.2 want: ^7.28.6
1805 silly placeDep ROOT @babel/plugin-transform-numeric-separator@7.28.6 OK for: @babel/preset-env@7.29.2 want: ^7.28.6
1806 silly placeDep ROOT @babel/plugin-transform-object-rest-spread@7.28.6 OK for: @babel/preset-env@7.29.2 want: ^7.28.6
1807 silly placeDep ROOT @babel/plugin-transform-object-super@7.27.1 OK for: @babel/preset-env@7.29.2 want: ^7.27.1
1808 silly placeDep ROOT @babel/plugin-transform-optional-catch-binding@7.28.6 OK for: @babel/preset-env@7.29.2 want: ^7.28.6
1809 silly placeDep ROOT @babel/plugin-transform-optional-chaining@7.28.6 OK for: @babel/preset-env@7.29.2 want: ^7.28.6
1810 silly placeDep ROOT @babel/plugin-transform-parameters@7.27.7 OK for: @babel/preset-env@7.29.2 want: ^7.27.7
1811 silly placeDep ROOT @babel/plugin-transform-private-methods@7.28.6 OK for: @babel/preset-env@7.29.2 want: ^7.28.6
1812 silly placeDep ROOT @babel/plugin-transform-private-property-in-object@7.28.6 OK for: @babel/preset-env@7.29.2 want: ^7.28.6
1813 silly placeDep ROOT @babel/plugin-transform-property-literals@7.27.1 OK for: @babel/preset-env@7.29.2 want: ^7.27.1
1814 silly placeDep ROOT @babel/plugin-transform-regenerator@7.29.0 OK for: @babel/preset-env@7.29.2 want: ^7.29.0
1815 silly placeDep ROOT @babel/plugin-transform-regexp-modifiers@7.28.6 OK for: @babel/preset-env@7.29.2 want: ^7.28.6
1816 silly placeDep ROOT @babel/plugin-transform-reserved-words@7.27.1 OK for: @babel/preset-env@7.29.2 want: ^7.27.1
1817 silly placeDep ROOT @babel/plugin-transform-shorthand-properties@7.27.1 OK for: @babel/preset-env@7.29.2 want: ^7.27.1
1818 silly placeDep ROOT @babel/plugin-transform-spread@7.28.6 OK for: @babel/preset-env@7.29.2 want: ^7.28.6
1819 silly placeDep ROOT @babel/plugin-transform-sticky-regex@7.27.1 OK for: @babel/preset-env@7.29.2 want: ^7.27.1
1820 silly placeDep ROOT @babel/plugin-transform-template-literals@7.27.1 OK for: @babel/preset-env@7.29.2 want: ^7.27.1
1821 silly placeDep ROOT @babel/plugin-transform-typeof-symbol@7.27.1 OK for: @babel/preset-env@7.29.2 want: ^7.27.1
1822 silly placeDep ROOT @babel/plugin-transform-unicode-escapes@7.27.1 OK for: @babel/preset-env@7.29.2 want: ^7.27.1
1823 silly placeDep ROOT @babel/plugin-transform-unicode-property-regex@7.28.6 OK for: @babel/preset-env@7.29.2 want: ^7.28.6
1824 silly placeDep ROOT @babel/plugin-transform-unicode-regex@7.27.1 OK for: @babel/preset-env@7.29.2 want: ^7.27.1
1825 silly placeDep ROOT @babel/plugin-transform-unicode-sets-regex@7.28.6 OK for: @babel/preset-env@7.29.2 want: ^7.28.6
1826 silly placeDep ROOT @babel/preset-modules@0.1.6-no-external-plugins OK for: @babel/preset-env@7.29.2 want: 0.1.6-no-external-plugins
1827 silly placeDep ROOT babel-plugin-polyfill-corejs2@0.4.17 OK for: @babel/preset-env@7.29.2 want: ^0.4.15
1828 silly placeDep ROOT babel-plugin-polyfill-corejs3@0.14.2 OK for: @babel/preset-env@7.29.2 want: ^0.14.0
1829 silly placeDep ROOT babel-plugin-polyfill-regenerator@0.6.8 OK for: @babel/preset-env@7.29.2 want: ^0.6.6
1830 silly placeDep ROOT core-js-compat@3.49.0 OK for: @babel/preset-env@7.29.2 want: ^3.48.0
1831 silly fetch manifest @babel/plugin-transform-optional-chaining@^7.27.1
1832 silly packumentCache full:https://registry.npmjs.org/@babel%2fplugin-transform-optional-chaining cache-miss
1833 silly fetch manifest @babel/helper-create-regexp-features-plugin@^7.18.6
1834 silly packumentCache full:https://registry.npmjs.org/@babel%2fhelper-create-regexp-features-plugin cache-miss
1835 silly fetch manifest @babel/helper-remap-async-to-generator@^7.27.1
1836 silly packumentCache full:https://registry.npmjs.org/@babel%2fhelper-remap-async-to-generator cache-miss
1837 silly fetch manifest @babel/helper-remap-async-to-generator@^7.27.1
1838 silly packumentCache full:https://registry.npmjs.org/@babel%2fhelper-remap-async-to-generator cache-miss
1839 silly fetch manifest @babel/helper-create-regexp-features-plugin@^7.28.5
1840 silly packumentCache full:https://registry.npmjs.org/@babel%2fhelper-create-regexp-features-plugin cache-miss
1841 http cache https://registry.npmjs.org/@babel%2fplugin-transform-optional-chaining 24ms (cache hit)
1842 silly packumentCache full:https://registry.npmjs.org/@babel%2fplugin-transform-optional-chaining set size:104559 disposed:false
1843 silly fetch manifest @babel/helper-create-regexp-features-plugin@^7.28.5
1844 silly packumentCache full:https://registry.npmjs.org/@babel%2fhelper-create-regexp-features-plugin cache-miss
1845 http fetch GET 200 https://registry.npmjs.org/@babel%2fhelper-remap-async-to-generator 702ms (cache miss)
1846 silly packumentCache full:https://registry.npmjs.org/@babel%2fhelper-remap-async-to-generator set size:undefined disposed:false
1847 silly fetch manifest @babel/helper-create-regexp-features-plugin@^7.28.5
1848 silly packumentCache full:https://registry.npmjs.org/@babel%2fhelper-create-regexp-features-plugin cache-miss
1849 http fetch GET 200 https://registry.npmjs.org/@babel%2fhelper-create-regexp-features-plugin 710ms (cache miss)
1850 silly packumentCache full:https://registry.npmjs.org/@babel%2fhelper-create-regexp-features-plugin set size:undefined disposed:false
1851 silly fetch manifest @babel/helper-create-regexp-features-plugin@^7.27.1
1852 silly packumentCache full:https://registry.npmjs.org/@babel%2fhelper-create-regexp-features-plugin cache-miss
1853 http cache https://registry.npmjs.org/@babel%2fhelper-create-regexp-features-plugin 6ms (cache hit)
1854 silly packumentCache full:https://registry.npmjs.org/@babel%2fhelper-create-regexp-features-plugin set size:176119 disposed:false
1855 silly fetch manifest esutils@^2.0.2
1856 silly packumentCache full:https://registry.npmjs.org/esutils cache-miss
1857 http fetch GET 200 https://registry.npmjs.org/@babel%2fhelper-remap-async-to-generator 767ms (cache miss)
1858 silly packumentCache full:https://registry.npmjs.org/@babel%2fhelper-remap-async-to-generator set size:undefined disposed:false
1859 silly fetch manifest @babel/helper-define-polyfill-provider@^0.6.8
1860 silly packumentCache full:https://registry.npmjs.org/@babel%2fhelper-define-polyfill-provider cache-miss
1861 http fetch GET 200 https://registry.npmjs.org/@babel%2fhelper-create-regexp-features-plugin 765ms (cache miss)
1862 silly packumentCache full:https://registry.npmjs.org/@babel%2fhelper-create-regexp-features-plugin set size:undefined disposed:false
1863 silly packumentCache full:https://registry.npmjs.org/@babel%2fhelper-create-regexp-features-plugin dispose
1864 silly fetch manifest @babel/helper-define-polyfill-provider@^0.6.8
1865 silly packumentCache full:https://registry.npmjs.org/@babel%2fhelper-define-polyfill-provider cache-miss
1866 http fetch GET 200 https://registry.npmjs.org/@babel%2fhelper-create-regexp-features-plugin 1088ms (cache miss)
1867 silly packumentCache full:https://registry.npmjs.org/@babel%2fhelper-create-regexp-features-plugin set size:undefined disposed:true
1868 silly fetch manifest @babel/helper-define-polyfill-provider@^0.6.8
1869 silly packumentCache full:https://registry.npmjs.org/@babel%2fhelper-define-polyfill-provider cache-miss
1870 http fetch GET 200 https://registry.npmjs.org/esutils 434ms (cache miss)
1871 silly packumentCache full:https://registry.npmjs.org/esutils set size:undefined disposed:false
1872 http fetch GET 200 https://registry.npmjs.org/@babel%2fhelper-define-polyfill-provider 476ms (cache miss)
1873 silly packumentCache full:https://registry.npmjs.org/@babel%2fhelper-define-polyfill-provider set size:undefined disposed:false
1874 http fetch GET 200 https://registry.npmjs.org/@babel%2fhelper-create-regexp-features-plugin 659ms (cache miss)
1875 silly packumentCache full:https://registry.npmjs.org/@babel%2fhelper-create-regexp-features-plugin set size:undefined disposed:false
1876 http fetch GET 200 https://registry.npmjs.org/@babel%2fhelper-define-polyfill-provider 792ms (cache miss)
1877 silly packumentCache full:https://registry.npmjs.org/@babel%2fhelper-define-polyfill-provider set size:undefined disposed:false
1878 http fetch GET 200 https://registry.npmjs.org/@babel%2fhelper-define-polyfill-provider 804ms (cache miss)
1879 silly packumentCache full:https://registry.npmjs.org/@babel%2fhelper-define-polyfill-provider set size:undefined disposed:false
1880 silly placeDep ROOT @babel/helper-create-regexp-features-plugin@7.28.5 OK for: @babel/plugin-syntax-unicode-sets-regex@7.18.6 want: ^7.18.6
1881 silly fetch manifest regexpu-core@^6.3.1
1882 silly packumentCache full:https://registry.npmjs.org/regexpu-core cache-miss
1883 http fetch GET 200 https://registry.npmjs.org/regexpu-core 548ms (cache miss)
1884 silly packumentCache full:https://registry.npmjs.org/regexpu-core set size:undefined disposed:false
1885 silly placeDep ROOT regexpu-core@6.4.0 OK for: @babel/helper-create-regexp-features-plugin@7.28.5 want: ^6.3.1
1886 silly fetch manifest regenerate@^1.4.2
1887 silly packumentCache full:https://registry.npmjs.org/regenerate cache-miss
1888 silly fetch manifest regenerate-unicode-properties@^10.2.2
1889 silly packumentCache full:https://registry.npmjs.org/regenerate-unicode-properties cache-miss
1890 silly fetch manifest regjsgen@^0.8.0
1891 silly packumentCache full:https://registry.npmjs.org/regjsgen cache-miss
1892 silly fetch manifest regjsparser@^0.13.0
1893 silly packumentCache full:https://registry.npmjs.org/regjsparser cache-miss
1894 silly fetch manifest unicode-match-property-ecmascript@^2.0.0
1895 silly packumentCache full:https://registry.npmjs.org/unicode-match-property-ecmascript cache-miss
1896 http fetch GET 200 https://registry.npmjs.org/regenerate-unicode-properties 395ms (cache miss)
1897 silly packumentCache full:https://registry.npmjs.org/regenerate-unicode-properties set size:undefined disposed:false
1898 silly fetch manifest unicode-match-property-value-ecmascript@^2.2.1
1899 silly packumentCache full:https://registry.npmjs.org/unicode-match-property-value-ecmascript cache-miss
1900 http fetch GET 200 https://registry.npmjs.org/regjsgen 406ms (cache miss)
1901 silly packumentCache full:https://registry.npmjs.org/regjsgen set size:undefined disposed:false
1902 http fetch GET 200 https://registry.npmjs.org/unicode-match-property-ecmascript 422ms (cache miss)
1903 silly packumentCache full:https://registry.npmjs.org/unicode-match-property-ecmascript set size:undefined disposed:false
1904 http fetch GET 200 https://registry.npmjs.org/regjsparser 654ms (cache miss)
1905 silly packumentCache full:https://registry.npmjs.org/regjsparser set size:undefined disposed:false
1906 http fetch GET 200 https://registry.npmjs.org/regenerate 918ms (cache miss)
1907 silly packumentCache full:https://registry.npmjs.org/regenerate set size:undefined disposed:false
1908 http fetch GET 200 https://registry.npmjs.org/unicode-match-property-value-ecmascript 659ms (cache miss)
1909 silly packumentCache full:https://registry.npmjs.org/unicode-match-property-value-ecmascript set size:undefined disposed:false
1910 silly placeDep ROOT @babel/helper-remap-async-to-generator@7.27.1 OK for: @babel/plugin-transform-async-generator-functions@7.29.0 want: ^7.27.1
1911 silly fetch manifest @babel/helper-wrap-function@^7.27.1
1912 silly packumentCache full:https://registry.npmjs.org/@babel%2fhelper-wrap-function cache-miss
1913 http fetch GET 200 https://registry.npmjs.org/@babel%2fhelper-wrap-function 1074ms (cache miss)
1914 silly packumentCache full:https://registry.npmjs.org/@babel%2fhelper-wrap-function set size:undefined disposed:false
1915 silly placeDep ROOT @babel/helper-wrap-function@7.28.6 OK for: @babel/helper-remap-async-to-generator@7.27.1 want: ^7.27.1
1916 silly placeDep node_modules/@babel/helper-wrap-function @babel/types@7.29.0 OK for: @babel/helper-wrap-function@7.28.6 want: ^7.28.6
1917 silly placeDep ROOT esutils@2.0.3 OK for: @babel/preset-modules@0.1.6-no-external-plugins want: ^2.0.2
1918 silly fetch manifest @babel/core@^7.23.3
1919 silly packumentCache full:https://registry.npmjs.org/@babel%2fcore cache-hit
1920 silly placeDep ROOT @vue/babel-plugin-jsx@1.5.0 OK for: @vitejs/plugin-vue-jsx@3.1.0 want: ^1.1.5
1921 silly fetch manifest @vue/shared@^3.5.18
1922 silly packumentCache full:https://registry.npmjs.org/@vue%2fshared cache-miss
1923 silly fetch manifest @babel/types@^7.28.2
1924 silly packumentCache full:https://registry.npmjs.org/@babel%2ftypes cache-hit
1925 silly fetch manifest @babel/plugin-syntax-jsx@^7.27.1
1926 silly packumentCache full:https://registry.npmjs.org/@babel%2fplugin-syntax-jsx cache-miss
1927 silly fetch manifest @vue/babel-plugin-resolve-type@1.5.0
1928 silly packumentCache full:https://registry.npmjs.org/@vue%2fbabel-plugin-resolve-type cache-miss
1929 silly fetch manifest @vue/babel-helper-vue-transform-on@1.5.0
1930 silly packumentCache full:https://registry.npmjs.org/@vue%2fbabel-helper-vue-transform-on cache-miss
1931 http cache https://registry.npmjs.org/@vue%2fshared 12ms (cache hit)
1932 silly packumentCache full:https://registry.npmjs.org/@vue%2fshared set size:683602 disposed:false
1933 http fetch GET 200 https://registry.npmjs.org/@vue%2fbabel-helper-vue-transform-on 342ms (cache miss)
1934 silly packumentCache full:https://registry.npmjs.org/@vue%2fbabel-helper-vue-transform-on set size:undefined disposed:false
1935 http fetch GET 200 https://registry.npmjs.org/@vue%2fbabel-plugin-resolve-type 761ms (cache miss)
1936 silly packumentCache full:https://registry.npmjs.org/@vue%2fbabel-plugin-resolve-type set size:undefined disposed:false
1937 http fetch GET 200 https://registry.npmjs.org/@babel%2fplugin-syntax-jsx 1587ms (cache miss)
1938 silly packumentCache full:https://registry.npmjs.org/@babel%2fplugin-syntax-jsx set size:undefined disposed:false
1939 silly placeDep ROOT @babel/plugin-syntax-jsx@7.28.6 OK for: @vue/babel-plugin-jsx@1.5.0 want: ^7.27.1
1940 silly placeDep node_modules/@vue/babel-plugin-jsx @babel/types@7.29.0 OK for: @vue/babel-plugin-jsx@1.5.0 want: ^7.28.2
1941 silly placeDep ROOT @vue/babel-helper-vue-transform-on@1.5.0 OK for: @vue/babel-plugin-jsx@1.5.0 want: 1.5.0
1942 silly placeDep ROOT @vue/babel-plugin-resolve-type@1.5.0 OK for: @vue/babel-plugin-jsx@1.5.0 want: 1.5.0
1943 silly placeDep node_modules/@vue/babel-plugin-jsx @vue/shared@3.5.30 OK for: @vue/babel-plugin-jsx@1.5.0 want: ^3.5.18
1944 silly fetch manifest @babel/parser@^7.28.0
1945 silly packumentCache full:https://registry.npmjs.org/@babel%2fparser cache-hit
1946 silly fetch manifest @babel/code-frame@^7.27.1
1947 silly packumentCache full:https://registry.npmjs.org/@babel%2fcode-frame cache-hit
1948 silly fetch manifest @vue/compiler-sfc@^3.5.18
1949 silly packumentCache full:https://registry.npmjs.org/@vue%2fcompiler-sfc cache-miss
1950 http cache https://registry.npmjs.org/@vue%2fcompiler-sfc 9ms (cache hit)
1951 silly packumentCache full:https://registry.npmjs.org/@vue%2fcompiler-sfc set size:950063 disposed:false
1952 silly placeDep node_modules/@vue/babel-plugin-resolve-type @babel/code-frame@7.29.0 OK for: @vue/babel-plugin-resolve-type@1.5.0 want: ^7.27.1
1953 silly placeDep node_modules/@vue/babel-plugin-resolve-type @babel/parser@7.29.2 OK for: @vue/babel-plugin-resolve-type@1.5.0 want: ^7.28.0
1954 silly placeDep node_modules/@vue/babel-plugin-resolve-type @vue/compiler-sfc@3.5.30 OK for: @vue/babel-plugin-resolve-type@1.5.0 want: ^3.5.18
1955 silly fetch manifest @vue/shared@3.5.30
1956 silly packumentCache full:https://registry.npmjs.org/@vue%2fshared cache-hit
1957 silly fetch manifest magic-string@^0.30.21
1958 silly packumentCache full:https://registry.npmjs.org/magic-string cache-hit
1959 silly fetch manifest @vue/compiler-dom@3.5.30
1960 silly packumentCache full:https://registry.npmjs.org/@vue%2fcompiler-dom cache-miss
1961 silly fetch manifest @vue/compiler-ssr@3.5.30
1962 silly packumentCache full:https://registry.npmjs.org/@vue%2fcompiler-ssr cache-miss
1963 silly fetch manifest @vue/compiler-core@3.5.30
1964 silly packumentCache full:https://registry.npmjs.org/@vue%2fcompiler-core cache-miss
1965 http cache https://registry.npmjs.org/@vue%2fcompiler-dom 14ms (cache hit)
1966 silly packumentCache full:https://registry.npmjs.org/@vue%2fcompiler-dom set size:809847 disposed:false
1967 http cache https://registry.npmjs.org/@vue%2fcompiler-core 18ms (cache hit)
1968 silly packumentCache full:https://registry.npmjs.org/@vue%2fcompiler-core set size:804518 disposed:false
1969 http cache https://registry.npmjs.org/@vue%2fcompiler-ssr 23ms (cache hit)
1970 silly packumentCache full:https://registry.npmjs.org/@vue%2fcompiler-ssr set size:686852 disposed:false
1971 silly placeDep node_modules/@vue/compiler-core entities@4.5.0 OK for: @vue/compiler-core@3.4.21 want: ^4.5.0
1972 silly placeDep ROOT caniuse-lite@1.0.30001780 OK for: autoprefixer@10.4.20 want: ^1.0.30001646
1973 silly placeDep ROOT fraction.js@4.3.7 OK for: autoprefixer@10.4.20 want: ^4.3.7
1974 silly placeDep ROOT normalize-range@0.1.2 OK for: autoprefixer@10.4.20 want: ^0.1.2
1975 silly placeDep ROOT postcss-value-parser@4.2.0 OK for: autoprefixer@10.4.20 want: ^4.2.0
1976 silly fetch manifest @babel/core@^7.4.0 || ^8.0.0-0 <8.0.0
1977 silly packumentCache full:https://registry.npmjs.org/@babel%2fcore cache-hit
1978 silly placeDep ROOT @babel/helper-define-polyfill-provider@0.6.8 OK for: babel-plugin-polyfill-corejs2@0.4.17 want: ^0.6.8
1979 silly fetch manifest debug@^4.4.3
1980 silly packumentCache full:https://registry.npmjs.org/debug cache-hit
1981 silly fetch manifest lodash.debounce@^4.0.8
1982 silly packumentCache full:https://registry.npmjs.org/lodash.debounce cache-miss
1983 silly fetch manifest resolve@^1.22.11
1984 silly packumentCache full:https://registry.npmjs.org/resolve cache-hit
1985 http fetch GET 200 https://registry.npmjs.org/lodash.debounce 444ms (cache miss)
1986 silly packumentCache full:https://registry.npmjs.org/lodash.debounce set size:undefined disposed:false
1987 silly placeDep node_modules/@babel/helper-define-polyfill-provider debug@4.4.3 OK for: @babel/helper-define-polyfill-provider@0.6.8 want: ^4.4.3
1988 silly placeDep ROOT lodash.debounce@4.0.8 OK for: @babel/helper-define-polyfill-provider@0.6.8 want: ^4.0.8
1989 silly placeDep node_modules/@babel/helper-define-polyfill-provider resolve@1.22.11 OK for: @babel/helper-define-polyfill-provider@0.6.8 want: ^1.22.11
1990 silly fetch manifest is-core-module@^2.16.1
1991 silly packumentCache full:https://registry.npmjs.org/is-core-module cache-miss
1992 http cache https://registry.npmjs.org/is-core-module 9ms (cache hit)
1993 silly packumentCache full:https://registry.npmjs.org/is-core-module set size:71788 disposed:false
1994 silly fetch manifest browserslist@>= 4.21.0
1995 silly packumentCache full:https://registry.npmjs.org/browserslist cache-hit
1996 silly placeDep ROOT baseline-browser-mapping@2.10.8 OK for: browserslist@4.28.1 want: ^2.9.0
1997 silly placeDep ROOT electron-to-chromium@1.5.313 OK for: browserslist@4.28.1 want: ^1.5.263
1998 silly placeDep ROOT node-releases@2.0.36 OK for: browserslist@4.28.1 want: ^2.0.27
1999 silly placeDep ROOT update-browserslist-db@1.2.3 OK for: browserslist@4.28.1 want: ^1.2.0
2000 silly fetch manifest escalade@^3.2.0
2001 silly packumentCache full:https://registry.npmjs.org/escalade cache-miss
2002 http fetch GET 200 https://registry.npmjs.org/escalade 1591ms (cache miss)
2003 silly packumentCache full:https://registry.npmjs.org/escalade set size:undefined disposed:false
2004 silly placeDep ROOT meow@13.2.0 OK for: browserslist-to-esbuild@2.1.1 want: ^13.0.0
2005 silly placeDep ROOT ansi-styles@3.2.1 OK for: chalk@2.4.2 want: ^3.2.1
2006 silly placeDep ROOT escape-string-regexp@1.0.5 OK for: chalk@2.4.2 want: ^1.0.5
2007 silly placeDep ROOT supports-color@5.5.0 OK for: chalk@2.4.2 want: ^5.3.0
2008 silly fetch manifest color-convert@^1.9.0
2009 silly packumentCache full:https://registry.npmjs.org/color-convert cache-miss
2010 silly fetch manifest has-flag@^3.0.0
2011 silly packumentCache full:https://registry.npmjs.org/has-flag cache-miss
2012 http fetch GET 200 https://registry.npmjs.org/has-flag 495ms (cache miss)
2013 silly packumentCache full:https://registry.npmjs.org/has-flag set size:undefined disposed:false
2014 http fetch GET 200 https://registry.npmjs.org/color-convert 622ms (cache miss)
2015 silly packumentCache full:https://registry.npmjs.org/color-convert set size:undefined disposed:false
2016 silly placeDep ROOT color-convert@1.9.3 OK for: ansi-styles@3.2.1 want: ^1.9.0
2017 silly fetch manifest color-name@1.1.3
2018 silly packumentCache full:https://registry.npmjs.org/color-name cache-miss
2019 http fetch GET 200 https://registry.npmjs.org/color-name 427ms (cache miss)
2020 silly packumentCache full:https://registry.npmjs.org/color-name set size:undefined disposed:false
2021 silly placeDep ROOT anymatch@3.1.3 OK for: chokidar@3.6.0 want: ~3.1.2
2022 silly placeDep ROOT braces@3.0.3 OK for: chokidar@3.6.0 want: ~3.0.2
2023 silly placeDep ROOT fsevents@2.3.3 OK for: chokidar@3.6.0 want: ~2.3.2
2024 silly placeDep ROOT glob-parent@5.1.2 OK for: chokidar@3.6.0 want: ~5.1.2
2025 silly placeDep ROOT is-binary-path@2.1.0 OK for: chokidar@3.6.0 want: ~2.1.0
2026 silly placeDep ROOT is-glob@4.0.3 OK for: chokidar@3.6.0 want: ~4.0.1
2027 silly placeDep ROOT normalize-path@3.0.0 OK for: chokidar@3.6.0 want: ~3.0.0
2028 silly placeDep ROOT readdirp@3.6.0 OK for: chokidar@3.6.0 want: ~3.6.0
2029 silly fetch manifest normalize-path@^3.0.0
2030 silly packumentCache full:https://registry.npmjs.org/normalize-path cache-miss
2031 silly fetch manifest fill-range@^7.1.1
2032 silly packumentCache full:https://registry.npmjs.org/fill-range cache-miss
2033 silly fetch manifest is-glob@^4.0.1
2034 silly packumentCache full:https://registry.npmjs.org/is-glob cache-miss
2035 silly fetch manifest binary-extensions@^2.0.0
2036 silly packumentCache full:https://registry.npmjs.org/binary-extensions cache-miss
2037 silly fetch manifest is-extglob@^2.1.1
2038 silly packumentCache full:https://registry.npmjs.org/is-extglob cache-miss
2039 http cache https://registry.npmjs.org/is-glob 13ms (cache hit)
2040 silly packumentCache full:https://registry.npmjs.org/is-glob set size:40530 disposed:false
2041 http cache https://registry.npmjs.org/normalize-path 15ms (cache hit)
2042 silly packumentCache full:https://registry.npmjs.org/normalize-path set size:28713 disposed:false
2043 http fetch GET 200 https://registry.npmjs.org/is-extglob 214ms (cache miss)
2044 silly packumentCache full:https://registry.npmjs.org/is-extglob set size:undefined disposed:false
2045 http fetch GET 200 https://registry.npmjs.org/fill-range 425ms (cache miss)
2046 silly packumentCache full:https://registry.npmjs.org/fill-range set size:undefined disposed:false
2047 http fetch GET 200 https://registry.npmjs.org/binary-extensions 432ms (cache miss)
2048 silly packumentCache full:https://registry.npmjs.org/binary-extensions set size:undefined disposed:false
2049 silly placeDep ROOT fill-range@7.1.1 OK for: braces@3.0.3 want: ^7.1.1
2050 silly fetch manifest to-regex-range@^5.0.1
2051 silly packumentCache full:https://registry.npmjs.org/to-regex-range cache-miss
2052 http fetch GET 200 https://registry.npmjs.org/to-regex-range 394ms (cache miss)
2053 silly packumentCache full:https://registry.npmjs.org/to-regex-range set size:undefined disposed:false
2054 silly placeDep ROOT color-name@1.1.3 OK for: color-convert@1.9.3 want: 1.1.3
2055 silly placeDep ROOT ms@2.1.3 OK for: debug@4.3.7 want: ^2.1.3
2056 silly placeDep ROOT @esbuild/aix-ppc64@0.20.2 OK for: esbuild@0.20.2 want: 0.20.2
2057 silly placeDep ROOT @esbuild/android-arm@0.20.2 OK for: esbuild@0.20.2 want: 0.20.2
2058 silly placeDep ROOT @esbuild/android-arm64@0.20.2 OK for: esbuild@0.20.2 want: 0.20.2
2059 silly placeDep ROOT @esbuild/android-x64@0.20.2 OK for: esbuild@0.20.2 want: 0.20.2
2060 silly placeDep ROOT @esbuild/darwin-arm64@0.20.2 OK for: esbuild@0.20.2 want: 0.20.2
2061 silly placeDep ROOT @esbuild/darwin-x64@0.20.2 OK for: esbuild@0.20.2 want: 0.20.2
2062 silly placeDep ROOT @esbuild/freebsd-arm64@0.20.2 OK for: esbuild@0.20.2 want: 0.20.2
2063 silly placeDep ROOT @esbuild/freebsd-x64@0.20.2 OK for: esbuild@0.20.2 want: 0.20.2
2064 silly placeDep ROOT @esbuild/linux-arm@0.20.2 OK for: esbuild@0.20.2 want: 0.20.2
2065 silly placeDep ROOT @esbuild/linux-arm64@0.20.2 OK for: esbuild@0.20.2 want: 0.20.2
2066 silly placeDep ROOT @esbuild/linux-ia32@0.20.2 OK for: esbuild@0.20.2 want: 0.20.2
2067 silly placeDep ROOT @esbuild/linux-loong64@0.20.2 OK for: esbuild@0.20.2 want: 0.20.2
2068 silly placeDep ROOT @esbuild/linux-mips64el@0.20.2 OK for: esbuild@0.20.2 want: 0.20.2
2069 silly placeDep ROOT @esbuild/linux-ppc64@0.20.2 OK for: esbuild@0.20.2 want: 0.20.2
2070 silly placeDep ROOT @esbuild/linux-riscv64@0.20.2 OK for: esbuild@0.20.2 want: 0.20.2
2071 silly placeDep ROOT @esbuild/linux-s390x@0.20.2 OK for: esbuild@0.20.2 want: 0.20.2
2072 silly placeDep ROOT @esbuild/linux-x64@0.20.2 OK for: esbuild@0.20.2 want: 0.20.2
2073 silly placeDep ROOT @esbuild/netbsd-x64@0.20.2 OK for: esbuild@0.20.2 want: 0.20.2
2074 silly placeDep ROOT @esbuild/openbsd-x64@0.20.2 OK for: esbuild@0.20.2 want: 0.20.2
2075 silly placeDep ROOT @esbuild/sunos-x64@0.20.2 OK for: esbuild@0.20.2 want: 0.20.2
2076 silly placeDep ROOT @esbuild/win32-arm64@0.20.2 OK for: esbuild@0.20.2 want: 0.20.2
2077 silly placeDep ROOT @esbuild/win32-ia32@0.20.2 OK for: esbuild@0.20.2 want: 0.20.2
2078 silly placeDep ROOT @esbuild/win32-x64@0.20.2 OK for: esbuild@0.20.2 want: 0.20.2
2079 silly placeDep ROOT accepts@1.3.8 OK for: express@4.20.0 want: ~1.3.8
2080 silly placeDep ROOT array-flatten@1.1.1 OK for: express@4.20.0 want: 1.1.1
2081 silly placeDep ROOT body-parser@1.20.3 OK for: express@4.20.0 want: 1.20.3
2082 silly placeDep ROOT content-disposition@0.5.4 OK for: express@4.20.0 want: 0.5.4
2083 silly placeDep ROOT content-type@1.0.5 OK for: express@4.20.0 want: ~1.0.4
2084 silly placeDep ROOT cookie@0.6.0 OK for: express@4.20.0 want: 0.6.0
2085 silly placeDep ROOT cookie-signature@1.0.6 OK for: express@4.20.0 want: 1.0.6
2086 silly placeDep node_modules/express debug@2.6.9 OK for: express@4.20.0 want: 2.6.9
2087 silly placeDep ROOT depd@2.0.0 OK for: express@4.20.0 want: 2.0.0
2088 silly placeDep ROOT encodeurl@2.0.0 OK for: express@4.20.0 want: ~2.0.0
2089 silly placeDep ROOT escape-html@1.0.3 OK for: express@4.20.0 want: ~1.0.3
2090 silly placeDep ROOT etag@1.8.1 OK for: express@4.20.0 want: ~1.8.1
2091 silly placeDep ROOT finalhandler@1.2.0 OK for: express@4.20.0 want: 1.2.0
2092 silly placeDep ROOT fresh@0.5.2 OK for: express@4.20.0 want: 0.5.2
2093 silly placeDep ROOT http-errors@2.0.0 OK for: express@4.20.0 want: 2.0.0
2094 silly placeDep ROOT merge-descriptors@1.0.3 OK for: express@4.20.0 want: 1.0.3
2095 silly placeDep ROOT methods@1.1.2 OK for: express@4.20.0 want: ~1.1.2
2096 silly placeDep ROOT on-finished@2.4.1 OK for: express@4.20.0 want: 2.4.1
2097 silly placeDep ROOT parseurl@1.3.3 OK for: express@4.20.0 want: ~1.3.3
2098 silly placeDep ROOT path-to-regexp@0.1.10 OK for: express@4.20.0 want: 0.1.10
2099 silly placeDep ROOT proxy-addr@2.0.7 OK for: express@4.20.0 want: ~2.0.7
2100 silly placeDep ROOT qs@6.11.0 OK for: express@4.20.0 want: 6.11.0
2101 silly placeDep ROOT range-parser@1.2.1 OK for: express@4.20.0 want: ~1.2.1
2102 silly placeDep ROOT safe-buffer@5.2.1 OK for: express@4.20.0 want: 5.2.1
2103 silly placeDep ROOT send@0.19.0 OK for: express@4.20.0 want: 0.19.0
2104 silly placeDep ROOT serve-static@1.16.0 OK for: express@4.20.0 want: 1.16.0
2105 silly placeDep ROOT setprototypeof@1.2.0 OK for: express@4.20.0 want: 1.2.0
2106 silly placeDep ROOT statuses@2.0.1 OK for: express@4.20.0 want: 2.0.1
2107 silly placeDep ROOT type-is@1.6.18 OK for: express@4.20.0 want: ~1.6.18
2108 silly placeDep ROOT utils-merge@1.0.1 OK for: express@4.20.0 want: 1.0.1
2109 silly placeDep ROOT vary@1.1.2 OK for: express@4.20.0 want: ~1.1.2
2110 silly fetch manifest mime-types@~2.1.34
2111 silly packumentCache full:https://registry.npmjs.org/mime-types cache-miss
2112 silly fetch manifest negotiator@0.6.3
2113 silly packumentCache full:https://registry.npmjs.org/negotiator cache-miss
2114 silly fetch manifest qs@6.13.0
2115 silly packumentCache full:https://registry.npmjs.org/qs cache-miss
2116 silly fetch manifest bytes@3.1.2
2117 silly packumentCache full:https://registry.npmjs.org/bytes cache-miss
2118 silly fetch manifest unpipe@1.0.0
2119 silly packumentCache full:https://registry.npmjs.org/unpipe cache-miss
2120 http cache https://registry.npmjs.org/qs 12ms (cache hit)
2121 silly packumentCache full:https://registry.npmjs.org/qs set size:350258 disposed:false
2122 silly fetch manifest destroy@1.2.0
2123 silly packumentCache full:https://registry.npmjs.org/destroy cache-miss
2124 http fetch GET 200 https://registry.npmjs.org/destroy 216ms (cache miss)
2125 silly packumentCache full:https://registry.npmjs.org/destroy set size:undefined disposed:false
2126 silly fetch manifest raw-body@2.5.2
2127 silly packumentCache full:https://registry.npmjs.org/raw-body cache-miss
2128 http fetch GET 200 https://registry.npmjs.org/bytes 385ms (cache miss)
2129 silly packumentCache full:https://registry.npmjs.org/bytes set size:undefined disposed:false
2130 silly fetch manifest iconv-lite@0.4.24
2131 silly packumentCache full:https://registry.npmjs.org/iconv-lite cache-miss
2132 http fetch GET 200 https://registry.npmjs.org/negotiator 436ms (cache miss)
2133 silly packumentCache full:https://registry.npmjs.org/negotiator set size:undefined disposed:false
2134 silly fetch manifest content-type@~1.0.5
2135 silly packumentCache full:https://registry.npmjs.org/content-type cache-miss
2136 http cache https://registry.npmjs.org/content-type 6ms (cache hit)
2137 silly packumentCache full:https://registry.npmjs.org/content-type set size:17311 disposed:false
2138 silly fetch manifest ms@2.0.0
2139 silly packumentCache full:https://registry.npmjs.org/ms cache-miss
2140 http cache https://registry.npmjs.org/ms 9ms (cache hit)
2141 silly packumentCache full:https://registry.npmjs.org/ms set size:92208 disposed:false
2142 silly fetch manifest unpipe@~1.0.0
2143 silly packumentCache full:https://registry.npmjs.org/unpipe cache-miss
2144 http fetch GET 200 https://registry.npmjs.org/raw-body 402ms (cache miss)
2145 silly packumentCache full:https://registry.npmjs.org/raw-body set size:undefined disposed:false
2146 silly fetch manifest encodeurl@~1.0.2
2147 silly packumentCache full:https://registry.npmjs.org/encodeurl cache-miss
2148 http cache https://registry.npmjs.org/encodeurl 7ms (cache hit)
2149 silly packumentCache full:https://registry.npmjs.org/encodeurl set size:12296 disposed:false
2150 silly fetch manifest inherits@2.0.4
2151 silly packumentCache full:https://registry.npmjs.org/inherits cache-miss
2152 http fetch GET 200 https://registry.npmjs.org/unpipe 213ms (cache miss)
2153 silly packumentCache full:https://registry.npmjs.org/unpipe set size:undefined disposed:false
2154 silly fetch manifest toidentifier@1.0.1
2155 silly packumentCache full:https://registry.npmjs.org/toidentifier cache-miss
2156 http fetch GET 200 https://registry.npmjs.org/mime-types 768ms (cache miss)
2157 silly packumentCache full:https://registry.npmjs.org/mime-types set size:undefined disposed:false
2158 silly fetch manifest ee-first@1.1.1
2159 silly packumentCache full:https://registry.npmjs.org/ee-first cache-miss
2160 http fetch GET 200 https://registry.npmjs.org/iconv-lite 442ms (cache miss)
2161 silly packumentCache full:https://registry.npmjs.org/iconv-lite set size:undefined disposed:false
2162 silly fetch manifest forwarded@0.2.0
2163 silly packumentCache full:https://registry.npmjs.org/forwarded cache-miss
2164 http fetch GET 200 https://registry.npmjs.org/inherits 203ms (cache miss)
2165 silly packumentCache full:https://registry.npmjs.org/inherits set size:undefined disposed:false
2166 silly fetch manifest ipaddr.js@1.9.1
2167 silly packumentCache full:https://registry.npmjs.org/ipaddr.js cache-miss
2168 http fetch GET 200 https://registry.npmjs.org/toidentifier 257ms (cache miss)
2169 silly packumentCache full:https://registry.npmjs.org/toidentifier set size:undefined disposed:false
2170 silly fetch manifest side-channel@^1.0.4
2171 silly packumentCache full:https://registry.npmjs.org/side-channel cache-miss
2172 http fetch GET 200 https://registry.npmjs.org/unpipe 1065ms (cache miss)
2173 silly packumentCache full:https://registry.npmjs.org/unpipe set size:undefined disposed:false
2174 silly fetch manifest mime@1.6.0
2175 silly packumentCache full:https://registry.npmjs.org/mime cache-miss
2176 http cache https://registry.npmjs.org/mime 10ms (cache hit)
2177 silly packumentCache full:https://registry.npmjs.org/mime set size:119236 disposed:false
2178 silly fetch manifest send@0.18.0
2179 silly packumentCache full:https://registry.npmjs.org/send cache-miss
2180 http cache https://registry.npmjs.org/send 7ms (cache hit)
2181 silly packumentCache full:https://registry.npmjs.org/send set size:152810 disposed:false
2182 silly fetch manifest mime-types@~2.1.24
2183 silly packumentCache full:https://registry.npmjs.org/mime-types cache-miss
2184 http cache https://registry.npmjs.org/mime-types 8ms (cache hit)
2185 silly packumentCache full:https://registry.npmjs.org/mime-types set size:139110 disposed:false
2186 silly fetch manifest media-typer@0.3.0
2187 silly packumentCache full:https://registry.npmjs.org/media-typer cache-miss
2188 http fetch GET 200 https://registry.npmjs.org/ipaddr.js 340ms (cache miss)
2189 silly packumentCache full:https://registry.npmjs.org/ipaddr.js set size:undefined disposed:false
2190 http fetch GET 200 https://registry.npmjs.org/side-channel 320ms (cache miss)
2191 silly packumentCache full:https://registry.npmjs.org/side-channel set size:undefined disposed:false
2192 http fetch GET 200 https://registry.npmjs.org/media-typer 422ms (cache miss)
2193 silly packumentCache full:https://registry.npmjs.org/media-typer set size:undefined disposed:false
2194 http fetch GET 200 https://registry.npmjs.org/ee-first 1397ms (cache miss)
2195 silly packumentCache full:https://registry.npmjs.org/ee-first set size:undefined disposed:false
2196 http fetch GET 200 https://registry.npmjs.org/forwarded 1588ms (cache miss)
2197 silly packumentCache full:https://registry.npmjs.org/forwarded set size:undefined disposed:false
2198 silly placeDep ROOT mime-types@2.1.35 OK for: accepts@1.3.8 want: ~2.1.34
2199 silly placeDep ROOT negotiator@0.6.3 OK for: accepts@1.3.8 want: 0.6.3
2200 silly fetch manifest mime-db@1.52.0
2201 silly packumentCache full:https://registry.npmjs.org/mime-db cache-miss
2202 http fetch GET 200 https://registry.npmjs.org/mime-db 1064ms (cache miss)
2203 silly packumentCache full:https://registry.npmjs.org/mime-db set size:undefined disposed:false
2204 silly placeDep ROOT bytes@3.1.2 OK for: body-parser@1.20.3 want: 3.1.2
2205 silly placeDep node_modules/body-parser debug@2.6.9 OK for: body-parser@1.20.3 want: 2.6.9
2206 silly placeDep ROOT destroy@1.2.0 OK for: body-parser@1.20.3 want: 1.2.0
2207 silly placeDep ROOT iconv-lite@0.4.24 OK for: body-parser@1.20.3 want: 0.4.24
2208 silly placeDep node_modules/body-parser qs@6.13.0 OK for: body-parser@1.20.3 want: 6.13.0
2209 silly placeDep ROOT raw-body@2.5.2 OK for: body-parser@1.20.3 want: 2.5.2
2210 silly placeDep ROOT unpipe@1.0.0 OK for: body-parser@1.20.3 want: 1.0.0
2211 silly fetch manifest safer-buffer@>= 2.1.2 < 3
2212 silly packumentCache full:https://registry.npmjs.org/safer-buffer cache-miss
2213 silly fetch manifest side-channel@^1.0.6
2214 silly packumentCache full:https://registry.npmjs.org/side-channel cache-miss
2215 http cache https://registry.npmjs.org/side-channel 9ms (cache hit)
2216 silly packumentCache full:https://registry.npmjs.org/side-channel set size:24660 disposed:false
2217 http fetch GET 200 https://registry.npmjs.org/safer-buffer 973ms (cache miss)
2218 silly packumentCache full:https://registry.npmjs.org/safer-buffer set size:undefined disposed:false
2219 silly placeDep ROOT @nodelib/fs.stat@2.0.5 OK for: fast-glob@3.3.3 want: ^2.0.2
2220 silly placeDep ROOT @nodelib/fs.walk@1.2.8 OK for: fast-glob@3.3.3 want: ^1.2.3
2221 silly placeDep ROOT merge2@1.4.1 OK for: fast-glob@3.3.3 want: ^1.3.0
2222 silly placeDep ROOT micromatch@4.0.8 OK for: fast-glob@3.3.3 want: ^4.0.8
2223 silly fetch manifest fastq@^1.6.0
2224 silly packumentCache full:https://registry.npmjs.org/fastq cache-miss
2225 silly fetch manifest @nodelib/fs.scandir@2.1.5
2226 silly packumentCache full:https://registry.npmjs.org/@nodelib%2ffs.scandir cache-miss
2227 http fetch GET 200 https://registry.npmjs.org/@nodelib%2ffs.scandir 1013ms (cache miss)
2228 silly packumentCache full:https://registry.npmjs.org/@nodelib%2ffs.scandir set size:undefined disposed:false
2229 http fetch GET 200 https://registry.npmjs.org/fastq 1941ms (cache miss)
2230 silly packumentCache full:https://registry.npmjs.org/fastq set size:undefined disposed:false
2231 silly placeDep ROOT @nodelib/fs.scandir@2.1.5 OK for: @nodelib/fs.walk@1.2.8 want: 2.1.5
2232 silly placeDep ROOT fastq@1.20.1 OK for: @nodelib/fs.walk@1.2.8 want: ^1.6.0
2233 silly fetch manifest run-parallel@^1.1.9
2234 silly packumentCache full:https://registry.npmjs.org/run-parallel cache-miss
2235 silly fetch manifest reusify@^1.0.4
2236 silly packumentCache full:https://registry.npmjs.org/reusify cache-miss
2237 http fetch GET 200 https://registry.npmjs.org/reusify 217ms (cache miss)
2238 silly packumentCache full:https://registry.npmjs.org/reusify set size:undefined disposed:false
2239 http fetch GET 200 https://registry.npmjs.org/run-parallel 441ms (cache miss)
2240 silly packumentCache full:https://registry.npmjs.org/run-parallel set size:undefined disposed:false
2241 silly placeDep ROOT run-parallel@1.2.0 OK for: @nodelib/fs.scandir@2.1.5 want: ^1.1.9
2242 silly fetch manifest queue-microtask@^1.2.2
2243 silly packumentCache full:https://registry.npmjs.org/queue-microtask cache-miss
2244 http fetch GET 200 https://registry.npmjs.org/queue-microtask 1698ms (cache miss)
2245 silly packumentCache full:https://registry.npmjs.org/queue-microtask set size:undefined disposed:false
2246 silly placeDep ROOT reusify@1.1.0 OK for: fastq@1.20.1 want: ^1.0.4
2247 silly placeDep ROOT to-regex-range@5.0.1 OK for: fill-range@7.1.1 want: ^5.0.1
2248 silly fetch manifest is-number@^7.0.0
2249 silly packumentCache full:https://registry.npmjs.org/is-number cache-miss
2250 http fetch GET 200 https://registry.npmjs.org/is-number 595ms (cache miss)
2251 silly packumentCache full:https://registry.npmjs.org/is-number set size:undefined disposed:false
2252 silly placeDep node_modules/finalhandler debug@2.6.9 OK for: finalhandler@1.2.0 want: 2.6.9
2253 silly placeDep node_modules/finalhandler encodeurl@1.0.2 OK for: finalhandler@1.2.0 want: ~1.0.2
2254 silly placeDep ROOT graceful-fs@4.2.11 OK for: fs-extra@10.1.0 want: ^4.2.0
2255 silly placeDep ROOT jsonfile@6.2.0 OK for: fs-extra@10.1.0 want: ^6.0.1
2256 silly placeDep ROOT universalify@2.0.1 OK for: fs-extra@10.1.0 want: ^2.0.0
2257 silly placeDep ROOT inherits@2.0.4 OK for: http-errors@2.0.0 want: 2.0.4
2258 silly placeDep ROOT toidentifier@1.0.1 OK for: http-errors@2.0.0 want: 1.0.1
2259 silly placeDep ROOT safer-buffer@2.1.2 OK for: iconv-lite@0.4.24 want: >= 2.1.2 < 3
2260 silly placeDep ROOT binary-extensions@2.3.0 OK for: is-binary-path@2.1.0 want: ^2.0.0
2261 silly placeDep ROOT is-extglob@2.1.1 OK for: is-glob@4.0.3 want: ^2.1.1
2262 silly placeDep ROOT @babel/runtime@7.29.2 OK for: jimp@0.10.3 want: ^7.7.2
2263 silly placeDep ROOT @jimp/custom@0.10.3 OK for: jimp@0.10.3 want: ^0.10.3
2264 silly placeDep ROOT @jimp/plugins@0.10.3 OK for: jimp@0.10.3 want: ^0.10.3
2265 silly placeDep ROOT @jimp/types@0.10.3 OK for: jimp@0.10.3 want: ^0.10.3
2266 silly placeDep node_modules/jimp regenerator-runtime@0.13.11 OK for: jimp@0.10.3 want: ^0.13.3
2267 silly fetch manifest @jimp/core@^0.10.3
2268 silly packumentCache full:https://registry.npmjs.org/@jimp%2fcore cache-miss
2269 silly fetch manifest @jimp/plugin-blit@^0.10.3
2270 silly packumentCache full:https://registry.npmjs.org/@jimp%2fplugin-blit cache-miss
2271 silly fetch manifest @jimp/plugin-blur@^0.10.3
2272 silly packumentCache full:https://registry.npmjs.org/@jimp%2fplugin-blur cache-miss
2273 silly fetch manifest @jimp/plugin-circle@^0.10.3
2274 silly packumentCache full:https://registry.npmjs.org/@jimp%2fplugin-circle cache-miss
2275 silly fetch manifest @jimp/plugin-color@^0.10.3
2276 silly packumentCache full:https://registry.npmjs.org/@jimp%2fplugin-color cache-miss
2277 http fetch GET 200 https://registry.npmjs.org/@jimp%2fplugin-blur 2346ms (cache miss)
2278 silly packumentCache full:https://registry.npmjs.org/@jimp%2fplugin-blur set size:undefined disposed:false
2279 silly fetch manifest @jimp/plugin-contain@^0.10.3
2280 silly packumentCache full:https://registry.npmjs.org/@jimp%2fplugin-contain cache-miss
2281 http fetch GET 200 https://registry.npmjs.org/@jimp%2fplugin-blit 2544ms (cache miss)
2282 silly packumentCache full:https://registry.npmjs.org/@jimp%2fplugin-blit set size:undefined disposed:false
2283 silly fetch manifest @jimp/plugin-cover@^0.10.3
2284 silly packumentCache full:https://registry.npmjs.org/@jimp%2fplugin-cover cache-miss
2285 http fetch GET 200 https://registry.npmjs.org/@jimp%2fplugin-color 3960ms (cache miss)
2286 silly packumentCache full:https://registry.npmjs.org/@jimp%2fplugin-color set size:undefined disposed:false
2287 silly fetch manifest @jimp/plugin-crop@^0.10.3
2288 silly packumentCache full:https://registry.npmjs.org/@jimp%2fplugin-crop cache-miss
2289 http fetch GET 200 https://registry.npmjs.org/@jimp%2fplugin-cover 1787ms (cache miss)
2290 silly packumentCache full:https://registry.npmjs.org/@jimp%2fplugin-cover set size:undefined disposed:false
2291 silly fetch manifest @jimp/plugin-displace@^0.10.3
2292 silly packumentCache full:https://registry.npmjs.org/@jimp%2fplugin-displace cache-miss
2293 http fetch GET 200 https://registry.npmjs.org/@jimp%2fcore 4488ms (cache miss)
2294 silly packumentCache full:https://registry.npmjs.org/@jimp%2fcore set size:undefined disposed:false
2295 silly fetch manifest @jimp/plugin-dither@^0.10.3
2296 silly packumentCache full:https://registry.npmjs.org/@jimp%2fplugin-dither cache-miss
2297 http fetch GET 200 https://registry.npmjs.org/@jimp%2fplugin-contain 2162ms (cache miss)
2298 silly packumentCache full:https://registry.npmjs.org/@jimp%2fplugin-contain set size:undefined disposed:false
2299 silly fetch manifest @jimp/plugin-fisheye@^0.10.3
2300 silly packumentCache full:https://registry.npmjs.org/@jimp%2fplugin-fisheye cache-miss
2301 http fetch GET 200 https://registry.npmjs.org/@jimp%2fplugin-displace 1362ms (cache miss)
2302 silly packumentCache full:https://registry.npmjs.org/@jimp%2fplugin-displace set size:undefined disposed:false
2303 silly fetch manifest @jimp/plugin-flip@^0.10.3
2304 silly packumentCache full:https://registry.npmjs.org/@jimp%2fplugin-flip cache-miss
2305 http fetch GET 200 https://registry.npmjs.org/@jimp%2fplugin-fisheye 1657ms (cache miss)
2306 silly packumentCache full:https://registry.npmjs.org/@jimp%2fplugin-fisheye set size:undefined disposed:false
2307 silly fetch manifest @jimp/plugin-gaussian@^0.10.3
2308 silly packumentCache full:https://registry.npmjs.org/@jimp%2fplugin-gaussian cache-miss
2309 http fetch GET 200 https://registry.npmjs.org/@jimp%2fplugin-crop 3012ms (cache miss)
2310 silly packumentCache full:https://registry.npmjs.org/@jimp%2fplugin-crop set size:undefined disposed:false
2311 silly fetch manifest @jimp/plugin-invert@^0.10.3
2312 silly packumentCache full:https://registry.npmjs.org/@jimp%2fplugin-invert cache-miss
2313 http fetch GET 200 https://registry.npmjs.org/@jimp%2fplugin-flip 1455ms (cache miss)
2314 silly packumentCache full:https://registry.npmjs.org/@jimp%2fplugin-flip set size:undefined disposed:false
2315 silly fetch manifest @jimp/plugin-mask@^0.10.3
2316 silly packumentCache full:https://registry.npmjs.org/@jimp%2fplugin-mask cache-miss
2317 http fetch GET 200 https://registry.npmjs.org/@jimp%2fplugin-dither 2711ms (cache miss)
2318 silly packumentCache full:https://registry.npmjs.org/@jimp%2fplugin-dither set size:undefined disposed:false
2319 silly fetch manifest @jimp/plugin-normalize@^0.10.3
2320 silly packumentCache full:https://registry.npmjs.org/@jimp%2fplugin-normalize cache-miss
2321 http fetch GET 200 https://registry.npmjs.org/@jimp%2fplugin-circle 7846ms (cache miss)
2322 silly packumentCache full:https://registry.npmjs.org/@jimp%2fplugin-circle set size:undefined disposed:false
2323 silly fetch manifest @jimp/plugin-print@^0.10.3
2324 silly packumentCache full:https://registry.npmjs.org/@jimp%2fplugin-print cache-miss
2325 http fetch GET 200 https://registry.npmjs.org/@jimp%2fplugin-gaussian 1716ms (cache miss)
2326 silly packumentCache full:https://registry.npmjs.org/@jimp%2fplugin-gaussian set size:undefined disposed:false
2327 silly fetch manifest @jimp/plugin-resize@^0.10.3
2328 silly packumentCache full:https://registry.npmjs.org/@jimp%2fplugin-resize cache-miss
2329 http fetch GET 200 https://registry.npmjs.org/@jimp%2fplugin-mask 1332ms (cache miss)
2330 silly packumentCache full:https://registry.npmjs.org/@jimp%2fplugin-mask set size:undefined disposed:false
2331 silly fetch manifest @jimp/plugin-rotate@^0.10.3
2332 silly packumentCache full:https://registry.npmjs.org/@jimp%2fplugin-rotate cache-miss
2333 http fetch GET 200 https://registry.npmjs.org/@jimp%2fplugin-normalize 2023ms (cache miss)
2334 silly packumentCache full:https://registry.npmjs.org/@jimp%2fplugin-normalize set size:undefined disposed:false
2335 silly fetch manifest @jimp/plugin-scale@^0.10.3
2336 silly packumentCache full:https://registry.npmjs.org/@jimp%2fplugin-scale cache-miss
2337 http fetch GET 200 https://registry.npmjs.org/@jimp%2fplugin-resize 1639ms (cache miss)
2338 silly packumentCache full:https://registry.npmjs.org/@jimp%2fplugin-resize set size:undefined disposed:false
2339 silly fetch manifest @jimp/plugin-shadow@^0.10.3
2340 silly packumentCache full:https://registry.npmjs.org/@jimp%2fplugin-shadow cache-miss
2341 http fetch GET 200 https://registry.npmjs.org/@jimp%2fplugin-invert 2795ms (cache miss)
2342 silly packumentCache full:https://registry.npmjs.org/@jimp%2fplugin-invert set size:undefined disposed:false
2343 silly fetch manifest @jimp/plugin-threshold@^0.10.3
2344 silly packumentCache full:https://registry.npmjs.org/@jimp%2fplugin-threshold cache-miss
2345 http fetch GET 200 https://registry.npmjs.org/@jimp%2fplugin-rotate 1525ms (cache miss)
2346 silly packumentCache full:https://registry.npmjs.org/@jimp%2fplugin-rotate set size:undefined disposed:false
2347 silly fetch manifest timm@^1.6.1
2348 silly packumentCache full:https://registry.npmjs.org/timm cache-miss
2349 http fetch GET 200 https://registry.npmjs.org/timm 408ms (cache miss)
2350 silly packumentCache full:https://registry.npmjs.org/timm set size:undefined disposed:false
2351 silly fetch manifest @jimp/bmp@^0.10.3
2352 silly packumentCache full:https://registry.npmjs.org/@jimp%2fbmp cache-miss
2353 http fetch GET 200 https://registry.npmjs.org/@jimp%2fplugin-scale 1241ms (cache miss)
2354 silly packumentCache full:https://registry.npmjs.org/@jimp%2fplugin-scale set size:undefined disposed:false
2355 silly fetch manifest @jimp/gif@^0.10.3
2356 silly packumentCache full:https://registry.npmjs.org/@jimp%2fgif cache-miss
2357 http fetch GET 200 https://registry.npmjs.org/@jimp%2fplugin-print 3103ms (cache miss)
2358 silly packumentCache full:https://registry.npmjs.org/@jimp%2fplugin-print set size:undefined disposed:false
2359 silly fetch manifest @jimp/png@^0.10.3
2360 silly packumentCache full:https://registry.npmjs.org/@jimp%2fpng cache-miss
2361 http fetch GET 200 https://registry.npmjs.org/@jimp%2fplugin-shadow 1616ms (cache miss)
2362 silly packumentCache full:https://registry.npmjs.org/@jimp%2fplugin-shadow set size:undefined disposed:false
2363 silly fetch manifest @jimp/jpeg@^0.10.3
2364 silly packumentCache full:https://registry.npmjs.org/@jimp%2fjpeg cache-miss
2365 http fetch GET 200 https://registry.npmjs.org/@jimp%2fbmp 1204ms (cache miss)
2366 silly packumentCache full:https://registry.npmjs.org/@jimp%2fbmp set size:undefined disposed:false
2367 silly fetch manifest @jimp/tiff@^0.10.3
2368 silly packumentCache full:https://registry.npmjs.org/@jimp%2ftiff cache-miss
2369 http fetch GET 200 https://registry.npmjs.org/@jimp%2fgif 1319ms (cache miss)
2370 silly packumentCache full:https://registry.npmjs.org/@jimp%2fgif set size:undefined disposed:false
2371 http fetch GET 200 https://registry.npmjs.org/@jimp%2fjpeg 1226ms (cache miss)
2372 silly packumentCache full:https://registry.npmjs.org/@jimp%2fjpeg set size:undefined disposed:false
2373 http fetch GET 200 https://registry.npmjs.org/@jimp%2ftiff 1215ms (cache miss)
2374 silly packumentCache full:https://registry.npmjs.org/@jimp%2ftiff set size:undefined disposed:false
2375 http fetch GET 200 https://registry.npmjs.org/@jimp%2fpng 1924ms (cache miss)
2376 silly packumentCache full:https://registry.npmjs.org/@jimp%2fpng set size:undefined disposed:false
2377 http fetch GET 200 https://registry.npmjs.org/@jimp%2fplugin-threshold 3725ms (cache miss)
2378 silly packumentCache full:https://registry.npmjs.org/@jimp%2fplugin-threshold set size:undefined disposed:false
2379 silly placeDep ROOT @jimp/core@0.10.3 OK for: @jimp/custom@0.10.3 want: ^0.10.3
2380 silly fetch manifest phin@^2.9.1
2381 silly packumentCache full:https://registry.npmjs.org/phin cache-miss
2382 silly fetch manifest buffer@^5.2.0
2383 silly packumentCache full:https://registry.npmjs.org/buffer cache-miss
2384 silly fetch manifest mkdirp@^0.5.1
2385 silly packumentCache full:https://registry.npmjs.org/mkdirp cache-miss
2386 silly fetch manifest any-base@^1.1.0
2387 silly packumentCache full:https://registry.npmjs.org/any-base cache-miss
2388 silly fetch manifest file-type@^9.0.0
2389 silly packumentCache full:https://registry.npmjs.org/file-type cache-miss
2390 http fetch GET 200 https://registry.npmjs.org/any-base 287ms (cache miss)
2391 silly packumentCache full:https://registry.npmjs.org/any-base set size:undefined disposed:false
2392 silly fetch manifest pixelmatch@^4.0.2
2393 silly packumentCache full:https://registry.npmjs.org/pixelmatch cache-miss
2394 http fetch GET 200 https://registry.npmjs.org/phin 486ms (cache miss)
2395 silly packumentCache full:https://registry.npmjs.org/phin set size:undefined disposed:false
2396 silly fetch manifest @jimp/utils@^0.10.3
2397 silly packumentCache full:https://registry.npmjs.org/@jimp%2futils cache-miss
2398 http fetch GET 200 https://registry.npmjs.org/mkdirp 490ms (cache miss)
2399 silly packumentCache full:https://registry.npmjs.org/mkdirp set size:undefined disposed:false
2400 silly fetch manifest exif-parser@^0.1.12
2401 silly packumentCache full:https://registry.npmjs.org/exif-parser cache-miss
2402 http fetch GET 200 https://registry.npmjs.org/exif-parser 201ms (cache miss)
2403 silly packumentCache full:https://registry.npmjs.org/exif-parser set size:undefined disposed:false
2404 silly fetch manifest load-bmfont@^1.3.1
2405 silly packumentCache full:https://registry.npmjs.org/load-bmfont cache-miss
2406 http fetch GET 200 https://registry.npmjs.org/pixelmatch 533ms (cache miss)
2407 silly packumentCache full:https://registry.npmjs.org/pixelmatch set size:undefined disposed:false
2408 http fetch GET 200 https://registry.npmjs.org/load-bmfont 251ms (cache miss)
2409 silly packumentCache full:https://registry.npmjs.org/load-bmfont set size:undefined disposed:false
2410 http fetch GET 200 https://registry.npmjs.org/buffer 1000ms (cache miss)
2411 silly packumentCache full:https://registry.npmjs.org/buffer set size:undefined disposed:false
2412 http fetch GET 200 https://registry.npmjs.org/@jimp%2futils 1452ms (cache miss)
2413 silly packumentCache full:https://registry.npmjs.org/@jimp%2futils set size:undefined disposed:false
2414 http fetch GET 200 https://registry.npmjs.org/file-type 2238ms (cache miss)
2415 silly packumentCache full:https://registry.npmjs.org/file-type set size:undefined disposed:false
2416 silly placeDep ROOT @jimp/utils@0.10.3 OK for: @jimp/core@0.10.3 want: ^0.10.3
2417 silly placeDep ROOT any-base@1.1.0 OK for: @jimp/core@0.10.3 want: ^1.1.0
2418 silly placeDep ROOT buffer@5.7.1 OK for: @jimp/core@0.10.3 want: ^5.2.0
2419 silly placeDep ROOT exif-parser@0.1.12 OK for: @jimp/core@0.10.3 want: ^0.1.12
2420 silly placeDep ROOT file-type@9.0.0 OK for: @jimp/core@0.10.3 want: ^9.0.0
2421 silly placeDep ROOT load-bmfont@1.4.2 OK for: @jimp/core@0.10.3 want: ^1.3.1
2422 silly placeDep ROOT mkdirp@0.5.6 OK for: @jimp/core@0.10.3 want: ^0.5.1
2423 silly placeDep ROOT phin@2.9.3 OK for: @jimp/core@0.10.3 want: ^2.9.1
2424 silly placeDep ROOT pixelmatch@4.0.2 OK for: @jimp/core@0.10.3 want: ^4.0.2
2425 silly fetch manifest base64-js@^1.3.1
2426 silly packumentCache full:https://registry.npmjs.org/base64-js cache-miss
2427 silly fetch manifest ieee754@^1.1.13
2428 silly packumentCache full:https://registry.npmjs.org/ieee754 cache-miss
2429 silly fetch manifest buffer-equal@0.0.1
2430 silly packumentCache full:https://registry.npmjs.org/buffer-equal cache-miss
2431 silly fetch manifest mime@^1.3.4
2432 silly packumentCache full:https://registry.npmjs.org/mime cache-hit
2433 silly fetch manifest parse-bmfont-ascii@^1.0.3
2434 silly packumentCache full:https://registry.npmjs.org/parse-bmfont-ascii cache-miss
2435 silly fetch manifest parse-bmfont-binary@^1.0.5
2436 silly packumentCache full:https://registry.npmjs.org/parse-bmfont-binary cache-miss
2437 http fetch GET 200 https://registry.npmjs.org/buffer-equal 201ms (cache miss)
2438 silly packumentCache full:https://registry.npmjs.org/buffer-equal set size:undefined disposed:false
2439 silly fetch manifest parse-bmfont-xml@^1.1.4
2440 silly packumentCache full:https://registry.npmjs.org/parse-bmfont-xml cache-miss
2441 http fetch GET 200 https://registry.npmjs.org/parse-bmfont-ascii 203ms (cache miss)
2442 silly packumentCache full:https://registry.npmjs.org/parse-bmfont-ascii set size:undefined disposed:false
2443 silly fetch manifest phin@^3.7.1
2444 silly packumentCache full:https://registry.npmjs.org/phin cache-miss
2445 http cache https://registry.npmjs.org/phin 8ms (cache hit)
2446 silly packumentCache full:https://registry.npmjs.org/phin set size:123951 disposed:false
2447 silly fetch manifest xhr@^2.0.1
2448 silly packumentCache full:https://registry.npmjs.org/xhr cache-miss
2449 http fetch GET 200 https://registry.npmjs.org/ieee754 228ms (cache miss)
2450 silly packumentCache full:https://registry.npmjs.org/ieee754 set size:undefined disposed:false
2451 silly fetch manifest xtend@^4.0.0
2452 silly packumentCache full:https://registry.npmjs.org/xtend cache-miss
2453 http fetch GET 200 https://registry.npmjs.org/base64-js 257ms (cache miss)
2454 silly packumentCache full:https://registry.npmjs.org/base64-js set size:undefined disposed:false
2455 silly fetch manifest minimist@^1.2.6
2456 silly packumentCache full:https://registry.npmjs.org/minimist cache-miss
2457 http fetch GET 200 https://registry.npmjs.org/parse-bmfont-xml 243ms (cache miss)
2458 silly packumentCache full:https://registry.npmjs.org/parse-bmfont-xml set size:undefined disposed:false
2459 silly fetch manifest pngjs@^3.0.0
2460 silly packumentCache full:https://registry.npmjs.org/pngjs cache-miss
2461 http fetch GET 200 https://registry.npmjs.org/parse-bmfont-binary 447ms (cache miss)
2462 silly packumentCache full:https://registry.npmjs.org/parse-bmfont-binary set size:undefined disposed:false
2463 http fetch GET 200 https://registry.npmjs.org/xtend 388ms (cache miss)
2464 silly packumentCache full:https://registry.npmjs.org/xtend set size:undefined disposed:false
2465 http fetch GET 200 https://registry.npmjs.org/xhr 423ms (cache miss)
2466 silly packumentCache full:https://registry.npmjs.org/xhr set size:undefined disposed:false
2467 http fetch GET 200 https://registry.npmjs.org/minimist 428ms (cache miss)
2468 silly packumentCache full:https://registry.npmjs.org/minimist set size:undefined disposed:false
2469 http fetch GET 200 https://registry.npmjs.org/pngjs 383ms (cache miss)
2470 silly packumentCache full:https://registry.npmjs.org/pngjs set size:undefined disposed:false
2471 silly fetch manifest @jimp/custom@>=0.3.5
2472 silly packumentCache full:https://registry.npmjs.org/@jimp%2fcustom cache-miss
2473 http cache https://registry.npmjs.org/@jimp%2fcustom 10ms (cache hit)
2474 silly packumentCache full:https://registry.npmjs.org/@jimp%2fcustom set size:1162364 disposed:false
2475 silly placeDep ROOT @jimp/plugin-blit@0.10.3 OK for: @jimp/plugins@0.10.3 want: ^0.10.3
2476 silly placeDep ROOT @jimp/plugin-blur@0.10.3 OK for: @jimp/plugins@0.10.3 want: ^0.10.3
2477 silly placeDep ROOT @jimp/plugin-circle@0.10.3 OK for: @jimp/plugins@0.10.3 want: ^0.10.3
2478 silly placeDep ROOT @jimp/plugin-color@0.10.3 OK for: @jimp/plugins@0.10.3 want: ^0.10.3
2479 silly placeDep ROOT @jimp/plugin-contain@0.10.3 OK for: @jimp/plugins@0.10.3 want: ^0.10.3
2480 silly placeDep ROOT @jimp/plugin-scale@0.10.3 OK for: @jimp/plugin-contain@0.10.3 want: >=0.3.5
2481 silly placeDep ROOT @jimp/plugin-resize@0.10.3 OK for: @jimp/plugin-scale@0.10.3 want: >=0.3.5
2482 silly placeDep ROOT @jimp/plugin-cover@0.10.3 OK for: @jimp/plugins@0.10.3 want: ^0.10.3
2483 silly placeDep ROOT @jimp/plugin-crop@0.10.3 OK for: @jimp/plugin-cover@0.10.3 want: >=0.3.5
2484 silly placeDep ROOT @jimp/plugin-displace@0.10.3 OK for: @jimp/plugins@0.10.3 want: ^0.10.3
2485 silly placeDep ROOT @jimp/plugin-dither@0.10.3 OK for: @jimp/plugins@0.10.3 want: ^0.10.3
2486 silly placeDep ROOT @jimp/plugin-fisheye@0.10.3 OK for: @jimp/plugins@0.10.3 want: ^0.10.3
2487 silly placeDep ROOT @jimp/plugin-flip@0.10.3 OK for: @jimp/plugins@0.10.3 want: ^0.10.3
2488 silly placeDep ROOT @jimp/plugin-rotate@0.10.3 OK for: @jimp/plugin-flip@0.10.3 want: >=0.3.5
2489 silly placeDep ROOT @jimp/plugin-gaussian@0.10.3 OK for: @jimp/plugins@0.10.3 want: ^0.10.3
2490 silly placeDep ROOT @jimp/plugin-invert@0.10.3 OK for: @jimp/plugins@0.10.3 want: ^0.10.3
2491 silly placeDep ROOT @jimp/plugin-mask@0.10.3 OK for: @jimp/plugins@0.10.3 want: ^0.10.3
2492 silly placeDep ROOT @jimp/plugin-normalize@0.10.3 OK for: @jimp/plugins@0.10.3 want: ^0.10.3
2493 silly placeDep ROOT @jimp/plugin-print@0.10.3 OK for: @jimp/plugins@0.10.3 want: ^0.10.3
2494 silly placeDep ROOT @jimp/plugin-shadow@0.10.3 OK for: @jimp/plugins@0.10.3 want: ^0.10.3
2495 silly placeDep ROOT @jimp/plugin-threshold@0.10.3 OK for: @jimp/plugins@0.10.3 want: ^0.10.3
2496 silly placeDep ROOT timm@1.7.1 OK for: @jimp/plugins@0.10.3 want: ^1.6.1
2497 silly placeDep ROOT @jimp/bmp@0.10.3 OK for: @jimp/types@0.10.3 want: ^0.10.3
2498 silly placeDep ROOT @jimp/gif@0.10.3 OK for: @jimp/types@0.10.3 want: ^0.10.3
2499 silly placeDep ROOT @jimp/jpeg@0.10.3 OK for: @jimp/types@0.10.3 want: ^0.10.3
2500 silly placeDep ROOT @jimp/png@0.10.3 OK for: @jimp/types@0.10.3 want: ^0.10.3
2501 silly placeDep ROOT @jimp/tiff@0.10.3 OK for: @jimp/types@0.10.3 want: ^0.10.3
2502 silly fetch manifest bmp-js@^0.1.0
2503 silly packumentCache full:https://registry.npmjs.org/bmp-js cache-miss
2504 silly fetch manifest omggif@^1.0.9
2505 silly packumentCache full:https://registry.npmjs.org/omggif cache-miss
2506 silly fetch manifest jpeg-js@^0.3.4
2507 silly packumentCache full:https://registry.npmjs.org/jpeg-js cache-miss
2508 silly fetch manifest pngjs@^3.3.3
2509 silly packumentCache full:https://registry.npmjs.org/pngjs cache-miss
2510 silly fetch manifest utif@^2.0.1
2511 silly packumentCache full:https://registry.npmjs.org/utif cache-miss
2512 http cache https://registry.npmjs.org/pngjs 22ms (cache hit)
2513 silly packumentCache full:https://registry.npmjs.org/pngjs set size:70154 disposed:false
2514 http fetch GET 200 https://registry.npmjs.org/bmp-js 233ms (cache miss)
2515 silly packumentCache full:https://registry.npmjs.org/bmp-js set size:undefined disposed:false
2516 http fetch GET 200 https://registry.npmjs.org/omggif 255ms (cache miss)
2517 silly packumentCache full:https://registry.npmjs.org/omggif set size:undefined disposed:false
2518 http fetch GET 200 https://registry.npmjs.org/utif 424ms (cache miss)
2519 silly packumentCache full:https://registry.npmjs.org/utif set size:undefined disposed:false
2520 http fetch GET 200 https://registry.npmjs.org/jpeg-js 433ms (cache miss)
2521 silly packumentCache full:https://registry.npmjs.org/jpeg-js set size:undefined disposed:false
2522 silly placeDep ROOT bmp-js@0.1.0 OK for: @jimp/bmp@0.10.3 want: ^0.1.0
2523 silly placeDep ROOT omggif@1.0.10 OK for: @jimp/gif@0.10.3 want: ^1.0.9
2524 silly placeDep ROOT jpeg-js@0.3.7 OK for: @jimp/jpeg@0.10.3 want: ^0.3.4
2525 silly placeDep ROOT pngjs@3.4.0 OK for: @jimp/png@0.10.3 want: ^3.3.3
2526 silly placeDep ROOT utif@2.0.1 OK for: @jimp/tiff@0.10.3 want: ^2.0.1
2527 silly fetch manifest pako@^1.0.5
2528 silly packumentCache full:https://registry.npmjs.org/pako cache-miss
2529 http fetch GET 200 https://registry.npmjs.org/pako 470ms (cache miss)
2530 silly packumentCache full:https://registry.npmjs.org/pako set size:undefined disposed:false
2531 silly placeDep node_modules/@jimp/utils regenerator-runtime@0.13.11 OK for: @jimp/utils@0.10.3 want: ^0.13.3
2532 silly placeDep ROOT base64-js@1.5.1 OK for: buffer@5.7.1 want: ^1.3.1
2533 silly placeDep ROOT ieee754@1.2.1 OK for: buffer@5.7.1 want: ^1.1.13
2534 silly placeDep ROOT buffer-equal@0.0.1 OK for: load-bmfont@1.4.2 want: 0.0.1
2535 silly placeDep node_modules/load-bmfont mime@1.6.0 OK for: load-bmfont@1.4.2 want: ^1.3.4
2536 silly placeDep ROOT parse-bmfont-ascii@1.0.6 OK for: load-bmfont@1.4.2 want: ^1.0.3
2537 silly placeDep ROOT parse-bmfont-binary@1.0.6 OK for: load-bmfont@1.4.2 want: ^1.0.5
2538 silly placeDep ROOT parse-bmfont-xml@1.1.6 OK for: load-bmfont@1.4.2 want: ^1.1.4
2539 silly placeDep node_modules/load-bmfont phin@3.7.1 OK for: load-bmfont@1.4.2 want: ^3.7.1
2540 silly placeDep ROOT xhr@2.6.0 OK for: load-bmfont@1.4.2 want: ^2.0.1
2541 silly placeDep ROOT xtend@4.0.2 OK for: load-bmfont@1.4.2 want: ^4.0.0
2542 silly fetch manifest xml-parse-from-string@^1.0.0
2543 silly packumentCache full:https://registry.npmjs.org/xml-parse-from-string cache-miss
2544 silly fetch manifest xml2js@^0.5.0
2545 silly packumentCache full:https://registry.npmjs.org/xml2js cache-miss
2546 silly fetch manifest centra@^2.7.0
2547 silly packumentCache full:https://registry.npmjs.org/centra cache-miss
2548 silly fetch manifest global@~4.4.0
2549 silly packumentCache full:https://registry.npmjs.org/global cache-miss
2550 silly fetch manifest is-function@^1.0.1
2551 silly packumentCache full:https://registry.npmjs.org/is-function cache-miss
2552 http fetch GET 200 https://registry.npmjs.org/centra 238ms (cache miss)
2553 silly packumentCache full:https://registry.npmjs.org/centra set size:undefined disposed:false
2554 silly fetch manifest parse-headers@^2.0.0
2555 silly packumentCache full:https://registry.npmjs.org/parse-headers cache-miss
2556 http fetch GET 200 https://registry.npmjs.org/is-function 368ms (cache miss)
2557 silly packumentCache full:https://registry.npmjs.org/is-function set size:undefined disposed:false
2558 http fetch GET 200 https://registry.npmjs.org/global 388ms (cache miss)
2559 silly packumentCache full:https://registry.npmjs.org/global set size:undefined disposed:false
2560 http fetch GET 200 https://registry.npmjs.org/parse-headers 191ms (cache miss)
2561 silly packumentCache full:https://registry.npmjs.org/parse-headers set size:undefined disposed:false
2562 http fetch GET 200 https://registry.npmjs.org/xml-parse-from-string 515ms (cache miss)
2563 silly packumentCache full:https://registry.npmjs.org/xml-parse-from-string set size:undefined disposed:false
2564 http fetch GET 200 https://registry.npmjs.org/xml2js 767ms (cache miss)
2565 silly packumentCache full:https://registry.npmjs.org/xml2js set size:undefined disposed:false
2566 silly placeDep ROOT yallist@3.1.1 OK for: lru-cache@5.1.1 want: ^3.0.2
2567 silly placeDep ROOT mime-db@1.52.0 OK for: mime-types@2.1.35 want: 1.52.0
2568 silly placeDep ROOT minimist@1.2.8 OK for: mkdirp@0.5.6 want: ^1.2.6
2569 silly placeDep ROOT ee-first@1.1.1 OK for: on-finished@2.4.1 want: 1.1.1
2570 silly placeDep ROOT lcid@3.1.1 OK for: os-locale-s-fix@1.0.8-fix-1 want: ^3.0.0
2571 silly fetch manifest invert-kv@^3.0.0
2572 silly packumentCache full:https://registry.npmjs.org/invert-kv cache-miss
2573 http fetch GET 200 https://registry.npmjs.org/invert-kv 729ms (cache miss)
2574 silly packumentCache full:https://registry.npmjs.org/invert-kv set size:undefined disposed:false
2575 silly placeDep ROOT invert-kv@3.0.1 OK for: lcid@3.1.1 want: ^3.0.0
2576 silly placeDep ROOT xml-parse-from-string@1.0.1 OK for: parse-bmfont-xml@1.1.6 want: ^1.0.0
2577 silly placeDep ROOT xml2js@0.5.0 OK for: parse-bmfont-xml@1.1.6 want: ^0.5.0
2578 silly fetch manifest sax@>=0.6.0
2579 silly packumentCache full:https://registry.npmjs.org/sax cache-miss
2580 silly fetch manifest xmlbuilder@~11.0.0
2581 silly packumentCache full:https://registry.npmjs.org/xmlbuilder cache-miss
2582 http fetch GET 200 https://registry.npmjs.org/sax 311ms (cache miss)
2583 silly packumentCache full:https://registry.npmjs.org/sax set size:undefined disposed:false
2584 http fetch GET 200 https://registry.npmjs.org/xmlbuilder 341ms (cache miss)
2585 silly packumentCache full:https://registry.npmjs.org/xmlbuilder set size:undefined disposed:false
2586 silly placeDep ROOT css-font-size-keywords@1.0.0 OK for: parse-css-font@4.0.0 want: ^1.0.0
2587 silly placeDep ROOT css-font-stretch-keywords@1.0.1 OK for: parse-css-font@4.0.0 want: ^1.0.1
2588 silly placeDep ROOT css-font-style-keywords@1.0.1 OK for: parse-css-font@4.0.0 want: ^1.0.1
2589 silly placeDep ROOT css-font-weight-keywords@1.0.0 OK for: parse-css-font@4.0.0 want: ^1.0.0
2590 silly placeDep ROOT css-list-helpers@2.0.0 OK for: parse-css-font@4.0.0 want: ^2.0.0
2591 silly placeDep ROOT css-system-font-keywords@1.0.0 OK for: parse-css-font@4.0.0 want: ^1.0.0
2592 silly placeDep ROOT unquote@1.1.1 OK for: parse-css-font@4.0.0 want: ^1.1.1
2593 silly placeDep ROOT nanoid@3.3.11 OK for: postcss@8.5.8 want: ^3.3.11
2594 silly placeDep node_modules/postcss picocolors@1.1.1 OK for: postcss@8.5.8 want: ^1.1.1
2595 silly placeDep ROOT read-cache@1.0.0 OK for: postcss-import@14.1.0 want: ^1.0.0
2596 silly fetch manifest pify@^2.3.0
2597 silly packumentCache full:https://registry.npmjs.org/pify cache-miss
2598 http fetch GET 200 https://registry.npmjs.org/pify 1028ms (cache miss)
2599 silly packumentCache full:https://registry.npmjs.org/pify set size:undefined disposed:false
2600 silly placeDep ROOT lilconfig@2.1.0 OK for: postcss-load-config@3.1.4 want: ^2.0.5
2601 silly placeDep ROOT yaml@1.10.2 OK for: postcss-load-config@3.1.4 want: ^1.10.2
2602 silly placeDep ROOT generic-names@4.0.0 OK for: postcss-modules@4.3.1 want: ^4.0.0
2603 silly placeDep ROOT icss-replace-symbols@1.1.0 OK for: postcss-modules@4.3.1 want: ^1.1.0
2604 silly placeDep ROOT lodash.camelcase@4.3.0 OK for: postcss-modules@4.3.1 want: ^4.3.0
2605 silly placeDep ROOT postcss-modules-extract-imports@3.1.0 OK for: postcss-modules@4.3.1 want: ^3.0.0
2606 silly placeDep ROOT postcss-modules-local-by-default@4.2.0 OK for: postcss-modules@4.3.1 want: ^4.0.0
2607 silly placeDep ROOT postcss-modules-scope@3.2.1 OK for: postcss-modules@4.3.1 want: ^3.0.0
2608 silly placeDep ROOT postcss-modules-values@4.0.0 OK for: postcss-modules@4.3.1 want: ^4.0.0
2609 silly placeDep ROOT string-hash@1.1.3 OK for: postcss-modules@4.3.1 want: ^1.1.1
2610 silly fetch manifest loader-utils@^3.2.0
2611 silly packumentCache full:https://registry.npmjs.org/loader-utils cache-miss
2612 silly fetch manifest icss-utils@^5.0.0
2613 silly packumentCache full:https://registry.npmjs.org/icss-utils cache-miss
2614 silly fetch manifest postcss-selector-parser@^7.0.0
2615 silly packumentCache full:https://registry.npmjs.org/postcss-selector-parser cache-miss
2616 silly fetch manifest postcss-selector-parser@^7.0.0
2617 silly packumentCache full:https://registry.npmjs.org/postcss-selector-parser cache-miss
2618 silly fetch manifest icss-utils@^5.0.0
2619 silly packumentCache full:https://registry.npmjs.org/icss-utils cache-miss
2620 http cache https://registry.npmjs.org/postcss-selector-parser 10ms (cache hit)
2621 silly packumentCache full:https://registry.npmjs.org/postcss-selector-parser set size:177140 disposed:false
2622 http cache https://registry.npmjs.org/postcss-selector-parser 14ms (cache hit)
2623 silly packumentCache full:https://registry.npmjs.org/postcss-selector-parser set size:177140 disposed:false
2624 silly packumentCache full:https://registry.npmjs.org/postcss-selector-parser dispose
2625 http fetch GET 200 https://registry.npmjs.org/icss-utils 275ms (cache miss)
2626 silly packumentCache full:https://registry.npmjs.org/icss-utils set size:undefined disposed:false
2627 http fetch GET 200 https://registry.npmjs.org/icss-utils 470ms (cache miss)
2628 silly packumentCache full:https://registry.npmjs.org/icss-utils set size:undefined disposed:false
2629 http fetch GET 200 https://registry.npmjs.org/loader-utils 629ms (cache miss)
2630 silly packumentCache full:https://registry.npmjs.org/loader-utils set size:undefined disposed:false
2631 silly placeDep ROOT loader-utils@3.3.1 OK for: generic-names@4.0.0 want: ^3.2.0
2632 silly placeDep ROOT icss-utils@5.1.0 OK for: postcss-modules-local-by-default@4.2.0 want: ^5.0.0
2633 silly placeDep node_modules/postcss-modules-local-by-default postcss-selector-parser@7.1.1 OK for: postcss-modules-local-by-default@4.2.0 want: ^7.0.0
2634 silly placeDep node_modules/postcss-modules-scope postcss-selector-parser@7.1.1 OK for: postcss-modules-scope@3.2.1 want: ^7.0.0
2635 silly placeDep ROOT cssesc@3.0.0 OK for: postcss-selector-parser@6.1.2 want: ^3.0.0
2636 silly placeDep ROOT util-deprecate@1.0.2 OK for: postcss-selector-parser@6.1.2 want: ^1.0.2
2637 silly placeDep ROOT forwarded@0.2.0 OK for: proxy-addr@2.0.7 want: 0.2.0
2638 silly placeDep ROOT ipaddr.js@1.9.1 OK for: proxy-addr@2.0.7 want: 1.9.1
2639 silly placeDep ROOT side-channel@1.1.0 OK for: qs@6.11.0 want: ^1.0.4
2640 silly fetch manifest es-errors@^1.3.0
2641 silly packumentCache full:https://registry.npmjs.org/es-errors cache-miss
2642 silly fetch manifest object-inspect@^1.13.3
2643 silly packumentCache full:https://registry.npmjs.org/object-inspect cache-miss
2644 silly fetch manifest side-channel-list@^1.0.0
2645 silly packumentCache full:https://registry.npmjs.org/side-channel-list cache-miss
2646 silly fetch manifest side-channel-map@^1.0.1
2647 silly packumentCache full:https://registry.npmjs.org/side-channel-map cache-miss
2648 silly fetch manifest side-channel-weakmap@^1.0.2
2649 silly packumentCache full:https://registry.npmjs.org/side-channel-weakmap cache-miss
2650 http fetch GET 200 https://registry.npmjs.org/side-channel-map 181ms (cache miss)
2651 silly packumentCache full:https://registry.npmjs.org/side-channel-map set size:undefined disposed:false
2652 http fetch GET 200 https://registry.npmjs.org/side-channel-list 183ms (cache miss)
2653 silly packumentCache full:https://registry.npmjs.org/side-channel-list set size:undefined disposed:false
2654 http fetch GET 200 https://registry.npmjs.org/es-errors 222ms (cache miss)
2655 silly packumentCache full:https://registry.npmjs.org/es-errors set size:undefined disposed:false
2656 http fetch GET 200 https://registry.npmjs.org/object-inspect 482ms (cache miss)
2657 silly packumentCache full:https://registry.npmjs.org/object-inspect set size:undefined disposed:false
2658 http fetch GET 200 https://registry.npmjs.org/side-channel-weakmap 771ms (cache miss)
2659 silly packumentCache full:https://registry.npmjs.org/side-channel-weakmap set size:undefined disposed:false
2660 silly placeDep ROOT pify@2.3.0 OK for: read-cache@1.0.0 want: ^2.3.0
2661 silly placeDep ROOT regenerate@1.4.2 OK for: regexpu-core@6.4.0 want: ^1.4.2
2662 silly placeDep ROOT regenerate-unicode-properties@10.2.2 OK for: regexpu-core@6.4.0 want: ^10.2.2
2663 silly placeDep ROOT regjsgen@0.8.0 OK for: regexpu-core@6.4.0 want: ^0.8.0
2664 silly placeDep ROOT regjsparser@0.13.0 OK for: regexpu-core@6.4.0 want: ^0.13.0
2665 silly placeDep ROOT unicode-match-property-ecmascript@2.0.0 OK for: regexpu-core@6.4.0 want: ^2.0.0
2666 silly placeDep ROOT unicode-match-property-value-ecmascript@2.2.1 OK for: regexpu-core@6.4.0 want: ^2.2.1
2667 silly fetch manifest unicode-canonical-property-names-ecmascript@^2.0.0
2668 silly packumentCache full:https://registry.npmjs.org/unicode-canonical-property-names-ecmascript cache-miss
2669 silly fetch manifest unicode-property-aliases-ecmascript@^2.0.0
2670 silly packumentCache full:https://registry.npmjs.org/unicode-property-aliases-ecmascript cache-miss
2671 http fetch GET 200 https://registry.npmjs.org/unicode-property-aliases-ecmascript 360ms (cache miss)
2672 silly packumentCache full:https://registry.npmjs.org/unicode-property-aliases-ecmascript set size:undefined disposed:false
2673 http fetch GET 200 https://registry.npmjs.org/unicode-canonical-property-names-ecmascript 697ms (cache miss)
2674 silly packumentCache full:https://registry.npmjs.org/unicode-canonical-property-names-ecmascript set size:undefined disposed:false
2675 silly placeDep ROOT is-core-module@2.16.1 OK for: resolve@1.22.8 want: ^2.13.0
2676 silly placeDep ROOT path-parse@1.0.7 OK for: resolve@1.22.8 want: ^1.0.7
2677 silly placeDep ROOT supports-preserve-symlinks-flag@1.0.0 OK for: resolve@1.22.8 want: ^1.0.0
2678 silly fetch manifest hasown@^2.0.2
2679 silly packumentCache full:https://registry.npmjs.org/hasown cache-miss
2680 http fetch GET 200 https://registry.npmjs.org/hasown 219ms (cache miss)
2681 silly packumentCache full:https://registry.npmjs.org/hasown set size:undefined disposed:false
2682 silly placeDep ROOT hasown@2.0.2 OK for: is-core-module@2.16.1 want: ^2.0.2
2683 silly fetch manifest function-bind@^1.1.2
2684 silly packumentCache full:https://registry.npmjs.org/function-bind cache-miss
2685 http fetch GET 200 https://registry.npmjs.org/function-bind 208ms (cache miss)
2686 silly packumentCache full:https://registry.npmjs.org/function-bind set size:undefined disposed:false
2687 silly placeDep ROOT function-bind@1.1.2 OK for: hasown@2.0.2 want: ^1.1.2
2688 silly placeDep ROOT queue-microtask@1.2.3 OK for: run-parallel@1.2.0 want: ^1.2.2
2689 silly placeDep node_modules/send debug@2.6.9 OK for: send@0.19.0 want: 2.6.9
2690 silly placeDep node_modules/send encodeurl@1.0.2 OK for: send@0.19.0 want: ~1.0.2
2691 silly placeDep node_modules/send mime@1.6.0 OK for: send@0.19.0 want: 1.6.0
2692 silly placeDep node_modules/serve-static encodeurl@1.0.2 OK for: serve-static@1.16.0 want: ~1.0.2
2693 silly placeDep node_modules/serve-static send@0.18.0 OK for: serve-static@1.16.0 want: 0.18.0
2694 silly placeDep ROOT es-errors@1.3.0 OK for: side-channel@1.1.0 want: ^1.3.0
2695 silly placeDep ROOT object-inspect@1.13.4 OK for: side-channel@1.1.0 want: ^1.13.3
2696 silly placeDep ROOT side-channel-list@1.0.0 OK for: side-channel@1.1.0 want: ^1.0.0
2697 silly placeDep ROOT side-channel-map@1.0.1 OK for: side-channel@1.1.0 want: ^1.0.1
2698 silly placeDep ROOT side-channel-weakmap@1.0.2 OK for: side-channel@1.1.0 want: ^1.0.2
2699 silly fetch manifest call-bound@^1.0.2
2700 silly packumentCache full:https://registry.npmjs.org/call-bound cache-miss
2701 silly fetch manifest get-intrinsic@^1.2.5
2702 silly packumentCache full:https://registry.npmjs.org/get-intrinsic cache-miss
2703 silly fetch manifest call-bound@^1.0.2
2704 silly packumentCache full:https://registry.npmjs.org/call-bound cache-miss
2705 silly fetch manifest get-intrinsic@^1.2.5
2706 silly packumentCache full:https://registry.npmjs.org/get-intrinsic cache-miss
2707 http fetch GET 200 https://registry.npmjs.org/call-bound 219ms (cache miss)
2708 silly packumentCache full:https://registry.npmjs.org/call-bound set size:undefined disposed:false
2709 http fetch GET 200 https://registry.npmjs.org/get-intrinsic 430ms (cache miss)
2710 silly packumentCache full:https://registry.npmjs.org/get-intrinsic set size:undefined disposed:false
2711 http fetch GET 200 https://registry.npmjs.org/get-intrinsic 917ms (cache miss)
2712 silly packumentCache full:https://registry.npmjs.org/get-intrinsic set size:undefined disposed:false
2713 http fetch GET 200 https://registry.npmjs.org/call-bound 1467ms (cache miss)
2714 silly packumentCache full:https://registry.npmjs.org/call-bound set size:undefined disposed:false
2715 silly placeDep ROOT call-bound@1.0.4 OK for: side-channel-map@1.0.1 want: ^1.0.2
2716 silly placeDep ROOT get-intrinsic@1.3.0 OK for: side-channel-map@1.0.1 want: ^1.2.5
2717 silly fetch manifest call-bind-apply-helpers@^1.0.2
2718 silly packumentCache full:https://registry.npmjs.org/call-bind-apply-helpers cache-miss
2719 silly fetch manifest get-intrinsic@^1.3.0
2720 silly packumentCache full:https://registry.npmjs.org/get-intrinsic cache-miss
2721 silly fetch manifest gopd@^1.2.0
2722 silly packumentCache full:https://registry.npmjs.org/gopd cache-miss
2723 silly fetch manifest get-proto@^1.0.1
2724 silly packumentCache full:https://registry.npmjs.org/get-proto cache-miss
2725 silly fetch manifest has-symbols@^1.1.0
2726 silly packumentCache full:https://registry.npmjs.org/has-symbols cache-miss
2727 http cache https://registry.npmjs.org/get-intrinsic 11ms (cache hit)
2728 silly packumentCache full:https://registry.npmjs.org/get-intrinsic set size:60985 disposed:false
2729 silly fetch manifest es-object-atoms@^1.1.1
2730 silly packumentCache full:https://registry.npmjs.org/es-object-atoms cache-miss
2731 http fetch GET 200 https://registry.npmjs.org/get-proto 212ms (cache miss)
2732 silly packumentCache full:https://registry.npmjs.org/get-proto set size:undefined disposed:false
2733 silly fetch manifest math-intrinsics@^1.1.0
2734 silly packumentCache full:https://registry.npmjs.org/math-intrinsics cache-miss
2735 http fetch GET 200 https://registry.npmjs.org/es-object-atoms 531ms (cache miss)
2736 silly packumentCache full:https://registry.npmjs.org/es-object-atoms set size:undefined disposed:false
2737 silly fetch manifest es-define-property@^1.0.1
2738 silly packumentCache full:https://registry.npmjs.org/es-define-property cache-miss
2739 http fetch GET 200 https://registry.npmjs.org/has-symbols 555ms (cache miss)
2740 silly packumentCache full:https://registry.npmjs.org/has-symbols set size:undefined disposed:false
2741 silly fetch manifest call-bind-apply-helpers@^1.0.2
2742 silly packumentCache full:https://registry.npmjs.org/call-bind-apply-helpers cache-miss
2743 http fetch GET 200 https://registry.npmjs.org/gopd 782ms (cache miss)
2744 silly packumentCache full:https://registry.npmjs.org/gopd set size:undefined disposed:false
2745 http fetch GET 200 https://registry.npmjs.org/call-bind-apply-helpers 783ms (cache miss)
2746 silly packumentCache full:https://registry.npmjs.org/call-bind-apply-helpers set size:undefined disposed:false
2747 http fetch GET 200 https://registry.npmjs.org/call-bind-apply-helpers 314ms (cache miss)
2748 silly packumentCache full:https://registry.npmjs.org/call-bind-apply-helpers set size:undefined disposed:false
2749 http fetch GET 200 https://registry.npmjs.org/es-define-property 410ms (cache miss)
2750 silly packumentCache full:https://registry.npmjs.org/es-define-property set size:undefined disposed:false
2751 http fetch GET 200 https://registry.npmjs.org/math-intrinsics 1097ms (cache miss)
2752 silly packumentCache full:https://registry.npmjs.org/math-intrinsics set size:undefined disposed:false
2753 silly placeDep ROOT call-bind-apply-helpers@1.0.2 OK for: call-bound@1.0.4 want: ^1.0.2
2754 silly placeDep ROOT es-define-property@1.0.1 OK for: get-intrinsic@1.3.0 want: ^1.0.1
2755 silly placeDep ROOT es-object-atoms@1.1.1 OK for: get-intrinsic@1.3.0 want: ^1.1.1
2756 silly placeDep ROOT get-proto@1.0.1 OK for: get-intrinsic@1.3.0 want: ^1.0.1
2757 silly placeDep ROOT gopd@1.2.0 OK for: get-intrinsic@1.3.0 want: ^1.2.0
2758 silly placeDep ROOT has-symbols@1.1.0 OK for: get-intrinsic@1.3.0 want: ^1.1.0
2759 silly placeDep ROOT math-intrinsics@1.1.0 OK for: get-intrinsic@1.3.0 want: ^1.1.0
2760 silly fetch manifest dunder-proto@^1.0.1
2761 silly packumentCache full:https://registry.npmjs.org/dunder-proto cache-miss
2762 http fetch GET 200 https://registry.npmjs.org/dunder-proto 1344ms (cache miss)
2763 silly packumentCache full:https://registry.npmjs.org/dunder-proto set size:undefined disposed:false
2764 silly placeDep ROOT dunder-proto@1.0.1 OK for: get-proto@1.0.1 want: ^1.0.1
2765 silly placeDep ROOT has-flag@3.0.0 OK for: supports-color@5.5.0 want: ^3.0.0
2766 silly placeDep ROOT @jridgewell/source-map@0.3.11 OK for: terser@5.46.1 want: ^0.3.3
2767 silly placeDep ROOT acorn@8.16.0 OK for: terser@5.46.1 want: ^8.15.0
2768 silly placeDep ROOT commander@2.20.3 OK for: terser@5.46.1 want: ^2.20.0
2769 silly placeDep ROOT source-map-support@0.5.21 OK for: terser@5.46.1 want: ~0.5.20
2770 silly fetch manifest buffer-from@^1.0.0
2771 silly packumentCache full:https://registry.npmjs.org/buffer-from cache-miss
2772 http fetch GET 200 https://registry.npmjs.org/buffer-from 266ms (cache miss)
2773 silly packumentCache full:https://registry.npmjs.org/buffer-from set size:undefined disposed:false
2774 silly placeDep ROOT buffer-from@1.1.2 OK for: source-map-support@0.5.21 want: ^1.0.0
2775 silly placeDep ROOT is-number@7.0.0 OK for: to-regex-range@5.0.1 want: ^7.0.0
2776 silly placeDep ROOT media-typer@0.3.0 OK for: type-is@1.6.18 want: 0.3.0
2777 silly placeDep ROOT unicode-canonical-property-names-ecmascript@2.0.1 OK for: unicode-match-property-ecmascript@2.0.0 want: ^2.0.0
2778 silly placeDep ROOT unicode-property-aliases-ecmascript@2.2.0 OK for: unicode-match-property-ecmascript@2.0.0 want: ^2.0.0
2779 silly placeDep node_modules/unimport escape-string-regexp@5.0.0 OK for: unimport@4.1.1 want: ^5.0.0
2780 silly placeDep node_modules/unimport estree-walker@3.0.3 OK for: unimport@4.1.1 want: ^3.0.3
2781 silly placeDep ROOT local-pkg@1.1.2 OK for: unimport@4.1.1 want: ^1.0.0
2782 silly placeDep node_modules/unimport magic-string@0.30.21 OK for: unimport@4.1.1 want: ^0.30.17
2783 silly placeDep ROOT mlly@1.8.1 OK for: unimport@4.1.1 want: ^1.7.4
2784 silly placeDep ROOT pathe@2.0.3 OK for: unimport@4.1.1 want: ^2.0.2
2785 silly placeDep node_modules/unimport picomatch@4.0.3 OK for: unimport@4.1.1 want: ^4.0.2
2786 silly placeDep ROOT pkg-types@1.3.1 OK for: unimport@4.1.1 want: ^1.3.1
2787 silly placeDep ROOT scule@1.3.0 OK for: unimport@4.1.1 want: ^1.3.0
2788 silly placeDep ROOT strip-literal@3.1.0 OK for: unimport@4.1.1 want: ^3.0.0
2789 silly placeDep ROOT unplugin@2.3.11 OK for: unimport@4.1.1 want: ^2.1.2
2790 silly placeDep ROOT unplugin-utils@0.2.5 OK for: unimport@4.1.1 want: ^0.2.3
2791 silly fetch manifest pkg-types@^2.3.0
2792 silly packumentCache full:https://registry.npmjs.org/pkg-types cache-miss
2793 silly fetch manifest quansync@^0.2.11
2794 silly packumentCache full:https://registry.npmjs.org/quansync cache-miss
2795 silly fetch manifest pathe@^2.0.3
2796 silly packumentCache full:https://registry.npmjs.org/pathe cache-miss
2797 silly fetch manifest ufo@^1.6.3
2798 silly packumentCache full:https://registry.npmjs.org/ufo cache-miss
2799 silly fetch manifest confbox@^0.1.8
2800 silly packumentCache full:https://registry.npmjs.org/confbox cache-miss
2801 http cache https://registry.npmjs.org/pkg-types 12ms (cache hit)
2802 silly packumentCache full:https://registry.npmjs.org/pkg-types set size:85931 disposed:false
2803 silly fetch manifest js-tokens@^9.0.1
2804 silly packumentCache full:https://registry.npmjs.org/js-tokens cache-miss
2805 http cache https://registry.npmjs.org/pathe 14ms (cache hit)
2806 silly packumentCache full:https://registry.npmjs.org/pathe set size:68788 disposed:false
2807 silly fetch manifest picomatch@^4.0.3
2808 silly packumentCache full:https://registry.npmjs.org/picomatch cache-hit
2809 silly fetch manifest @jridgewell/remapping@^2.3.5
2810 silly packumentCache full:https://registry.npmjs.org/@jridgewell%2fremapping cache-miss
2811 http cache https://registry.npmjs.org/js-tokens 10ms (cache hit)
2812 silly packumentCache full:https://registry.npmjs.org/js-tokens set size:41947 disposed:false
2813 silly fetch manifest webpack-virtual-modules@^0.6.2
2814 silly packumentCache full:https://registry.npmjs.org/webpack-virtual-modules cache-miss
2815 http fetch GET 200 https://registry.npmjs.org/quansync 461ms (cache miss)
2816 silly packumentCache full:https://registry.npmjs.org/quansync set size:undefined disposed:false
2817 http fetch GET 200 https://registry.npmjs.org/confbox 532ms (cache miss)
2818 silly packumentCache full:https://registry.npmjs.org/confbox set size:undefined disposed:false
2819 http fetch GET 200 https://registry.npmjs.org/webpack-virtual-modules 691ms (cache miss)
2820 silly packumentCache full:https://registry.npmjs.org/webpack-virtual-modules set size:undefined disposed:false
2821 http fetch GET 200 https://registry.npmjs.org/@jridgewell%2fremapping 1194ms (cache miss)
2822 silly packumentCache full:https://registry.npmjs.org/@jridgewell%2fremapping set size:undefined disposed:false
2823 http fetch GET 200 https://registry.npmjs.org/ufo 3259ms (cache miss)
2824 silly packumentCache full:https://registry.npmjs.org/ufo set size:undefined disposed:false
2825 silly placeDep node_modules/local-pkg pkg-types@2.3.0 OK for: local-pkg@1.1.2 want: ^2.3.0
2826 silly placeDep ROOT quansync@0.2.11 OK for: local-pkg@1.1.2 want: ^0.2.11
2827 silly fetch manifest confbox@^0.2.2
2828 silly packumentCache full:https://registry.npmjs.org/confbox cache-miss
2829 silly fetch manifest exsolve@^1.0.7
2830 silly packumentCache full:https://registry.npmjs.org/exsolve cache-miss
2831 http cache https://registry.npmjs.org/confbox 8ms (cache hit)
2832 silly packumentCache full:https://registry.npmjs.org/confbox set size:44789 disposed:false
2833 http fetch GET 200 https://registry.npmjs.org/exsolve 405ms (cache miss)
2834 silly packumentCache full:https://registry.npmjs.org/exsolve set size:undefined disposed:false
2835 silly placeDep ROOT ufo@1.6.3 OK for: mlly@1.8.1 want: ^1.6.3
2836 silly placeDep ROOT confbox@0.1.8 OK for: pkg-types@1.3.1 want: ^0.1.8
2837 silly placeDep node_modules/strip-literal js-tokens@9.0.1 OK for: strip-literal@3.1.0 want: ^9.0.1
2838 silly placeDep ROOT @jridgewell/remapping@2.3.5 OK for: unplugin@2.3.11 want: ^2.3.5
2839 silly placeDep node_modules/unplugin picomatch@4.0.3 OK for: unplugin@2.3.11 want: ^4.0.3
2840 silly placeDep ROOT webpack-virtual-modules@0.6.2 OK for: unplugin@2.3.11 want: ^0.6.2
2841 silly placeDep node_modules/unplugin-utils picomatch@4.0.3 OK for: unplugin-utils@0.2.5 want: ^4.0.3
2842 silly placeDep ROOT escalade@3.2.0 OK for: update-browserslist-db@1.2.3 want: ^3.2.0
2843 silly placeDep node_modules/update-browserslist-db picocolors@1.1.1 OK for: update-browserslist-db@1.2.3 want: ^1.1.1
2844 silly placeDep ROOT pako@1.0.11 OK for: utif@2.0.1 want: ^1.0.5
2845 silly placeDep ROOT rollup@4.59.0 OK for: vite@5.2.8 want: ^4.13.0
2846 silly fetch manifest @rollup/rollup-darwin-arm64@4.59.0
2847 silly packumentCache full:https://registry.npmjs.org/@rollup%2frollup-darwin-arm64 cache-miss
2848 silly fetch manifest @rollup/rollup-android-arm64@4.59.0
2849 silly packumentCache full:https://registry.npmjs.org/@rollup%2frollup-android-arm64 cache-miss
2850 silly fetch manifest @rollup/rollup-win32-arm64-msvc@4.59.0
2851 silly packumentCache full:https://registry.npmjs.org/@rollup%2frollup-win32-arm64-msvc cache-miss
2852 silly fetch manifest @rollup/rollup-freebsd-arm64@4.59.0
2853 silly packumentCache full:https://registry.npmjs.org/@rollup%2frollup-freebsd-arm64 cache-miss
2854 silly fetch manifest @rollup/rollup-linux-arm64-gnu@4.59.0
2855 silly packumentCache full:https://registry.npmjs.org/@rollup%2frollup-linux-arm64-gnu cache-miss
2856 http fetch GET 200 https://registry.npmjs.org/@rollup%2frollup-win32-arm64-msvc 950ms (cache miss)
2857 silly packumentCache full:https://registry.npmjs.org/@rollup%2frollup-win32-arm64-msvc set size:undefined disposed:false
2858 silly fetch manifest @rollup/rollup-linux-arm64-musl@4.59.0
2859 silly packumentCache full:https://registry.npmjs.org/@rollup%2frollup-linux-arm64-musl cache-miss
2860 http fetch GET 200 https://registry.npmjs.org/@rollup%2frollup-darwin-arm64 1115ms (cache miss)
2861 silly packumentCache full:https://registry.npmjs.org/@rollup%2frollup-darwin-arm64 set size:undefined disposed:false
2862 silly fetch manifest @rollup/rollup-android-arm-eabi@4.59.0
2863 silly packumentCache full:https://registry.npmjs.org/@rollup%2frollup-android-arm-eabi cache-miss
2864 http fetch GET 200 https://registry.npmjs.org/@rollup%2frollup-linux-arm64-musl 896ms (cache miss)
2865 silly packumentCache full:https://registry.npmjs.org/@rollup%2frollup-linux-arm64-musl set size:undefined disposed:false
2866 silly fetch manifest @rollup/rollup-linux-arm-gnueabihf@4.59.0
2867 silly packumentCache full:https://registry.npmjs.org/@rollup%2frollup-linux-arm-gnueabihf cache-miss
2868 http fetch GET 200 https://registry.npmjs.org/@rollup%2frollup-freebsd-arm64 2126ms (cache miss)
2869 silly packumentCache full:https://registry.npmjs.org/@rollup%2frollup-freebsd-arm64 set size:undefined disposed:false
2870 silly fetch manifest @rollup/rollup-linux-arm-musleabihf@4.59.0
2871 silly packumentCache full:https://registry.npmjs.org/@rollup%2frollup-linux-arm-musleabihf cache-miss
2872 http fetch GET 200 https://registry.npmjs.org/@rollup%2frollup-android-arm-eabi 1106ms (cache miss)
2873 silly packumentCache full:https://registry.npmjs.org/@rollup%2frollup-android-arm-eabi set size:undefined disposed:false
2874 silly fetch manifest @rollup/rollup-win32-ia32-msvc@4.59.0
2875 silly packumentCache full:https://registry.npmjs.org/@rollup%2frollup-win32-ia32-msvc cache-miss
2876 http fetch GET 200 https://registry.npmjs.org/@rollup%2frollup-linux-arm64-gnu 2563ms (cache miss)
2877 silly packumentCache full:https://registry.npmjs.org/@rollup%2frollup-linux-arm64-gnu set size:undefined disposed:false
2878 silly fetch manifest @rollup/rollup-linux-loong64-gnu@4.59.0
2879 silly packumentCache full:https://registry.npmjs.org/@rollup%2frollup-linux-loong64-gnu cache-miss
2880 http fetch GET 200 https://registry.npmjs.org/@rollup%2frollup-linux-arm-gnueabihf 771ms (cache miss)
2881 silly packumentCache full:https://registry.npmjs.org/@rollup%2frollup-linux-arm-gnueabihf set size:undefined disposed:false
2882 silly fetch manifest @rollup/rollup-linux-loong64-musl@4.59.0
2883 silly packumentCache full:https://registry.npmjs.org/@rollup%2frollup-linux-loong64-musl cache-miss
2884 http fetch GET 200 https://registry.npmjs.org/@rollup%2frollup-linux-loong64-musl 364ms (cache miss)
2885 silly packumentCache full:https://registry.npmjs.org/@rollup%2frollup-linux-loong64-musl set size:undefined disposed:false
2886 silly fetch manifest @rollup/rollup-linux-riscv64-gnu@4.59.0
2887 silly packumentCache full:https://registry.npmjs.org/@rollup%2frollup-linux-riscv64-gnu cache-miss
2888 http fetch GET 200 https://registry.npmjs.org/@rollup%2frollup-win32-ia32-msvc 873ms (cache miss)
2889 silly packumentCache full:https://registry.npmjs.org/@rollup%2frollup-win32-ia32-msvc set size:undefined disposed:false
2890 silly fetch manifest @rollup/rollup-linux-riscv64-musl@4.59.0
2891 silly packumentCache full:https://registry.npmjs.org/@rollup%2frollup-linux-riscv64-musl cache-miss
2892 http fetch GET 200 https://registry.npmjs.org/@rollup%2frollup-linux-loong64-gnu 591ms (cache miss)
2893 silly packumentCache full:https://registry.npmjs.org/@rollup%2frollup-linux-loong64-gnu set size:undefined disposed:false
2894 silly fetch manifest @rollup/rollup-linux-ppc64-gnu@4.59.0
2895 silly packumentCache full:https://registry.npmjs.org/@rollup%2frollup-linux-ppc64-gnu cache-miss
2896 http fetch GET 200 https://registry.npmjs.org/@rollup%2frollup-linux-riscv64-musl 361ms (cache miss)
2897 silly packumentCache full:https://registry.npmjs.org/@rollup%2frollup-linux-riscv64-musl set size:undefined disposed:false
2898 silly fetch manifest @rollup/rollup-linux-ppc64-musl@4.59.0
2899 silly packumentCache full:https://registry.npmjs.org/@rollup%2frollup-linux-ppc64-musl cache-miss
2900 http fetch GET 200 https://registry.npmjs.org/@rollup%2frollup-linux-ppc64-gnu 478ms (cache miss)
2901 silly packumentCache full:https://registry.npmjs.org/@rollup%2frollup-linux-ppc64-gnu set size:undefined disposed:false
2902 silly fetch manifest @rollup/rollup-linux-s390x-gnu@4.59.0
2903 silly packumentCache full:https://registry.npmjs.org/@rollup%2frollup-linux-s390x-gnu cache-miss
2904 http fetch GET 200 https://registry.npmjs.org/@rollup%2frollup-linux-riscv64-gnu 673ms (cache miss)
2905 silly packumentCache full:https://registry.npmjs.org/@rollup%2frollup-linux-riscv64-gnu set size:undefined disposed:false
2906 silly fetch manifest @rollup/rollup-darwin-x64@4.59.0
2907 silly packumentCache full:https://registry.npmjs.org/@rollup%2frollup-darwin-x64 cache-miss
2908 http fetch GET 200 https://registry.npmjs.org/@rollup%2frollup-linux-ppc64-musl 210ms (cache miss)
2909 silly packumentCache full:https://registry.npmjs.org/@rollup%2frollup-linux-ppc64-musl set size:undefined disposed:false
2910 silly fetch manifest @rollup/rollup-win32-x64-gnu@4.59.0
2911 silly packumentCache full:https://registry.npmjs.org/@rollup%2frollup-win32-x64-gnu cache-miss
2912 http fetch GET 200 https://registry.npmjs.org/@rollup%2frollup-android-arm64 3746ms (cache miss)
2913 silly packumentCache full:https://registry.npmjs.org/@rollup%2frollup-android-arm64 set size:undefined disposed:false
2914 silly fetch manifest @rollup/rollup-win32-x64-msvc@4.59.0
2915 silly packumentCache full:https://registry.npmjs.org/@rollup%2frollup-win32-x64-msvc cache-miss
2916 http fetch GET 200 https://registry.npmjs.org/@rollup%2frollup-win32-x64-gnu 293ms (cache miss)
2917 silly packumentCache full:https://registry.npmjs.org/@rollup%2frollup-win32-x64-gnu set size:undefined disposed:false
2918 silly fetch manifest @rollup/rollup-freebsd-x64@4.59.0
2919 silly packumentCache full:https://registry.npmjs.org/@rollup%2frollup-freebsd-x64 cache-miss
2920 http fetch GET 200 https://registry.npmjs.org/@rollup%2frollup-linux-arm-musleabihf 2292ms (cache miss)
2921 silly packumentCache full:https://registry.npmjs.org/@rollup%2frollup-linux-arm-musleabihf set size:undefined disposed:false
2922 silly fetch manifest @rollup/rollup-linux-x64-gnu@4.59.0
2923 silly packumentCache full:https://registry.npmjs.org/@rollup%2frollup-linux-x64-gnu cache-miss
2924 http fetch GET 200 https://registry.npmjs.org/@rollup%2frollup-darwin-x64 833ms (cache miss)
2925 silly packumentCache full:https://registry.npmjs.org/@rollup%2frollup-darwin-x64 set size:undefined disposed:false
2926 silly fetch manifest @rollup/rollup-linux-x64-musl@4.59.0
2927 silly packumentCache full:https://registry.npmjs.org/@rollup%2frollup-linux-x64-musl cache-miss
2928 http fetch GET 200 https://registry.npmjs.org/@rollup%2frollup-linux-s390x-gnu 900ms (cache miss)
2929 silly packumentCache full:https://registry.npmjs.org/@rollup%2frollup-linux-s390x-gnu set size:undefined disposed:false
2930 silly fetch manifest @rollup/rollup-openbsd-x64@4.59.0
2931 silly packumentCache full:https://registry.npmjs.org/@rollup%2frollup-openbsd-x64 cache-miss
2932 http fetch GET 200 https://registry.npmjs.org/@rollup%2frollup-freebsd-x64 606ms (cache miss)
2933 silly packumentCache full:https://registry.npmjs.org/@rollup%2frollup-freebsd-x64 set size:undefined disposed:false
2934 silly fetch manifest @rollup/rollup-openharmony-arm64@4.59.0
2935 silly packumentCache full:https://registry.npmjs.org/@rollup%2frollup-openharmony-arm64 cache-miss
2936 http fetch GET 200 https://registry.npmjs.org/@rollup%2frollup-openbsd-x64 252ms (cache miss)
2937 silly packumentCache full:https://registry.npmjs.org/@rollup%2frollup-openbsd-x64 set size:undefined disposed:false
2938 http fetch GET 200 https://registry.npmjs.org/@rollup%2frollup-openharmony-arm64 274ms (cache miss)
2939 silly packumentCache full:https://registry.npmjs.org/@rollup%2frollup-openharmony-arm64 set size:undefined disposed:false
2940 http fetch GET 200 https://registry.npmjs.org/@rollup%2frollup-linux-x64-musl 1219ms (cache miss)
2941 silly packumentCache full:https://registry.npmjs.org/@rollup%2frollup-linux-x64-musl set size:undefined disposed:false
2942 http fetch GET 200 https://registry.npmjs.org/@rollup%2frollup-win32-x64-msvc 2454ms (cache miss)
2943 silly packumentCache full:https://registry.npmjs.org/@rollup%2frollup-win32-x64-msvc set size:undefined disposed:false
2944 http fetch GET 200 https://registry.npmjs.org/@rollup%2frollup-linux-x64-gnu 2157ms (cache miss)
2945 silly packumentCache full:https://registry.npmjs.org/@rollup%2frollup-linux-x64-gnu set size:undefined disposed:false
2946 silly placeDep ROOT @rollup/rollup-android-arm-eabi@4.59.0 OK for: rollup@4.59.0 want: 4.59.0
2947 silly placeDep ROOT @rollup/rollup-android-arm64@4.59.0 OK for: rollup@4.59.0 want: 4.59.0
2948 silly placeDep ROOT @rollup/rollup-darwin-arm64@4.59.0 OK for: rollup@4.59.0 want: 4.59.0
2949 silly placeDep ROOT @rollup/rollup-darwin-x64@4.59.0 OK for: rollup@4.59.0 want: 4.59.0
2950 silly placeDep ROOT @rollup/rollup-freebsd-arm64@4.59.0 OK for: rollup@4.59.0 want: 4.59.0
2951 silly placeDep ROOT @rollup/rollup-freebsd-x64@4.59.0 OK for: rollup@4.59.0 want: 4.59.0
2952 silly placeDep ROOT @rollup/rollup-linux-arm-gnueabihf@4.59.0 OK for: rollup@4.59.0 want: 4.59.0
2953 silly placeDep ROOT @rollup/rollup-linux-arm-musleabihf@4.59.0 OK for: rollup@4.59.0 want: 4.59.0
2954 silly placeDep ROOT @rollup/rollup-linux-arm64-gnu@4.59.0 OK for: rollup@4.59.0 want: 4.59.0
2955 silly placeDep ROOT @rollup/rollup-linux-arm64-musl@4.59.0 OK for: rollup@4.59.0 want: 4.59.0
2956 silly placeDep ROOT @rollup/rollup-linux-loong64-gnu@4.59.0 OK for: rollup@4.59.0 want: 4.59.0
2957 silly placeDep ROOT @rollup/rollup-linux-loong64-musl@4.59.0 OK for: rollup@4.59.0 want: 4.59.0
2958 silly placeDep ROOT @rollup/rollup-linux-ppc64-gnu@4.59.0 OK for: rollup@4.59.0 want: 4.59.0
2959 silly placeDep ROOT @rollup/rollup-linux-ppc64-musl@4.59.0 OK for: rollup@4.59.0 want: 4.59.0
2960 silly placeDep ROOT @rollup/rollup-linux-riscv64-gnu@4.59.0 OK for: rollup@4.59.0 want: 4.59.0
2961 silly placeDep ROOT @rollup/rollup-linux-riscv64-musl@4.59.0 OK for: rollup@4.59.0 want: 4.59.0
2962 silly placeDep ROOT @rollup/rollup-linux-s390x-gnu@4.59.0 OK for: rollup@4.59.0 want: 4.59.0
2963 silly placeDep ROOT @rollup/rollup-linux-x64-gnu@4.59.0 OK for: rollup@4.59.0 want: 4.59.0
2964 silly placeDep ROOT @rollup/rollup-linux-x64-musl@4.59.0 OK for: rollup@4.59.0 want: 4.59.0
2965 silly placeDep ROOT @rollup/rollup-openbsd-x64@4.59.0 OK for: rollup@4.59.0 want: 4.59.0
2966 silly placeDep ROOT @rollup/rollup-openharmony-arm64@4.59.0 OK for: rollup@4.59.0 want: 4.59.0
2967 silly placeDep ROOT @rollup/rollup-win32-arm64-msvc@4.59.0 OK for: rollup@4.59.0 want: 4.59.0
2968 silly placeDep ROOT @rollup/rollup-win32-ia32-msvc@4.59.0 OK for: rollup@4.59.0 want: 4.59.0
2969 silly placeDep ROOT @rollup/rollup-win32-x64-gnu@4.59.0 OK for: rollup@4.59.0 want: 4.59.0
2970 silly placeDep ROOT @rollup/rollup-win32-x64-msvc@4.59.0 OK for: rollup@4.59.0 want: 4.59.0
2971 silly placeDep ROOT @vue/runtime-dom@3.4.21 OK for: vue@3.4.21 want: 3.4.21
2972 silly fetch manifest csstype@^3.1.3
2973 silly packumentCache full:https://registry.npmjs.org/csstype cache-miss
2974 silly fetch manifest @vue/runtime-core@3.4.21
2975 silly packumentCache full:https://registry.npmjs.org/@vue%2fruntime-core cache-miss
2976 http fetch GET 200 https://registry.npmjs.org/csstype 1343ms (cache miss)
2977 silly packumentCache full:https://registry.npmjs.org/csstype set size:undefined disposed:false
2978 http fetch GET 200 https://registry.npmjs.org/@vue%2fruntime-core 1942ms (cache miss)
2979 silly packumentCache full:https://registry.npmjs.org/@vue%2fruntime-core set size:undefined disposed:false
2980 silly placeDep ROOT @vue/runtime-core@3.4.21 OK for: @vue/runtime-dom@3.4.21 want: 3.4.21
2981 silly placeDep ROOT csstype@3.2.3 OK for: @vue/runtime-dom@3.4.21 want: ^3.1.3
2982 silly fetch manifest @vue/reactivity@3.4.21
2983 silly packumentCache full:https://registry.npmjs.org/@vue%2freactivity cache-miss
2984 http fetch GET 200 https://registry.npmjs.org/@vue%2freactivity 1403ms (cache miss)
2985 silly packumentCache full:https://registry.npmjs.org/@vue%2freactivity set size:undefined disposed:false
2986 silly placeDep ROOT @vue/reactivity@3.4.21 OK for: @vue/runtime-core@3.4.21 want: 3.4.21
2987 silly placeDep ROOT @vue/devtools-api@6.6.4 OK for: vue-router@4.4.4 want: ^6.6.4
2988 silly placeDep ROOT global@4.4.0 OK for: xhr@2.6.0 want: ~4.4.0
2989 silly placeDep ROOT is-function@1.0.2 OK for: xhr@2.6.0 want: ^1.0.1
2990 silly placeDep ROOT parse-headers@2.0.6 OK for: xhr@2.6.0 want: ^2.0.0
2991 silly fetch manifest min-document@^2.19.0
2992 silly packumentCache full:https://registry.npmjs.org/min-document cache-miss
2993 silly fetch manifest process@^0.11.10
2994 silly packumentCache full:https://registry.npmjs.org/process cache-miss
2995 http fetch GET 200 https://registry.npmjs.org/min-document 553ms (cache miss)
2996 silly packumentCache full:https://registry.npmjs.org/min-document set size:undefined disposed:false
2997 http fetch GET 200 https://registry.npmjs.org/process 857ms (cache miss)
2998 silly packumentCache full:https://registry.npmjs.org/process set size:undefined disposed:false
2999 silly placeDep ROOT min-document@2.19.2 OK for: global@4.4.0 want: ^2.19.0
3000 silly placeDep ROOT process@0.11.10 OK for: global@4.4.0 want: ^0.11.10
3001 silly fetch manifest dom-walk@^0.1.0
3002 silly packumentCache full:https://registry.npmjs.org/dom-walk cache-miss
3003 http fetch GET 200 https://registry.npmjs.org/dom-walk 221ms (cache miss)
3004 silly packumentCache full:https://registry.npmjs.org/dom-walk set size:undefined disposed:false
3005 silly placeDep ROOT dom-walk@0.1.2 OK for: min-document@2.19.2 want: ^0.1.0
3006 silly placeDep ROOT sax@1.6.0 OK for: xml2js@0.5.0 want: >=0.6.0
3007 silly placeDep ROOT xmlbuilder@11.0.1 OK for: xml2js@0.5.0 want: ~11.0.0
3008 silly placeDep ROOT @babel/runtime-corejs3@7.29.2 OK for: xregexp@5.1.2 want: ^7.26.9
3009 silly fetch manifest core-js-pure@^3.48.0
3010 silly packumentCache full:https://registry.npmjs.org/core-js-pure cache-miss
3011 http fetch GET 200 https://registry.npmjs.org/core-js-pure 1145ms (cache miss)
3012 silly packumentCache full:https://registry.npmjs.org/core-js-pure set size:undefined disposed:false
3013 silly placeDep ROOT core-js-pure@3.49.0 OK for: @babel/runtime-corejs3@7.29.2 want: ^3.48.0
3014 silly placeDep node_modules/@babel/template picocolors@1.1.1 OK for: @babel/code-frame@7.29.0 want: ^1.1.1
3015 silly placeDep node_modules/@babel/traverse picocolors@1.1.1 OK for: @babel/code-frame@7.29.0 want: ^1.1.1
3016 silly placeDep node_modules/@dcloudio/uni-cli-shared/node_modules/unplugin-auto-import magic-string@0.30.21 OK for: unplugin-auto-import@19.1.0 want: ^0.30.17
3017 silly placeDep node_modules/@dcloudio/uni-cli-shared picomatch@4.0.3 OK for: unplugin-auto-import@19.1.0 want: ^4.0.2
3018 silly placeDep node_modules/@dcloudio/uni-mp-compiler jsesc@2.5.2 OK for: @babel/generator@7.25.6 want: ^2.5.1
3019 silly placeDep node_modules/@dcloudio/vite-plugin-uni/node_modules/unplugin-auto-import magic-string@0.30.21 OK for: unplugin-auto-import@19.1.0 want: ^0.30.17
3020 silly placeDep node_modules/@dcloudio/vite-plugin-uni picomatch@4.0.3 OK for: unplugin-auto-import@19.1.0 want: ^4.0.2
3021 silly placeDep node_modules/@vue/babel-plugin-resolve-type picocolors@1.1.1 OK for: @babel/code-frame@7.29.0 want: ^1.1.1
3022 silly placeDep node_modules/@vue/babel-plugin-resolve-type @babel/types@7.29.0 OK for: @babel/parser@7.29.2 want: ^7.29.0
3023 silly placeDep node_modules/@vue/babel-plugin-resolve-type @vue/compiler-core@3.5.30 OK for: @vue/compiler-sfc@3.5.30 want: 3.5.30
3024 silly placeDep node_modules/@vue/babel-plugin-resolve-type @vue/compiler-dom@3.5.30 OK for: @vue/compiler-sfc@3.5.30 want: 3.5.30
3025 silly placeDep node_modules/@vue/babel-plugin-resolve-type @vue/compiler-ssr@3.5.30 OK for: @vue/compiler-sfc@3.5.30 want: 3.5.30
3026 silly placeDep node_modules/@vue/babel-plugin-resolve-type @vue/shared@3.5.30 OK for: @vue/compiler-sfc@3.5.30 want: 3.5.30
3027 silly placeDep node_modules/@vue/babel-plugin-resolve-type magic-string@0.30.21 OK for: @vue/compiler-sfc@3.5.30 want: ^0.30.21
3028 silly placeDep node_modules/body-parser ms@2.0.0 OK for: debug@2.6.9 want: 2.0.0
3029 silly placeDep node_modules/express ms@2.0.0 OK for: debug@2.6.9 want: 2.0.0
3030 silly placeDep node_modules/finalhandler ms@2.0.0 OK for: debug@2.6.9 want: 2.0.0
3031 silly placeDep ROOT centra@2.7.0 OK for: phin@3.7.1 want: ^2.7.0
3032 silly fetch manifest follow-redirects@^1.15.6
3033 silly packumentCache full:https://registry.npmjs.org/follow-redirects cache-miss
3034 http fetch GET 200 https://registry.npmjs.org/follow-redirects 577ms (cache miss)
3035 silly packumentCache full:https://registry.npmjs.org/follow-redirects set size:undefined disposed:false
3036 silly placeDep ROOT follow-redirects@1.15.11 OK for: centra@2.7.0 want: ^1.15.6
3037 silly placeDep node_modules/local-pkg confbox@0.2.4 OK for: pkg-types@2.3.0 want: ^0.2.2
3038 silly placeDep ROOT exsolve@1.0.8 OK for: pkg-types@2.3.0 want: ^1.0.7
3039 silly placeDep node_modules/send/node_modules/debug ms@2.0.0 OK for: debug@2.6.9 want: 2.0.0
3040 silly placeDep node_modules/serve-static debug@2.6.9 OK for: send@0.18.0 want: 2.6.9
3041 silly placeDep node_modules/serve-static mime@1.6.0 OK for: send@0.18.0 want: 1.6.0
3042 silly placeDep node_modules/serve-static/node_modules/debug ms@2.0.0 OK for: debug@2.6.9 want: 2.0.0
3043 silly reify moves {}
3044 http cache centra@https://registry.npmjs.org/centra/-/centra-2.7.0.tgz 0ms (cache hit)
3045 http cache exsolve@https://registry.npmjs.org/exsolve/-/exsolve-1.0.8.tgz 0ms (cache hit)
3046 http cache xmlbuilder@https://registry.npmjs.org/xmlbuilder/-/xmlbuilder-11.0.1.tgz 0ms (cache hit)
3047 http cache @babel/runtime-corejs3@https://registry.npmjs.org/@babel/runtime-corejs3/-/runtime-corejs3-7.29.2.tgz 0ms (cache hit)
3048 http cache core-js-pure@https://registry.npmjs.org/core-js-pure/-/core-js-pure-3.49.0.tgz 0ms (cache hit)
3049 http cache dom-walk@https://registry.npmjs.org/dom-walk/-/dom-walk-0.1.2.tgz 0ms (cache hit)
3050 http cache follow-redirects@https://registry.npmjs.org/follow-redirects/-/follow-redirects-1.15.11.tgz 0ms (cache hit)
3051 http cache sax@https://registry.npmjs.org/sax/-/sax-1.6.0.tgz 1ms (cache hit)
3052 http cache parse-headers@https://registry.npmjs.org/parse-headers/-/parse-headers-2.0.6.tgz 0ms (cache hit)
3053 http cache process@https://registry.npmjs.org/process/-/process-0.11.10.tgz 0ms (cache hit)
3054 http cache is-function@https://registry.npmjs.org/is-function/-/is-function-1.0.2.tgz 0ms (cache hit)
3055 http cache min-document@https://registry.npmjs.org/min-document/-/min-document-2.19.2.tgz 0ms (cache hit)
3056 http cache @vue/reactivity@https://registry.npmjs.org/@vue/reactivity/-/reactivity-3.4.21.tgz 0ms (cache hit)
3057 http cache @vue/runtime-core@https://registry.npmjs.org/@vue/runtime-core/-/runtime-core-3.4.21.tgz 0ms (cache hit)
3058 http cache global@https://registry.npmjs.org/global/-/global-4.4.0.tgz 0ms (cache hit)
3059 http cache @vue/devtools-api@https://registry.npmjs.org/@vue/devtools-api/-/devtools-api-6.6.4.tgz 0ms (cache hit)
3060 http cache @vue/runtime-dom@https://registry.npmjs.org/@vue/runtime-dom/-/runtime-dom-3.4.21.tgz 0ms (cache hit)
3061 http cache csstype@https://registry.npmjs.org/csstype/-/csstype-3.2.3.tgz 0ms (cache hit)
3062 http cache @rollup/rollup-win32-x64-msvc@https://registry.npmjs.org/@rollup/rollup-win32-x64-msvc/-/rollup-win32-x64-msvc-4.59.0.tgz 0ms (cache hit)
3063 http cache pako@https://registry.npmjs.org/pako/-/pako-1.0.11.tgz 0ms (cache hit)
3064 http cache escalade@https://registry.npmjs.org/escalade/-/escalade-3.2.0.tgz 0ms (cache hit)
3065 http cache rollup@https://registry.npmjs.org/rollup/-/rollup-4.59.0.tgz 0ms (cache hit)
3066 http cache webpack-virtual-modules@https://registry.npmjs.org/webpack-virtual-modules/-/webpack-virtual-modules-0.6.2.tgz 0ms (cache hit)
3067 http cache @rollup/rollup-win32-x64-gnu@https://registry.npmjs.org/@rollup/rollup-win32-x64-gnu/-/rollup-win32-x64-gnu-4.59.0.tgz 0ms (cache hit)
3068 http cache @jridgewell/remapping@https://registry.npmjs.org/@jridgewell/remapping/-/remapping-2.3.5.tgz 0ms (cache hit)
3069 http cache ufo@https://registry.npmjs.org/ufo/-/ufo-1.6.3.tgz 0ms (cache hit)
3070 http cache quansync@https://registry.npmjs.org/quansync/-/quansync-0.2.11.tgz 0ms (cache hit)
3071 http cache confbox@https://registry.npmjs.org/confbox/-/confbox-0.1.8.tgz 0ms (cache hit)
3072 http cache unplugin-utils@https://registry.npmjs.org/unplugin-utils/-/unplugin-utils-0.2.5.tgz 0ms (cache hit)
3073 http cache unplugin@https://registry.npmjs.org/unplugin/-/unplugin-2.3.11.tgz 0ms (cache hit)
3074 http cache pkg-types@https://registry.npmjs.org/pkg-types/-/pkg-types-1.3.1.tgz 0ms (cache hit)
3075 http cache scule@https://registry.npmjs.org/scule/-/scule-1.3.0.tgz 0ms (cache hit)
3076 http cache pathe@https://registry.npmjs.org/pathe/-/pathe-2.0.3.tgz 0ms (cache hit)
3077 http cache mlly@https://registry.npmjs.org/mlly/-/mlly-1.8.1.tgz 0ms (cache hit)
3078 http cache unicode-property-aliases-ecmascript@https://registry.npmjs.org/unicode-property-aliases-ecmascript/-/unicode-property-aliases-ecmascript-2.2.0.tgz 0ms (cache hit)
3079 http cache local-pkg@https://registry.npmjs.org/local-pkg/-/local-pkg-1.1.2.tgz 0ms (cache hit)
3080 http cache strip-literal@https://registry.npmjs.org/strip-literal/-/strip-literal-3.1.0.tgz 0ms (cache hit)
3081 http cache unicode-canonical-property-names-ecmascript@https://registry.npmjs.org/unicode-canonical-property-names-ecmascript/-/unicode-canonical-property-names-ecmascript-2.0.1.tgz 0ms (cache hit)
3082 http cache is-number@https://registry.npmjs.org/is-number/-/is-number-7.0.0.tgz 0ms (cache hit)
3083 http cache media-typer@https://registry.npmjs.org/media-typer/-/media-typer-0.3.0.tgz 0ms (cache hit)
3084 http cache source-map-support@https://registry.npmjs.org/source-map-support/-/source-map-support-0.5.21.tgz 0ms (cache hit)
3085 http cache buffer-from@https://registry.npmjs.org/buffer-from/-/buffer-from-1.1.2.tgz 0ms (cache hit)
3086 http cache @jridgewell/source-map@https://registry.npmjs.org/@jridgewell/source-map/-/source-map-0.3.11.tgz 0ms (cache hit)
3087 http cache acorn@https://registry.npmjs.org/acorn/-/acorn-8.16.0.tgz 0ms (cache hit)
3088 http cache commander@https://registry.npmjs.org/commander/-/commander-2.20.3.tgz 0ms (cache hit)
3089 http cache math-intrinsics@https://registry.npmjs.org/math-intrinsics/-/math-intrinsics-1.1.0.tgz 0ms (cache hit)
3090 http cache has-flag@https://registry.npmjs.org/has-flag/-/has-flag-3.0.0.tgz 0ms (cache hit)
3091 http cache gopd@https://registry.npmjs.org/gopd/-/gopd-1.2.0.tgz 0ms (cache hit)
3092 http cache has-symbols@https://registry.npmjs.org/has-symbols/-/has-symbols-1.1.0.tgz 0ms (cache hit)
3093 http cache dunder-proto@https://registry.npmjs.org/dunder-proto/-/dunder-proto-1.0.1.tgz 0ms (cache hit)
3094 http cache get-proto@https://registry.npmjs.org/get-proto/-/get-proto-1.0.1.tgz 0ms (cache hit)
3095 http cache es-object-atoms@https://registry.npmjs.org/es-object-atoms/-/es-object-atoms-1.1.1.tgz 0ms (cache hit)
3096 http cache call-bind-apply-helpers@https://registry.npmjs.org/call-bind-apply-helpers/-/call-bind-apply-helpers-1.0.2.tgz 0ms (cache hit)
3097 http cache es-define-property@https://registry.npmjs.org/es-define-property/-/es-define-property-1.0.1.tgz 0ms (cache hit)
3098 http cache get-intrinsic@https://registry.npmjs.org/get-intrinsic/-/get-intrinsic-1.3.0.tgz 0ms (cache hit)
3099 http cache call-bound@https://registry.npmjs.org/call-bound/-/call-bound-1.0.4.tgz 0ms (cache hit)
3100 http cache side-channel-weakmap@https://registry.npmjs.org/side-channel-weakmap/-/side-channel-weakmap-1.0.2.tgz 0ms (cache hit)
3101 http cache object-inspect@https://registry.npmjs.org/object-inspect/-/object-inspect-1.13.4.tgz 0ms (cache hit)
3102 http cache side-channel-map@https://registry.npmjs.org/side-channel-map/-/side-channel-map-1.0.1.tgz 0ms (cache hit)
3103 http cache es-errors@https://registry.npmjs.org/es-errors/-/es-errors-1.3.0.tgz 0ms (cache hit)
3104 http cache side-channel-list@https://registry.npmjs.org/side-channel-list/-/side-channel-list-1.0.0.tgz 0ms (cache hit)
3105 http cache function-bind@https://registry.npmjs.org/function-bind/-/function-bind-1.1.2.tgz 0ms (cache hit)
3106 http cache queue-microtask@https://registry.npmjs.org/queue-microtask/-/queue-microtask-1.2.3.tgz 0ms (cache hit)
3107 http cache hasown@https://registry.npmjs.org/hasown/-/hasown-2.0.2.tgz 0ms (cache hit)
3108 http cache supports-preserve-symlinks-flag@https://registry.npmjs.org/supports-preserve-symlinks-flag/-/supports-preserve-symlinks-flag-1.0.0.tgz 0ms (cache hit)
3109 http cache path-parse@https://registry.npmjs.org/path-parse/-/path-parse-1.0.7.tgz 0ms (cache hit)
3110 http cache is-core-module@https://registry.npmjs.org/is-core-module/-/is-core-module-2.16.1.tgz 0ms (cache hit)
3111 http cache unicode-match-property-ecmascript@https://registry.npmjs.org/unicode-match-property-ecmascript/-/unicode-match-property-ecmascript-2.0.0.tgz 0ms (cache hit)
3112 http cache unicode-match-property-value-ecmascript@https://registry.npmjs.org/unicode-match-property-value-ecmascript/-/unicode-match-property-value-ecmascript-2.2.1.tgz 0ms (cache hit)
3113 http cache regjsparser@https://registry.npmjs.org/regjsparser/-/regjsparser-0.13.0.tgz 0ms (cache hit)
3114 http cache regenerate-unicode-properties@https://registry.npmjs.org/regenerate-unicode-properties/-/regenerate-unicode-properties-10.2.2.tgz 0ms (cache hit)
3115 http cache regjsgen@https://registry.npmjs.org/regjsgen/-/regjsgen-0.8.0.tgz 0ms (cache hit)
3116 http cache regenerate@https://registry.npmjs.org/regenerate/-/regenerate-1.4.2.tgz 0ms (cache hit)
3117 http cache pify@https://registry.npmjs.org/pify/-/pify-2.3.0.tgz 0ms (cache hit)
3118 http cache ipaddr.js@https://registry.npmjs.org/ipaddr.js/-/ipaddr.js-1.9.1.tgz 0ms (cache hit)
3119 http cache util-deprecate@https://registry.npmjs.org/util-deprecate/-/util-deprecate-1.0.2.tgz 0ms (cache hit)
3120 http cache side-channel@https://registry.npmjs.org/side-channel/-/side-channel-1.1.0.tgz 0ms (cache hit)
3121 http cache postcss-modules-values@https://registry.npmjs.org/postcss-modules-values/-/postcss-modules-values-4.0.0.tgz 0ms (cache hit)
3122 http cache cssesc@https://registry.npmjs.org/cssesc/-/cssesc-3.0.0.tgz 0ms (cache hit)
3123 http cache loader-utils@https://registry.npmjs.org/loader-utils/-/loader-utils-3.3.1.tgz 0ms (cache hit)
3124 http cache icss-utils@https://registry.npmjs.org/icss-utils/-/icss-utils-5.1.0.tgz 0ms (cache hit)
3125 http cache postcss-modules-scope@https://registry.npmjs.org/postcss-modules-scope/-/postcss-modules-scope-3.2.1.tgz 0ms (cache hit)
3126 http cache postcss-modules-local-by-default@https://registry.npmjs.org/postcss-modules-local-by-default/-/postcss-modules-local-by-default-4.2.0.tgz 0ms (cache hit)
3127 http cache lodash.camelcase@https://registry.npmjs.org/lodash.camelcase/-/lodash.camelcase-4.3.0.tgz 0ms (cache hit)
3128 http cache icss-replace-symbols@https://registry.npmjs.org/icss-replace-symbols/-/icss-replace-symbols-1.1.0.tgz 0ms (cache hit)
3129 http cache forwarded@https://registry.npmjs.org/forwarded/-/forwarded-0.2.0.tgz 0ms (cache hit)
3130 http cache generic-names@https://registry.npmjs.org/generic-names/-/generic-names-4.0.0.tgz 0ms (cache hit)
3131 http cache postcss-modules-extract-imports@https://registry.npmjs.org/postcss-modules-extract-imports/-/postcss-modules-extract-imports-3.1.0.tgz 0ms (cache hit)
3132 http cache yaml@https://registry.npmjs.org/yaml/-/yaml-1.10.2.tgz 0ms (cache hit)
3133 http cache read-cache@https://registry.npmjs.org/read-cache/-/read-cache-1.0.0.tgz 0ms (cache hit)
3134 http cache string-hash@https://registry.npmjs.org/string-hash/-/string-hash-1.1.3.tgz 0ms (cache hit)
3135 http cache nanoid@https://registry.npmjs.org/nanoid/-/nanoid-3.3.11.tgz 0ms (cache hit)
3136 http cache lilconfig@https://registry.npmjs.org/lilconfig/-/lilconfig-2.1.0.tgz 0ms (cache hit)
3137 http cache css-system-font-keywords@https://registry.npmjs.org/css-system-font-keywords/-/css-system-font-keywords-1.0.0.tgz 0ms (cache hit)
3138 http cache css-font-weight-keywords@https://registry.npmjs.org/css-font-weight-keywords/-/css-font-weight-keywords-1.0.0.tgz 0ms (cache hit)
3139 http cache css-font-style-keywords@https://registry.npmjs.org/css-font-style-keywords/-/css-font-style-keywords-1.0.1.tgz 0ms (cache hit)
3140 http cache unquote@https://registry.npmjs.org/unquote/-/unquote-1.1.1.tgz 0ms (cache hit)
3141 http cache css-list-helpers@https://registry.npmjs.org/css-list-helpers/-/css-list-helpers-2.0.0.tgz 0ms (cache hit)
3142 http cache xml2js@https://registry.npmjs.org/xml2js/-/xml2js-0.5.0.tgz 0ms (cache hit)
3143 http cache xml-parse-from-string@https://registry.npmjs.org/xml-parse-from-string/-/xml-parse-from-string-1.0.1.tgz 0ms (cache hit)
3144 http cache css-font-size-keywords@https://registry.npmjs.org/css-font-size-keywords/-/css-font-size-keywords-1.0.0.tgz 0ms (cache hit)
3145 http cache invert-kv@https://registry.npmjs.org/invert-kv/-/invert-kv-3.0.1.tgz 0ms (cache hit)
3146 http cache ee-first@https://registry.npmjs.org/ee-first/-/ee-first-1.1.1.tgz 0ms (cache hit)
3147 http cache mime-db@https://registry.npmjs.org/mime-db/-/mime-db-1.52.0.tgz 0ms (cache hit)
3148 http cache minimist@https://registry.npmjs.org/minimist/-/minimist-1.2.8.tgz 0ms (cache hit)
3149 http cache xtend@https://registry.npmjs.org/xtend/-/xtend-4.0.2.tgz 0ms (cache hit)
3150 http cache lcid@https://registry.npmjs.org/lcid/-/lcid-3.1.1.tgz 0ms (cache hit)
3151 http cache css-font-stretch-keywords@https://registry.npmjs.org/css-font-stretch-keywords/-/css-font-stretch-keywords-1.0.1.tgz 0ms (cache hit)
3152 http cache parse-bmfont-binary@https://registry.npmjs.org/parse-bmfont-binary/-/parse-bmfont-binary-1.0.6.tgz 0ms (cache hit)
3153 http cache yallist@https://registry.npmjs.org/yallist/-/yallist-3.1.1.tgz 0ms (cache hit)
3154 http cache parse-bmfont-ascii@https://registry.npmjs.org/parse-bmfont-ascii/-/parse-bmfont-ascii-1.0.6.tgz 0ms (cache hit)
3155 http cache buffer-equal@https://registry.npmjs.org/buffer-equal/-/buffer-equal-0.0.1.tgz 0ms (cache hit)
3156 http cache base64-js@https://registry.npmjs.org/base64-js/-/base64-js-1.5.1.tgz 0ms (cache hit)
3157 http cache ieee754@https://registry.npmjs.org/ieee754/-/ieee754-1.2.1.tgz 0ms (cache hit)
3158 http cache xhr@https://registry.npmjs.org/xhr/-/xhr-2.6.0.tgz 0ms (cache hit)
3159 http cache bmp-js@https://registry.npmjs.org/bmp-js/-/bmp-js-0.1.0.tgz 0ms (cache hit)
3160 http cache pngjs@https://registry.npmjs.org/pngjs/-/pngjs-3.4.0.tgz 0ms (cache hit)
3161 http cache jpeg-js@https://registry.npmjs.org/jpeg-js/-/jpeg-js-0.3.7.tgz 0ms (cache hit)
3162 http cache omggif@https://registry.npmjs.org/omggif/-/omggif-1.0.10.tgz 0ms (cache hit)
3163 http cache utif@https://registry.npmjs.org/utif/-/utif-2.0.1.tgz 0ms (cache hit)
3164 http cache @jimp/tiff@https://registry.npmjs.org/@jimp/tiff/-/tiff-0.10.3.tgz 0ms (cache hit)
3165 http cache @jimp/jpeg@https://registry.npmjs.org/@jimp/jpeg/-/jpeg-0.10.3.tgz 0ms (cache hit)
3166 http cache @jimp/gif@https://registry.npmjs.org/@jimp/gif/-/gif-0.10.3.tgz 0ms (cache hit)
3167 http cache @jimp/bmp@https://registry.npmjs.org/@jimp/bmp/-/bmp-0.10.3.tgz 0ms (cache hit)
3168 http cache timm@https://registry.npmjs.org/timm/-/timm-1.7.1.tgz 0ms (cache hit)
3169 http cache @jimp/plugin-shadow@https://registry.npmjs.org/@jimp/plugin-shadow/-/plugin-shadow-0.10.3.tgz 0ms (cache hit)
3170 http cache @jimp/plugin-threshold@https://registry.npmjs.org/@jimp/plugin-threshold/-/plugin-threshold-0.10.3.tgz 0ms (cache hit)
3171 http cache @jimp/png@https://registry.npmjs.org/@jimp/png/-/png-0.10.3.tgz 0ms (cache hit)
3172 http cache @jimp/plugin-normalize@https://registry.npmjs.org/@jimp/plugin-normalize/-/plugin-normalize-0.10.3.tgz 0ms (cache hit)
3173 http cache @jimp/plugin-mask@https://registry.npmjs.org/@jimp/plugin-mask/-/plugin-mask-0.10.3.tgz 0ms (cache hit)
3174 http cache @jimp/plugin-rotate@https://registry.npmjs.org/@jimp/plugin-rotate/-/plugin-rotate-0.10.3.tgz 0ms (cache hit)
3175 http cache @jimp/plugin-gaussian@https://registry.npmjs.org/@jimp/plugin-gaussian/-/plugin-gaussian-0.10.3.tgz 0ms (cache hit)
3176 http cache @jimp/plugin-invert@https://registry.npmjs.org/@jimp/plugin-invert/-/plugin-invert-0.10.3.tgz 0ms (cache hit)
3177 http cache parse-bmfont-xml@https://registry.npmjs.org/parse-bmfont-xml/-/parse-bmfont-xml-1.1.6.tgz 0ms (cache hit)
3178 http cache @jimp/plugin-flip@https://registry.npmjs.org/@jimp/plugin-flip/-/plugin-flip-0.10.3.tgz 0ms (cache hit)
3179 http cache @jimp/plugin-dither@https://registry.npmjs.org/@jimp/plugin-dither/-/plugin-dither-0.10.3.tgz 0ms (cache hit)
3180 http cache @jimp/plugin-displace@https://registry.npmjs.org/@jimp/plugin-displace/-/plugin-displace-0.10.3.tgz 0ms (cache hit)
3181 http cache @jimp/plugin-crop@https://registry.npmjs.org/@jimp/plugin-crop/-/plugin-crop-0.10.3.tgz 0ms (cache hit)
3182 http cache @jimp/plugin-print@https://registry.npmjs.org/@jimp/plugin-print/-/plugin-print-0.10.3.tgz 0ms (cache hit)
3183 http cache @jimp/plugin-cover@https://registry.npmjs.org/@jimp/plugin-cover/-/plugin-cover-0.10.3.tgz 0ms (cache hit)
3184 http cache @jimp/plugin-scale@https://registry.npmjs.org/@jimp/plugin-scale/-/plugin-scale-0.10.3.tgz 0ms (cache hit)
3185 http cache @jimp/plugin-contain@https://registry.npmjs.org/@jimp/plugin-contain/-/plugin-contain-0.10.3.tgz 0ms (cache hit)
3186 http cache @jimp/plugin-color@https://registry.npmjs.org/@jimp/plugin-color/-/plugin-color-0.10.3.tgz 0ms (cache hit)
3187 http cache @jimp/plugin-fisheye@https://registry.npmjs.org/@jimp/plugin-fisheye/-/plugin-fisheye-0.10.3.tgz 0ms (cache hit)
3188 http cache @jimp/plugin-circle@https://registry.npmjs.org/@jimp/plugin-circle/-/plugin-circle-0.10.3.tgz 0ms (cache hit)
3189 http cache @jimp/plugin-blit@https://registry.npmjs.org/@jimp/plugin-blit/-/plugin-blit-0.10.3.tgz 0ms (cache hit)
3190 http cache pixelmatch@https://registry.npmjs.org/pixelmatch/-/pixelmatch-4.0.2.tgz 0ms (cache hit)
3191 http cache @jimp/plugin-blur@https://registry.npmjs.org/@jimp/plugin-blur/-/plugin-blur-0.10.3.tgz 0ms (cache hit)
3192 http cache phin@https://registry.npmjs.org/phin/-/phin-2.9.3.tgz 0ms (cache hit)
3193 http cache mkdirp@https://registry.npmjs.org/mkdirp/-/mkdirp-0.5.6.tgz 0ms (cache hit)
3194 http cache @jimp/plugin-resize@https://registry.npmjs.org/@jimp/plugin-resize/-/plugin-resize-0.10.3.tgz 0ms (cache hit)
3195 http cache load-bmfont@https://registry.npmjs.org/load-bmfont/-/load-bmfont-1.4.2.tgz 0ms (cache hit)
3196 http cache file-type@https://registry.npmjs.org/file-type/-/file-type-9.0.0.tgz 0ms (cache hit)
3197 http cache buffer@https://registry.npmjs.org/buffer/-/buffer-5.7.1.tgz 0ms (cache hit)
3198 http cache any-base@https://registry.npmjs.org/any-base/-/any-base-1.1.0.tgz 0ms (cache hit)
3199 http cache exif-parser@https://registry.npmjs.org/exif-parser/-/exif-parser-0.1.12.tgz 0ms (cache hit)
3200 http cache @jimp/core@https://registry.npmjs.org/@jimp/core/-/core-0.10.3.tgz 0ms (cache hit)
3201 http cache @jimp/utils@https://registry.npmjs.org/@jimp/utils/-/utils-0.10.3.tgz 0ms (cache hit)
3202 http cache @jimp/types@https://registry.npmjs.org/@jimp/types/-/types-0.10.3.tgz 1ms (cache hit)
3203 http cache @babel/runtime@https://registry.npmjs.org/@babel/runtime/-/runtime-7.29.2.tgz 0ms (cache hit)
3204 http cache @jimp/custom@https://registry.npmjs.org/@jimp/custom/-/custom-0.10.3.tgz 0ms (cache hit)
3205 http cache @jimp/plugins@https://registry.npmjs.org/@jimp/plugins/-/plugins-0.10.3.tgz 0ms (cache hit)
3206 http cache is-extglob@https://registry.npmjs.org/is-extglob/-/is-extglob-2.1.1.tgz 0ms (cache hit)
3207 http cache safer-buffer@https://registry.npmjs.org/safer-buffer/-/safer-buffer-2.1.2.tgz 0ms (cache hit)
3208 http cache binary-extensions@https://registry.npmjs.org/binary-extensions/-/binary-extensions-2.3.0.tgz 0ms (cache hit)
3209 http cache toidentifier@https://registry.npmjs.org/toidentifier/-/toidentifier-1.0.1.tgz 0ms (cache hit)
3210 http cache inherits@https://registry.npmjs.org/inherits/-/inherits-2.0.4.tgz 0ms (cache hit)
3211 http cache to-regex-range@https://registry.npmjs.org/to-regex-range/-/to-regex-range-5.0.1.tgz 0ms (cache hit)
3212 http cache universalify@https://registry.npmjs.org/universalify/-/universalify-2.0.1.tgz 0ms (cache hit)
3213 http cache jsonfile@https://registry.npmjs.org/jsonfile/-/jsonfile-6.2.0.tgz 0ms (cache hit)
3214 http cache @nodelib/fs.scandir@https://registry.npmjs.org/@nodelib/fs.scandir/-/fs.scandir-2.1.5.tgz 0ms (cache hit)
3215 http cache graceful-fs@https://registry.npmjs.org/graceful-fs/-/graceful-fs-4.2.11.tgz 0ms (cache hit)
3216 http cache reusify@https://registry.npmjs.org/reusify/-/reusify-1.1.0.tgz 0ms (cache hit)
3217 http cache run-parallel@https://registry.npmjs.org/run-parallel/-/run-parallel-1.2.0.tgz 0ms (cache hit)
3218 http cache fastq@https://registry.npmjs.org/fastq/-/fastq-1.20.1.tgz 0ms (cache hit)
3219 http cache merge2@https://registry.npmjs.org/merge2/-/merge2-1.4.1.tgz 0ms (cache hit)
3220 http cache micromatch@https://registry.npmjs.org/micromatch/-/micromatch-4.0.8.tgz 0ms (cache hit)
3221 http cache @nodelib/fs.walk@https://registry.npmjs.org/@nodelib/fs.walk/-/fs.walk-1.2.8.tgz 0ms (cache hit)
3222 http cache @nodelib/fs.stat@https://registry.npmjs.org/@nodelib/fs.stat/-/fs.stat-2.0.5.tgz 0ms (cache hit)
3223 http cache unpipe@https://registry.npmjs.org/unpipe/-/unpipe-1.0.0.tgz 0ms (cache hit)
3224 http cache raw-body@https://registry.npmjs.org/raw-body/-/raw-body-2.5.2.tgz 0ms (cache hit)
3225 http cache destroy@https://registry.npmjs.org/destroy/-/destroy-1.2.0.tgz 0ms (cache hit)
3226 http cache iconv-lite@https://registry.npmjs.org/iconv-lite/-/iconv-lite-0.4.24.tgz 0ms (cache hit)
3227 http cache mime-types@https://registry.npmjs.org/mime-types/-/mime-types-2.1.35.tgz 0ms (cache hit)
3228 http cache negotiator@https://registry.npmjs.org/negotiator/-/negotiator-0.6.3.tgz 0ms (cache hit)
3229 http cache bytes@https://registry.npmjs.org/bytes/-/bytes-3.1.2.tgz 0ms (cache hit)
3230 http cache type-is@https://registry.npmjs.org/type-is/-/type-is-1.6.18.tgz 0ms (cache hit)
3231 http cache statuses@https://registry.npmjs.org/statuses/-/statuses-2.0.1.tgz 0ms (cache hit)
3232 http cache utils-merge@https://registry.npmjs.org/utils-merge/-/utils-merge-1.0.1.tgz 0ms (cache hit)
3233 http cache vary@https://registry.npmjs.org/vary/-/vary-1.1.2.tgz 0ms (cache hit)
3234 http cache setprototypeof@https://registry.npmjs.org/setprototypeof/-/setprototypeof-1.2.0.tgz 0ms (cache hit)
3235 http cache safe-buffer@https://registry.npmjs.org/safe-buffer/-/safe-buffer-5.2.1.tgz 0ms (cache hit)
3236 http cache serve-static@https://registry.npmjs.org/serve-static/-/serve-static-1.16.0.tgz 0ms (cache hit)
3237 http cache send@https://registry.npmjs.org/send/-/send-0.19.0.tgz 0ms (cache hit)
3238 http cache qs@https://registry.npmjs.org/qs/-/qs-6.11.0.tgz 0ms (cache hit)
3239 http cache parseurl@https://registry.npmjs.org/parseurl/-/parseurl-1.3.3.tgz 0ms (cache hit)
3240 http cache proxy-addr@https://registry.npmjs.org/proxy-addr/-/proxy-addr-2.0.7.tgz 0ms (cache hit)
3241 http cache path-to-regexp@https://registry.npmjs.org/path-to-regexp/-/path-to-regexp-0.1.10.tgz 0ms (cache hit)
3242 http cache range-parser@https://registry.npmjs.org/range-parser/-/range-parser-1.2.1.tgz 0ms (cache hit)
3243 http cache methods@https://registry.npmjs.org/methods/-/methods-1.1.2.tgz 0ms (cache hit)
3244 http cache fresh@https://registry.npmjs.org/fresh/-/fresh-0.5.2.tgz 1ms (cache hit)
3245 http cache on-finished@https://registry.npmjs.org/on-finished/-/on-finished-2.4.1.tgz 0ms (cache hit)
3246 http cache merge-descriptors@https://registry.npmjs.org/merge-descriptors/-/merge-descriptors-1.0.3.tgz 0ms (cache hit)
3247 http cache http-errors@https://registry.npmjs.org/http-errors/-/http-errors-2.0.0.tgz 0ms (cache hit)
3248 http cache finalhandler@https://registry.npmjs.org/finalhandler/-/finalhandler-1.2.0.tgz 0ms (cache hit)
3249 http cache etag@https://registry.npmjs.org/etag/-/etag-1.8.1.tgz 0ms (cache hit)
3250 http cache depd@https://registry.npmjs.org/depd/-/depd-2.0.0.tgz 0ms (cache hit)
3251 http cache cookie-signature@https://registry.npmjs.org/cookie-signature/-/cookie-signature-1.0.6.tgz 0ms (cache hit)
3252 http cache body-parser@https://registry.npmjs.org/body-parser/-/body-parser-1.20.3.tgz 0ms (cache hit)
3253 http cache content-type@https://registry.npmjs.org/content-type/-/content-type-1.0.5.tgz 0ms (cache hit)
3254 http cache escape-html@https://registry.npmjs.org/escape-html/-/escape-html-1.0.3.tgz 0ms (cache hit)
3255 http cache array-flatten@https://registry.npmjs.org/array-flatten/-/array-flatten-1.1.1.tgz 0ms (cache hit)
3256 http cache cookie@https://registry.npmjs.org/cookie/-/cookie-0.6.0.tgz 0ms (cache hit)
3257 http cache content-disposition@https://registry.npmjs.org/content-disposition/-/content-disposition-0.5.4.tgz 0ms (cache hit)
3258 http cache accepts@https://registry.npmjs.org/accepts/-/accepts-1.3.8.tgz 0ms (cache hit)
3259 http cache ms@https://registry.npmjs.org/ms/-/ms-2.1.3.tgz 0ms (cache hit)
3260 http cache @esbuild/win32-x64@https://registry.npmjs.org/@esbuild/win32-x64/-/win32-x64-0.20.2.tgz 0ms (cache hit)
3261 http cache color-name@https://registry.npmjs.org/color-name/-/color-name-1.1.3.tgz 0ms (cache hit)
3262 http cache normalize-path@https://registry.npmjs.org/normalize-path/-/normalize-path-3.0.0.tgz 0ms (cache hit)
3263 http cache readdirp@https://registry.npmjs.org/readdirp/-/readdirp-3.6.0.tgz 0ms (cache hit)
3264 http cache is-glob@https://registry.npmjs.org/is-glob/-/is-glob-4.0.3.tgz 0ms (cache hit)
3265 http cache encodeurl@https://registry.npmjs.org/encodeurl/-/encodeurl-2.0.0.tgz 0ms (cache hit)
3266 http cache fill-range@https://registry.npmjs.org/fill-range/-/fill-range-7.1.1.tgz 0ms (cache hit)
3267 http cache braces@https://registry.npmjs.org/braces/-/braces-3.0.3.tgz 0ms (cache hit)
3268 http cache is-binary-path@https://registry.npmjs.org/is-binary-path/-/is-binary-path-2.1.0.tgz 0ms (cache hit)
3269 http cache anymatch@https://registry.npmjs.org/anymatch/-/anymatch-3.1.3.tgz 0ms (cache hit)
3270 http cache color-convert@https://registry.npmjs.org/color-convert/-/color-convert-1.9.3.tgz 0ms (cache hit)
3271 http cache glob-parent@https://registry.npmjs.org/glob-parent/-/glob-parent-5.1.2.tgz 0ms (cache hit)
3272 http cache supports-color@https://registry.npmjs.org/supports-color/-/supports-color-5.5.0.tgz 0ms (cache hit)
3273 http cache escape-string-regexp@https://registry.npmjs.org/escape-string-regexp/-/escape-string-regexp-1.0.5.tgz 0ms (cache hit)
3274 http cache ansi-styles@https://registry.npmjs.org/ansi-styles/-/ansi-styles-3.2.1.tgz 0ms (cache hit)
3275 http cache node-releases@https://registry.npmjs.org/node-releases/-/node-releases-2.0.36.tgz 0ms (cache hit)
3276 http cache meow@https://registry.npmjs.org/meow/-/meow-13.2.0.tgz 0ms (cache hit)
3277 http cache baseline-browser-mapping@https://registry.npmjs.org/baseline-browser-mapping/-/baseline-browser-mapping-2.10.8.tgz 0ms (cache hit)
3278 http cache electron-to-chromium@https://registry.npmjs.org/electron-to-chromium/-/electron-to-chromium-1.5.313.tgz 0ms (cache hit)
3279 http cache update-browserslist-db@https://registry.npmjs.org/update-browserslist-db/-/update-browserslist-db-1.2.3.tgz 0ms (cache hit)
3280 http cache lodash.debounce@https://registry.npmjs.org/lodash.debounce/-/lodash.debounce-4.0.8.tgz 0ms (cache hit)
3281 http cache @babel/helper-define-polyfill-provider@https://registry.npmjs.org/@babel/helper-define-polyfill-provider/-/helper-define-polyfill-provider-0.6.8.tgz 0ms (cache hit)
3282 http cache postcss-value-parser@https://registry.npmjs.org/postcss-value-parser/-/postcss-value-parser-4.2.0.tgz 0ms (cache hit)
3283 http cache normalize-range@https://registry.npmjs.org/normalize-range/-/normalize-range-0.1.2.tgz 0ms (cache hit)
3284 http cache fraction.js@https://registry.npmjs.org/fraction.js/-/fraction.js-4.3.7.tgz 0ms (cache hit)
3285 http cache caniuse-lite@https://registry.npmjs.org/caniuse-lite/-/caniuse-lite-1.0.30001780.tgz 0ms (cache hit)
3286 http cache @vue/babel-plugin-resolve-type@https://registry.npmjs.org/@vue/babel-plugin-resolve-type/-/babel-plugin-resolve-type-1.5.0.tgz 0ms (cache hit)
3287 http cache @vue/babel-helper-vue-transform-on@https://registry.npmjs.org/@vue/babel-helper-vue-transform-on/-/babel-helper-vue-transform-on-1.5.0.tgz 0ms (cache hit)
3288 http cache @babel/plugin-syntax-jsx@https://registry.npmjs.org/@babel/plugin-syntax-jsx/-/plugin-syntax-jsx-7.28.6.tgz 0ms (cache hit)
3289 http cache @babel/helper-remap-async-to-generator@https://registry.npmjs.org/@babel/helper-remap-async-to-generator/-/helper-remap-async-to-generator-7.27.1.tgz 0ms (cache hit)
3290 http cache @vue/babel-plugin-jsx@https://registry.npmjs.org/@vue/babel-plugin-jsx/-/babel-plugin-jsx-1.5.0.tgz 0ms (cache hit)
3291 http cache esutils@https://registry.npmjs.org/esutils/-/esutils-2.0.3.tgz 0ms (cache hit)
3292 http cache regexpu-core@https://registry.npmjs.org/regexpu-core/-/regexpu-core-6.4.0.tgz 0ms (cache hit)
3293 http cache @babel/helper-wrap-function@https://registry.npmjs.org/@babel/helper-wrap-function/-/helper-wrap-function-7.28.6.tgz 0ms (cache hit)
3294 http cache babel-plugin-polyfill-regenerator@https://registry.npmjs.org/babel-plugin-polyfill-regenerator/-/babel-plugin-polyfill-regenerator-0.6.8.tgz 0ms (cache hit)
3295 http cache @babel/helper-create-regexp-features-plugin@https://registry.npmjs.org/@babel/helper-create-regexp-features-plugin/-/helper-create-regexp-features-plugin-7.28.5.tgz 0ms (cache hit)
3296 http cache core-js-compat@https://registry.npmjs.org/core-js-compat/-/core-js-compat-3.49.0.tgz 0ms (cache hit)
3297 http cache babel-plugin-polyfill-corejs2@https://registry.npmjs.org/babel-plugin-polyfill-corejs2/-/babel-plugin-polyfill-corejs2-0.4.17.tgz 0ms (cache hit)
3298 http cache babel-plugin-polyfill-corejs3@https://registry.npmjs.org/babel-plugin-polyfill-corejs3/-/babel-plugin-polyfill-corejs3-0.14.2.tgz 0ms (cache hit)
3299 http cache @babel/plugin-transform-unicode-sets-regex@https://registry.npmjs.org/@babel/plugin-transform-unicode-sets-regex/-/plugin-transform-unicode-sets-regex-7.28.6.tgz 0ms (cache hit)
3300 http cache @babel/plugin-transform-unicode-regex@https://registry.npmjs.org/@babel/plugin-transform-unicode-regex/-/plugin-transform-unicode-regex-7.27.1.tgz 0ms (cache hit)
3301 http cache @babel/plugin-transform-unicode-escapes@https://registry.npmjs.org/@babel/plugin-transform-unicode-escapes/-/plugin-transform-unicode-escapes-7.27.1.tgz 0ms (cache hit)
3302 http cache @babel/plugin-transform-template-literals@https://registry.npmjs.org/@babel/plugin-transform-template-literals/-/plugin-transform-template-literals-7.27.1.tgz 0ms (cache hit)
3303 http cache @babel/preset-modules@https://registry.npmjs.org/@babel/preset-modules/-/preset-modules-0.1.6-no-external-plugins.tgz 0ms (cache hit)
3304 http cache @babel/plugin-transform-unicode-property-regex@https://registry.npmjs.org/@babel/plugin-transform-unicode-property-regex/-/plugin-transform-unicode-property-regex-7.28.6.tgz 0ms (cache hit)
3305 http cache @babel/plugin-transform-typeof-symbol@https://registry.npmjs.org/@babel/plugin-transform-typeof-symbol/-/plugin-transform-typeof-symbol-7.27.1.tgz 0ms (cache hit)
3306 http cache @babel/plugin-transform-sticky-regex@https://registry.npmjs.org/@babel/plugin-transform-sticky-regex/-/plugin-transform-sticky-regex-7.27.1.tgz 0ms (cache hit)
3307 http cache @babel/plugin-transform-spread@https://registry.npmjs.org/@babel/plugin-transform-spread/-/plugin-transform-spread-7.28.6.tgz 0ms (cache hit)
3308 http cache @babel/plugin-transform-shorthand-properties@https://registry.npmjs.org/@babel/plugin-transform-shorthand-properties/-/plugin-transform-shorthand-properties-7.27.1.tgz 0ms (cache hit)
3309 http cache @babel/plugin-transform-reserved-words@https://registry.npmjs.org/@babel/plugin-transform-reserved-words/-/plugin-transform-reserved-words-7.27.1.tgz 0ms (cache hit)
3310 http cache @babel/plugin-transform-regexp-modifiers@https://registry.npmjs.org/@babel/plugin-transform-regexp-modifiers/-/plugin-transform-regexp-modifiers-7.28.6.tgz 0ms (cache hit)
3311 http cache @babel/plugin-transform-private-property-in-object@https://registry.npmjs.org/@babel/plugin-transform-private-property-in-object/-/plugin-transform-private-property-in-object-7.28.6.tgz 0ms (cache hit)
3312 http cache @babel/plugin-transform-private-methods@https://registry.npmjs.org/@babel/plugin-transform-private-methods/-/plugin-transform-private-methods-7.28.6.tgz 0ms (cache hit)
3313 http cache @babel/plugin-transform-parameters@https://registry.npmjs.org/@babel/plugin-transform-parameters/-/plugin-transform-parameters-7.27.7.tgz 0ms (cache hit)
3314 http cache @babel/plugin-transform-regenerator@https://registry.npmjs.org/@babel/plugin-transform-regenerator/-/plugin-transform-regenerator-7.29.0.tgz 0ms (cache hit)
3315 http cache @babel/plugin-transform-optional-catch-binding@https://registry.npmjs.org/@babel/plugin-transform-optional-catch-binding/-/plugin-transform-optional-catch-binding-7.28.6.tgz 0ms (cache hit)
3316 http cache @babel/plugin-transform-object-super@https://registry.npmjs.org/@babel/plugin-transform-object-super/-/plugin-transform-object-super-7.27.1.tgz 0ms (cache hit)
3317 http cache @babel/plugin-transform-optional-chaining@https://registry.npmjs.org/@babel/plugin-transform-optional-chaining/-/plugin-transform-optional-chaining-7.28.6.tgz 0ms (cache hit)
3318 http cache @babel/plugin-transform-numeric-separator@https://registry.npmjs.org/@babel/plugin-transform-numeric-separator/-/plugin-transform-numeric-separator-7.28.6.tgz 0ms (cache hit)
3319 http cache @babel/plugin-transform-nullish-coalescing-operator@https://registry.npmjs.org/@babel/plugin-transform-nullish-coalescing-operator/-/plugin-transform-nullish-coalescing-operator-7.28.6.tgz 0ms (cache hit)
3320 http cache @babel/plugin-transform-property-literals@https://registry.npmjs.org/@babel/plugin-transform-property-literals/-/plugin-transform-property-literals-7.27.1.tgz 0ms (cache hit)
3321 http cache @babel/plugin-transform-object-rest-spread@https://registry.npmjs.org/@babel/plugin-transform-object-rest-spread/-/plugin-transform-object-rest-spread-7.28.6.tgz 0ms (cache hit)
3322 http cache @babel/plugin-transform-new-target@https://registry.npmjs.org/@babel/plugin-transform-new-target/-/plugin-transform-new-target-7.27.1.tgz 0ms (cache hit)
3323 http cache @babel/plugin-transform-modules-umd@https://registry.npmjs.org/@babel/plugin-transform-modules-umd/-/plugin-transform-modules-umd-7.27.1.tgz 0ms (cache hit)
3324 http cache @babel/plugin-transform-named-capturing-groups-regex@https://registry.npmjs.org/@babel/plugin-transform-named-capturing-groups-regex/-/plugin-transform-named-capturing-groups-regex-7.29.0.tgz 0ms (cache hit)
3325 http cache @babel/plugin-transform-modules-systemjs@https://registry.npmjs.org/@babel/plugin-transform-modules-systemjs/-/plugin-transform-modules-systemjs-7.29.0.tgz 0ms (cache hit)
3326 http cache @babel/plugin-transform-modules-commonjs@https://registry.npmjs.org/@babel/plugin-transform-modules-commonjs/-/plugin-transform-modules-commonjs-7.28.6.tgz 0ms (cache hit)
3327 http cache @babel/plugin-transform-modules-amd@https://registry.npmjs.org/@babel/plugin-transform-modules-amd/-/plugin-transform-modules-amd-7.27.1.tgz 0ms (cache hit)
3328 http cache @babel/plugin-transform-literals@https://registry.npmjs.org/@babel/plugin-transform-literals/-/plugin-transform-literals-7.27.1.tgz 0ms (cache hit)
3329 http cache @babel/plugin-transform-json-strings@https://registry.npmjs.org/@babel/plugin-transform-json-strings/-/plugin-transform-json-strings-7.28.6.tgz 0ms (cache hit)
3330 http cache @babel/plugin-transform-logical-assignment-operators@https://registry.npmjs.org/@babel/plugin-transform-logical-assignment-operators/-/plugin-transform-logical-assignment-operators-7.28.6.tgz 0ms (cache hit)
3331 http cache @babel/plugin-transform-function-name@https://registry.npmjs.org/@babel/plugin-transform-function-name/-/plugin-transform-function-name-7.27.1.tgz 0ms (cache hit)
3332 http cache @babel/plugin-transform-member-expression-literals@https://registry.npmjs.org/@babel/plugin-transform-member-expression-literals/-/plugin-transform-member-expression-literals-7.27.1.tgz 0ms (cache hit)
3333 http cache @babel/plugin-transform-export-namespace-from@https://registry.npmjs.org/@babel/plugin-transform-export-namespace-from/-/plugin-transform-export-namespace-from-7.27.1.tgz 0ms (cache hit)
3334 http cache @babel/plugin-transform-exponentiation-operator@https://registry.npmjs.org/@babel/plugin-transform-exponentiation-operator/-/plugin-transform-exponentiation-operator-7.28.6.tgz 0ms (cache hit)
3335 http cache @babel/plugin-transform-for-of@https://registry.npmjs.org/@babel/plugin-transform-for-of/-/plugin-transform-for-of-7.27.1.tgz 0ms (cache hit)
3336 http cache @babel/plugin-transform-explicit-resource-management@https://registry.npmjs.org/@babel/plugin-transform-explicit-resource-management/-/plugin-transform-explicit-resource-management-7.28.6.tgz 0ms (cache hit)
3337 http cache @babel/plugin-transform-dynamic-import@https://registry.npmjs.org/@babel/plugin-transform-dynamic-import/-/plugin-transform-dynamic-import-7.27.1.tgz 0ms (cache hit)
3338 http cache @babel/plugin-transform-dotall-regex@https://registry.npmjs.org/@babel/plugin-transform-dotall-regex/-/plugin-transform-dotall-regex-7.28.6.tgz 0ms (cache hit)
3339 http cache @babel/plugin-transform-destructuring@https://registry.npmjs.org/@babel/plugin-transform-destructuring/-/plugin-transform-destructuring-7.28.5.tgz 0ms (cache hit)
3340 http cache @babel/plugin-transform-duplicate-named-capturing-groups-regex@https://registry.npmjs.org/@babel/plugin-transform-duplicate-named-capturing-groups-regex/-/plugin-transform-duplicate-named-capturing-groups-regex-7.29.0.tgz 0ms (cache hit)
3341 http cache @babel/plugin-transform-duplicate-keys@https://registry.npmjs.org/@babel/plugin-transform-duplicate-keys/-/plugin-transform-duplicate-keys-7.27.1.tgz 0ms (cache hit)
3342 http cache @babel/plugin-transform-classes@https://registry.npmjs.org/@babel/plugin-transform-classes/-/plugin-transform-classes-7.28.6.tgz 0ms (cache hit)
3343 http cache @babel/plugin-transform-computed-properties@https://registry.npmjs.org/@babel/plugin-transform-computed-properties/-/plugin-transform-computed-properties-7.28.6.tgz 0ms (cache hit)
3344 http cache @babel/plugin-transform-class-properties@https://registry.npmjs.org/@babel/plugin-transform-class-properties/-/plugin-transform-class-properties-7.28.6.tgz 0ms (cache hit)
3345 http cache @babel/plugin-transform-class-static-block@https://registry.npmjs.org/@babel/plugin-transform-class-static-block/-/plugin-transform-class-static-block-7.28.6.tgz 0ms (cache hit)
3346 http cache @babel/plugin-transform-block-scoping@https://registry.npmjs.org/@babel/plugin-transform-block-scoping/-/plugin-transform-block-scoping-7.28.6.tgz 0ms (cache hit)
3347 http cache @babel/plugin-transform-async-to-generator@https://registry.npmjs.org/@babel/plugin-transform-async-to-generator/-/plugin-transform-async-to-generator-7.28.6.tgz 0ms (cache hit)
3348 http cache @babel/plugin-transform-async-generator-functions@https://registry.npmjs.org/@babel/plugin-transform-async-generator-functions/-/plugin-transform-async-generator-functions-7.29.0.tgz 0ms (cache hit)
3349 http cache @babel/plugin-transform-block-scoped-functions@https://registry.npmjs.org/@babel/plugin-transform-block-scoped-functions/-/plugin-transform-block-scoped-functions-7.27.1.tgz 0ms (cache hit)
3350 http cache @babel/plugin-transform-arrow-functions@https://registry.npmjs.org/@babel/plugin-transform-arrow-functions/-/plugin-transform-arrow-functions-7.27.1.tgz 0ms (cache hit)
3351 http cache @babel/plugin-syntax-import-assertions@https://registry.npmjs.org/@babel/plugin-syntax-import-assertions/-/plugin-syntax-import-assertions-7.28.6.tgz 0ms (cache hit)
3352 http cache @babel/plugin-syntax-import-attributes@https://registry.npmjs.org/@babel/plugin-syntax-import-attributes/-/plugin-syntax-import-attributes-7.28.6.tgz 0ms (cache hit)
3353 http cache @babel/plugin-proposal-private-property-in-object@https://registry.npmjs.org/@babel/plugin-proposal-private-property-in-object/-/plugin-proposal-private-property-in-object-7.21.0-placeholder-for-preset-env.2.tgz 0ms (cache hit)
3354 http cache @babel/plugin-bugfix-v8-static-class-fields-redefine-readonly@https://registry.npmjs.org/@babel/plugin-bugfix-v8-static-class-fields-redefine-readonly/-/plugin-bugfix-v8-static-class-fields-redefine-readonly-7.28.6.tgz 0ms (cache hit)
3355 http cache @babel/plugin-syntax-unicode-sets-regex@https://registry.npmjs.org/@babel/plugin-syntax-unicode-sets-regex/-/plugin-syntax-unicode-sets-regex-7.18.6.tgz 0ms (cache hit)
3356 http cache @babel/plugin-bugfix-v8-spread-parameters-in-optional-chaining@https://registry.npmjs.org/@babel/plugin-bugfix-v8-spread-parameters-in-optional-chaining/-/plugin-bugfix-v8-spread-parameters-in-optional-chaining-7.27.1.tgz 0ms (cache hit)
3357 http cache @babel/plugin-bugfix-safari-class-field-initializer-scope@https://registry.npmjs.org/@babel/plugin-bugfix-safari-class-field-initializer-scope/-/plugin-bugfix-safari-class-field-initializer-scope-7.27.1.tgz 0ms (cache hit)
3358 http cache @babel/plugin-bugfix-firefox-class-in-computed-class-key@https://registry.npmjs.org/@babel/plugin-bugfix-firefox-class-in-computed-class-key/-/plugin-bugfix-firefox-class-in-computed-class-key-7.28.5.tgz 0ms (cache hit)
3359 http cache systemjs@https://registry.npmjs.org/systemjs/-/systemjs-6.15.1.tgz 0ms (cache hit)
3360 http cache @babel/plugin-bugfix-safari-id-destructuring-collision-in-function-expression@https://registry.npmjs.org/@babel/plugin-bugfix-safari-id-destructuring-collision-in-function-expression/-/plugin-bugfix-safari-id-destructuring-collision-in-function-expression-7.27.1.tgz 0ms (cache hit)
3361 http cache core-js@https://registry.npmjs.org/core-js/-/core-js-3.49.0.tgz 0ms (cache hit)
3362 http cache regenerator-runtime@https://registry.npmjs.org/regenerator-runtime/-/regenerator-runtime-0.14.1.tgz 0ms (cache hit)
3363 http cache browserslist-to-esbuild@https://registry.npmjs.org/browserslist-to-esbuild/-/browserslist-to-esbuild-2.1.1.tgz 0ms (cache hit)
3364 http cache @babel/preset-env@https://registry.npmjs.org/@babel/preset-env/-/preset-env-7.29.2.tgz 0ms (cache hit)
3365 http cache picomatch@https://registry.npmjs.org/picomatch/-/picomatch-2.3.1.tgz 0ms (cache hit)
3366 http cache @types/estree@https://registry.npmjs.org/@types/estree/-/estree-1.0.8.tgz 0ms (cache hit)
3367 http cache @jridgewell/resolve-uri@https://registry.npmjs.org/@jridgewell/resolve-uri/-/resolve-uri-3.1.2.tgz 0ms (cache hit)
3368 http cache source-map@https://registry.npmjs.org/source-map/-/source-map-0.6.1.tgz 0ms (cache hit)
3369 http cache @jridgewell/sourcemap-codec@https://registry.npmjs.org/@jridgewell/sourcemap-codec/-/sourcemap-codec-1.5.5.tgz 0ms (cache hit)
3370 http cache @intlify/message-resolver@https://registry.npmjs.org/@intlify/message-resolver/-/message-resolver-9.1.9.tgz 0ms (cache hit)
3371 http cache @babel/helper-optimise-call-expression@https://registry.npmjs.org/@babel/helper-optimise-call-expression/-/helper-optimise-call-expression-7.27.1.tgz 0ms (cache hit)
3372 http cache @intlify/runtime@https://registry.npmjs.org/@intlify/runtime/-/runtime-9.1.9.tgz 0ms (cache hit)
3373 http cache @intlify/message-compiler@https://registry.npmjs.org/@intlify/message-compiler/-/message-compiler-9.1.9.tgz 0ms (cache hit)
3374 http cache @babel/plugin-syntax-typescript@https://registry.npmjs.org/@babel/plugin-syntax-typescript/-/plugin-syntax-typescript-7.28.6.tgz 0ms (cache hit)
3375 http cache @babel/helper-replace-supers@https://registry.npmjs.org/@babel/helper-replace-supers/-/helper-replace-supers-7.28.6.tgz 0ms (cache hit)
3376 http cache @intlify/devtools-if@https://registry.npmjs.org/@intlify/devtools-if/-/devtools-if-9.1.9.tgz 0ms (cache hit)
3377 http cache @babel/helper-member-expression-to-functions@https://registry.npmjs.org/@babel/helper-member-expression-to-functions/-/helper-member-expression-to-functions-7.28.5.tgz 0ms (cache hit)
3378 http cache express@https://registry.npmjs.org/express/-/express-4.20.0.tgz 0ms (cache hit)
3379 http cache @babel/helper-create-class-features-plugin@https://registry.npmjs.org/@babel/helper-create-class-features-plugin/-/helper-create-class-features-plugin-7.28.6.tgz 0ms (cache hit)
3380 http cache @babel/helper-skip-transparent-expression-wrappers@https://registry.npmjs.org/@babel/helper-skip-transparent-expression-wrappers/-/helper-skip-transparent-expression-wrappers-7.27.1.tgz 0ms (cache hit)
3381 http cache @babel/helper-annotate-as-pure@https://registry.npmjs.org/@babel/helper-annotate-as-pure/-/helper-annotate-as-pure-7.27.3.tgz 0ms (cache hit)
3382 http cache cac@https://registry.npmjs.org/cac/-/cac-6.7.9.tgz 0ms (cache hit)
3383 http cache @babel/helper-plugin-utils@https://registry.npmjs.org/@babel/helper-plugin-utils/-/helper-plugin-utils-7.28.6.tgz 0ms (cache hit)
3384 http cache @vitejs/plugin-vue-jsx@https://registry.npmjs.org/@vitejs/plugin-vue-jsx/-/plugin-vue-jsx-3.1.0.tgz 0ms (cache hit)
3385 http cache @vitejs/plugin-vue@https://registry.npmjs.org/@vitejs/plugin-vue/-/plugin-vue-5.2.4.tgz 0ms (cache hit)
3386 http cache terser@https://registry.npmjs.org/terser/-/terser-5.46.1.tgz 0ms (cache hit)
3387 http cache @vitejs/plugin-legacy@https://registry.npmjs.org/@vitejs/plugin-legacy/-/plugin-legacy-5.3.2.tgz 0ms (cache hit)
3388 http cache parse-css-font@https://registry.npmjs.org/parse-css-font/-/parse-css-font-4.0.0.tgz 0ms (cache hit)
3389 http cache @babel/plugin-syntax-import-meta@https://registry.npmjs.org/@babel/plugin-syntax-import-meta/-/plugin-syntax-import-meta-7.10.4.tgz 0ms (cache hit)
3390 http cache qrcode-terminal@https://registry.npmjs.org/qrcode-terminal/-/qrcode-terminal-0.12.0.tgz 0ms (cache hit)
3391 http cache @babel/plugin-transform-typescript@https://registry.npmjs.org/@babel/plugin-transform-typescript/-/plugin-transform-typescript-7.28.6.tgz 0ms (cache hit)
3392 http cache licia@https://registry.npmjs.org/licia/-/licia-1.41.1.tgz 0ms (cache hit)
3393 http cache ws@https://registry.npmjs.org/ws/-/ws-8.18.0.tgz 0ms (cache hit)
3394 http cache qrcode-reader@https://registry.npmjs.org/qrcode-reader/-/qrcode-reader-1.0.4.tgz 0ms (cache hit)
3395 http cache @dcloudio/uni-mp-vue@https://registry.npmjs.org/@dcloudio/uni-mp-vue/-/uni-mp-vue-3.0.0-5000320260312001.tgz 0ms (cache hit)
3396 http cache @dcloudio/uni-mp-vite@https://registry.npmjs.org/@dcloudio/uni-mp-vite/-/uni-mp-vite-3.0.0-5000320260312001.tgz 0ms (cache hit)
3397 http cache vue-router@https://registry.npmjs.org/vue-router/-/vue-router-4.4.4.tgz 0ms (cache hit)
3398 http cache xmlhttprequest@https://registry.npmjs.org/xmlhttprequest/-/xmlhttprequest-1.8.0.tgz 0ms (cache hit)
3399 http cache jimp@https://registry.npmjs.org/jimp/-/jimp-0.10.3.tgz 0ms (cache hit)
3400 http cache safe-area-insets@https://registry.npmjs.org/safe-area-insets/-/safe-area-insets-1.4.1.tgz 0ms (cache hit)
3401 http cache @dcloudio/uni-h5-vite@https://registry.npmjs.org/@dcloudio/uni-h5-vite/-/uni-h5-vite-3.0.0-5000320260312001.tgz 0ms (cache hit)
3402 http cache @dcloudio/uni-h5-vue@https://registry.npmjs.org/@dcloudio/uni-h5-vue/-/uni-h5-vue-3.0.0-5000320260312001.tgz 0ms (cache hit)
3403 http cache localstorage-polyfill@https://registry.npmjs.org/localstorage-polyfill/-/localstorage-polyfill-1.0.1.tgz 0ms (cache hit)
3404 http cache to-fast-properties@https://registry.npmjs.org/to-fast-properties/-/to-fast-properties-2.0.0.tgz 0ms (cache hit)
3405 http cache @dcloudio/uni-mp-compiler@https://registry.npmjs.org/@dcloudio/uni-mp-compiler/-/uni-mp-compiler-3.0.0-5000320260312001.tgz 0ms (cache hit)
3406 http cache @babel/helper-globals@https://registry.npmjs.org/@babel/helper-globals/-/helper-globals-7.28.0.tgz 0ms (cache hit)
3407 http cache @babel/helper-string-parser@https://registry.npmjs.org/@babel/helper-string-parser/-/helper-string-parser-7.27.1.tgz 0ms (cache hit)
3408 http cache js-tokens@https://registry.npmjs.org/js-tokens/-/js-tokens-4.0.0.tgz 0ms (cache hit)
3409 http cache lru-cache@https://registry.npmjs.org/lru-cache/-/lru-cache-5.1.1.tgz 0ms (cache hit)
3410 http cache chalk@https://registry.npmjs.org/chalk/-/chalk-2.4.2.tgz 0ms (cache hit)
3411 http cache @babel/helper-validator-identifier@https://registry.npmjs.org/@babel/helper-validator-identifier/-/helper-validator-identifier-7.28.5.tgz 0ms (cache hit)
3412 http cache browserslist@https://registry.npmjs.org/browserslist/-/browserslist-4.28.1.tgz 0ms (cache hit)
3413 http cache @babel/helper-module-imports@https://registry.npmjs.org/@babel/helper-module-imports/-/helper-module-imports-7.28.6.tgz 0ms (cache hit)
3414 http cache @babel/compat-data@https://registry.npmjs.org/@babel/compat-data/-/compat-data-7.29.0.tgz 0ms (cache hit)
3415 http cache @babel/helper-validator-option@https://registry.npmjs.org/@babel/helper-validator-option/-/helper-validator-option-7.27.1.tgz 0ms (cache hit)
3416 http cache jsesc@https://registry.npmjs.org/jsesc/-/jsesc-3.1.0.tgz 0ms (cache hit)
3417 http cache semver@https://registry.npmjs.org/semver/-/semver-6.3.1.tgz 0ms (cache hit)
3418 http cache json5@https://registry.npmjs.org/json5/-/json5-2.2.3.tgz 0ms (cache hit)
3419 http cache gensync@https://registry.npmjs.org/gensync/-/gensync-1.0.0-beta.2.tgz 0ms (cache hit)
3420 http cache convert-source-map@https://registry.npmjs.org/convert-source-map/-/convert-source-map-2.0.0.tgz 0ms (cache hit)
3421 http cache @babel/helper-module-transforms@https://registry.npmjs.org/@babel/helper-module-transforms/-/helper-module-transforms-7.28.6.tgz 0ms (cache hit)
3422 http cache @babel/traverse@https://registry.npmjs.org/@babel/traverse/-/traverse-7.29.0.tgz 0ms (cache hit)
3423 http cache @babel/helpers@https://registry.npmjs.org/@babel/helpers/-/helpers-7.29.2.tgz 0ms (cache hit)
3424 http cache @babel/template@https://registry.npmjs.org/@babel/template/-/template-7.28.6.tgz 0ms (cache hit)
3425 http cache @babel/helper-compilation-targets@https://registry.npmjs.org/@babel/helper-compilation-targets/-/helper-compilation-targets-7.28.6.tgz 0ms (cache hit)
3426 http cache @babel/generator@https://registry.npmjs.org/@babel/generator/-/generator-7.29.1.tgz 0ms (cache hit)
3427 http cache @babel/highlight@https://registry.npmjs.org/@babel/highlight/-/highlight-7.25.9.tgz 0ms (cache hit)
3428 http cache @jridgewell/trace-mapping@https://registry.npmjs.org/@jridgewell/trace-mapping/-/trace-mapping-0.3.31.tgz 0ms (cache hit)
3429 http cache unimport@https://registry.npmjs.org/unimport/-/unimport-4.1.1.tgz 0ms (cache hit)
3430 http cache xregexp@https://registry.npmjs.org/xregexp/-/xregexp-5.1.2.tgz 0ms (cache hit)
3431 http cache @jridgewell/gen-mapping@https://registry.npmjs.org/@jridgewell/gen-mapping/-/gen-mapping-0.3.13.tgz 0ms (cache hit)
3432 http cache source-map-js@https://registry.npmjs.org/source-map-js/-/source-map-js-1.2.1.tgz 0ms (cache hit)
3433 http cache tapable@https://registry.npmjs.org/tapable/-/tapable-2.3.0.tgz 0ms (cache hit)
3434 http cache postcss-selector-parser@https://registry.npmjs.org/postcss-selector-parser/-/postcss-selector-parser-6.1.2.tgz 0ms (cache hit)
3435 http cache resolve@https://registry.npmjs.org/resolve/-/resolve-1.22.8.tgz 0ms (cache hit)
3436 http cache postcss-modules@https://registry.npmjs.org/postcss-modules/-/postcss-modules-4.3.1.tgz 0ms (cache hit)
3437 http cache tinycolor2@https://registry.npmjs.org/tinycolor2/-/tinycolor2-1.6.0.tgz 0ms (cache hit)
3438 http cache postcss-load-config@https://registry.npmjs.org/postcss-load-config/-/postcss-load-config-3.1.4.tgz 0ms (cache hit)
3439 http cache os-locale-s-fix@https://registry.npmjs.org/os-locale-s-fix/-/os-locale-s-fix-1.0.8-fix-1.tgz 0ms (cache hit)
3440 http cache postcss-import@https://registry.npmjs.org/postcss-import/-/postcss-import-14.1.0.tgz 0ms (cache hit)
3441 http cache module-alias@https://registry.npmjs.org/module-alias/-/module-alias-2.2.3.tgz 0ms (cache hit)
3442 http cache magic-string@https://registry.npmjs.org/magic-string/-/magic-string-0.30.11.tgz 0ms (cache hit)
3443 http cache picocolors@https://registry.npmjs.org/picocolors/-/picocolors-1.1.0.tgz 0ms (cache hit)
3444 http cache merge@https://registry.npmjs.org/merge/-/merge-2.1.1.tgz 0ms (cache hit)
3445 http cache mime@https://registry.npmjs.org/mime/-/mime-3.0.0.tgz 0ms (cache hit)
3446 http cache jsonc-parser@https://registry.npmjs.org/jsonc-parser/-/jsonc-parser-3.3.1.tgz 0ms (cache hit)
3447 http cache lines-and-columns@https://registry.npmjs.org/lines-and-columns/-/lines-and-columns-2.0.4.tgz 0ms (cache hit)
3448 http cache fs-extra@https://registry.npmjs.org/fs-extra/-/fs-extra-10.1.0.tgz 0ms (cache hit)
3449 http cache isbinaryfile@https://registry.npmjs.org/isbinaryfile/-/isbinaryfile-5.0.2.tgz 0ms (cache hit)
3450 http cache hash-sum@https://registry.npmjs.org/hash-sum/-/hash-sum-2.0.0.tgz 0ms (cache hit)
3451 http cache estree-walker@https://registry.npmjs.org/estree-walker/-/estree-walker-2.0.2.tgz 0ms (cache hit)
3452 http cache esbuild@https://registry.npmjs.org/esbuild/-/esbuild-0.20.2.tgz 0ms (cache hit)
3453 http cache entities@https://registry.npmjs.org/entities/-/entities-7.0.1.tgz 0ms (cache hit)
3454 http cache es-module-lexer@https://registry.npmjs.org/es-module-lexer/-/es-module-lexer-1.5.4.tgz 0ms (cache hit)
3455 http cache debug@https://registry.npmjs.org/debug/-/debug-4.3.7.tgz 0ms (cache hit)
3456 http cache compare-versions@https://registry.npmjs.org/compare-versions/-/compare-versions-3.6.0.tgz 0ms (cache hit)
3457 http cache adm-zip@https://registry.npmjs.org/adm-zip/-/adm-zip-0.5.16.tgz 0ms (cache hit)
3458 http cache chokidar@https://registry.npmjs.org/chokidar/-/chokidar-3.6.0.tgz 0ms (cache hit)
3459 http cache base64url@https://registry.npmjs.org/base64url/-/base64url-3.0.1.tgz 0ms (cache hit)
3460 http cache postcss@https://registry.npmjs.org/postcss/-/postcss-8.5.8.tgz 0ms (cache hit)
3461 http cache autoprefixer@https://registry.npmjs.org/autoprefixer/-/autoprefixer-10.4.20.tgz 0ms (cache hit)
3462 http cache @vue/server-renderer@https://registry.npmjs.org/@vue/server-renderer/-/server-renderer-3.4.21.tgz 0ms (cache hit)
3463 http cache @vue/compiler-core@https://registry.npmjs.org/@vue/compiler-core/-/compiler-core-3.4.21.tgz 0ms (cache hit)
3464 http cache @vue/compiler-sfc@https://registry.npmjs.org/@vue/compiler-sfc/-/compiler-sfc-3.4.21.tgz 0ms (cache hit)
3465 http cache @vue/compiler-ssr@https://registry.npmjs.org/@vue/compiler-ssr/-/compiler-ssr-3.4.21.tgz 0ms (cache hit)
3466 http cache @rollup/pluginutils@https://registry.npmjs.org/@rollup/pluginutils/-/pluginutils-5.1.0.tgz 0ms (cache hit)
3467 http cache @intlify/vue-devtools@https://registry.npmjs.org/@intlify/vue-devtools/-/vue-devtools-9.1.9.tgz 1ms (cache hit)
3468 http cache @dcloudio/uni-nvue-styler@https://registry.npmjs.org/@dcloudio/uni-nvue-styler/-/uni-nvue-styler-3.0.0-5000320260312001.tgz 0ms (cache hit)
3469 http cache @intlify/shared@https://registry.npmjs.org/@intlify/shared/-/shared-9.1.9.tgz 0ms (cache hit)
3470 http cache @babel/types@https://registry.npmjs.org/@babel/types/-/types-7.25.6.tgz 0ms (cache hit)
3471 http cache @babel/code-frame@https://registry.npmjs.org/@babel/code-frame/-/code-frame-7.24.7.tgz 0ms (cache hit)
3472 http cache @ampproject/remapping@https://registry.npmjs.org/@ampproject/remapping/-/remapping-2.3.0.tgz 0ms (cache hit)
3473 http cache @babel/parser@https://registry.npmjs.org/@babel/parser/-/parser-7.25.6.tgz 0ms (cache hit)
3474 http cache @babel/core@https://registry.npmjs.org/@babel/core/-/core-7.25.2.tgz 0ms (cache hit)
3475 http cache @vue/shared@https://registry.npmjs.org/@vue/shared/-/shared-3.4.21.tgz 0ms (cache hit)
3476 http cache fast-glob@https://registry.npmjs.org/fast-glob/-/fast-glob-3.3.3.tgz 0ms (cache hit)
3477 http cache @dcloudio/uni-stat@https://registry.npmjs.org/@dcloudio/uni-stat/-/uni-stat-3.0.0-5000320260312001.tgz 0ms (cache hit)
3478 http cache @intlify/core-base@https://registry.npmjs.org/@intlify/core-base/-/core-base-9.1.9.tgz 0ms (cache hit)
3479 http cache @dcloudio/uni-shared@https://registry.npmjs.org/@dcloudio/uni-shared/-/uni-shared-3.0.0-5000320260312001.tgz 0ms (cache hit)
3480 http cache @dcloudio/uni-cli-shared@https://registry.npmjs.org/@dcloudio/uni-cli-shared/-/uni-cli-shared-3.0.0-5000320260312001.tgz 0ms (cache hit)
3481 http cache @dcloudio/uni-push@https://registry.npmjs.org/@dcloudio/uni-push/-/uni-push-3.0.0-5000320260312001.tgz 0ms (cache hit)
3482 http cache @dcloudio/uni-components@https://registry.npmjs.org/@dcloudio/uni-components/-/uni-components-3.0.0-5000320260312001.tgz 0ms (cache hit)
3483 http cache @dcloudio/uni-console@https://registry.npmjs.org/@dcloudio/uni-console/-/uni-console-3.0.0-5000320260312001.tgz 0ms (cache hit)
3484 http cache @vue/compiler-dom@https://registry.npmjs.org/@vue/compiler-dom/-/compiler-dom-3.4.21.tgz 0ms (cache hit)
3485 http cache @dcloudio/uni-i18n@https://registry.npmjs.org/@dcloudio/uni-i18n/-/uni-i18n-3.0.0-5000320260312001.tgz 0ms (cache hit)
3486 http cache @dcloudio/uni-cloud@https://registry.npmjs.org/@dcloudio/uni-cloud/-/uni-cloud-3.0.0-5000320260312001.tgz 0ms (cache hit)
3487 http cache vue@https://registry.npmjs.org/vue/-/vue-3.4.21.tgz 0ms (cache hit)
3488 http cache @vue/tsconfig@https://registry.npmjs.org/@vue/tsconfig/-/tsconfig-0.7.0.tgz 0ms (cache hit)
3489 http cache vite@https://registry.npmjs.org/vite/-/vite-5.2.8.tgz 0ms (cache hit)
3490 http cache @dcloudio/uni-mp-weixin@https://registry.npmjs.org/@dcloudio/uni-mp-weixin/-/uni-mp-weixin-3.0.0-5000320260312001.tgz 0ms (cache hit)
3491 http cache @dcloudio/uni-h5@https://registry.npmjs.org/@dcloudio/uni-h5/-/uni-h5-3.0.0-5000320260312001.tgz 0ms (cache hit)
3492 http cache @dcloudio/uni-app@https://registry.npmjs.org/@dcloudio/uni-app/-/uni-app-3.0.0-5000320260312001.tgz 0ms (cache hit)
3493 http cache @dcloudio/types@https://registry.npmjs.org/@dcloudio/types/-/types-3.4.28.tgz 0ms (cache hit)
3494 http cache @dcloudio/vite-plugin-uni@https://registry.npmjs.org/@dcloudio/vite-plugin-uni/-/vite-plugin-uni-3.0.0-5000320260312001.tgz 0ms (cache hit)
3495 http cache picomatch@https://registry.npmjs.org/picomatch/-/picomatch-4.0.3.tgz 0ms (cache hit)
3496 http cache picomatch@https://registry.npmjs.org/picomatch/-/picomatch-4.0.3.tgz 0ms (cache hit)
3497 http cache js-tokens@https://registry.npmjs.org/js-tokens/-/js-tokens-9.0.1.tgz 0ms (cache hit)
3498 http cache pkg-types@https://registry.npmjs.org/pkg-types/-/pkg-types-2.3.0.tgz 0ms (cache hit)
3499 http cache confbox@https://registry.npmjs.org/confbox/-/confbox-0.2.4.tgz 0ms (cache hit)
3500 http cache phin@https://registry.npmjs.org/phin/-/phin-3.7.1.tgz 0ms (cache hit)
3501 http cache mime@https://registry.npmjs.org/mime/-/mime-1.6.0.tgz 0ms (cache hit)
3502 http cache postcss-selector-parser@https://registry.npmjs.org/postcss-selector-parser/-/postcss-selector-parser-7.1.1.tgz 0ms (cache hit)
3503 http cache postcss-selector-parser@https://registry.npmjs.org/postcss-selector-parser/-/postcss-selector-parser-7.1.1.tgz 0ms (cache hit)
3504 http cache mime@https://registry.npmjs.org/mime/-/mime-1.6.0.tgz 0ms (cache hit)
3505 http cache debug@https://registry.npmjs.org/debug/-/debug-2.6.9.tgz 0ms (cache hit)
3506 http cache send@https://registry.npmjs.org/send/-/send-0.18.0.tgz 0ms (cache hit)
3507 http cache regenerator-runtime@https://registry.npmjs.org/regenerator-runtime/-/regenerator-runtime-0.13.11.tgz 0ms (cache hit)
3508 http cache encodeurl@https://registry.npmjs.org/encodeurl/-/encodeurl-1.0.2.tgz 0ms (cache hit)
3509 http cache ms@https://registry.npmjs.org/ms/-/ms-2.0.0.tgz 0ms (cache hit)
3510 http cache mime@https://registry.npmjs.org/mime/-/mime-1.6.0.tgz 0ms (cache hit)
3511 http cache debug@https://registry.npmjs.org/debug/-/debug-2.6.9.tgz 0ms (cache hit)
3512 http cache encodeurl@https://registry.npmjs.org/encodeurl/-/encodeurl-1.0.2.tgz 0ms (cache hit)
3513 http cache encodeurl@https://registry.npmjs.org/encodeurl/-/encodeurl-1.0.2.tgz 0ms (cache hit)
3514 http cache ms@https://registry.npmjs.org/ms/-/ms-2.0.0.tgz 0ms (cache hit)
3515 http cache ms@https://registry.npmjs.org/ms/-/ms-2.0.0.tgz 0ms (cache hit)
3516 http cache ms@https://registry.npmjs.org/ms/-/ms-2.0.0.tgz 0ms (cache hit)
3517 http cache qs@https://registry.npmjs.org/qs/-/qs-6.13.0.tgz 0ms (cache hit)
3518 http cache debug@https://registry.npmjs.org/debug/-/debug-2.6.9.tgz 0ms (cache hit)
3519 http cache debug@https://registry.npmjs.org/debug/-/debug-2.6.9.tgz 0ms (cache hit)
3520 http cache picocolors@https://registry.npmjs.org/picocolors/-/picocolors-1.1.1.tgz 0ms (cache hit)
3521 http cache resolve@https://registry.npmjs.org/resolve/-/resolve-1.22.11.tgz 0ms (cache hit)
3522 http cache debug@https://registry.npmjs.org/debug/-/debug-4.4.3.tgz 0ms (cache hit)
3523 http cache @vue/shared@https://registry.npmjs.org/@vue/shared/-/shared-3.5.30.tgz 0ms (cache hit)
3524 http cache magic-string@https://registry.npmjs.org/magic-string/-/magic-string-0.30.21.tgz 0ms (cache hit)
3525 http cache @vue/compiler-ssr@https://registry.npmjs.org/@vue/compiler-ssr/-/compiler-ssr-3.5.30.tgz 0ms (cache hit)
3526 http cache @vue/compiler-core@https://registry.npmjs.org/@vue/compiler-core/-/compiler-core-3.5.30.tgz 0ms (cache hit)
3527 http cache @babel/types@https://registry.npmjs.org/@babel/types/-/types-7.29.0.tgz 0ms (cache hit)
3528 http cache picocolors@https://registry.npmjs.org/picocolors/-/picocolors-1.1.1.tgz 0ms (cache hit)
3529 http cache @vue/compiler-sfc@https://registry.npmjs.org/@vue/compiler-sfc/-/compiler-sfc-3.5.30.tgz 0ms (cache hit)
3530 http cache @babel/parser@https://registry.npmjs.org/@babel/parser/-/parser-7.29.2.tgz 0ms (cache hit)
3531 http cache @babel/code-frame@https://registry.npmjs.org/@babel/code-frame/-/code-frame-7.29.0.tgz 0ms (cache hit)
3532 http cache @vue/compiler-dom@https://registry.npmjs.org/@vue/compiler-dom/-/compiler-dom-3.5.30.tgz 0ms (cache hit)
3533 http cache @babel/types@https://registry.npmjs.org/@babel/types/-/types-7.29.0.tgz 0ms (cache hit)
3534 http cache @babel/types@https://registry.npmjs.org/@babel/types/-/types-7.29.0.tgz 0ms (cache hit)
3535 http cache @vue/shared@https://registry.npmjs.org/@vue/shared/-/shared-3.5.30.tgz 0ms (cache hit)
3536 http cache @babel/types@https://registry.npmjs.org/@babel/types/-/types-7.29.0.tgz 0ms (cache hit)
3537 http cache debug@https://registry.npmjs.org/debug/-/debug-2.6.9.tgz 0ms (cache hit)
3538 http cache @babel/types@https://registry.npmjs.org/@babel/types/-/types-7.29.0.tgz 0ms (cache hit)
3539 http cache @babel/types@https://registry.npmjs.org/@babel/types/-/types-7.29.0.tgz 0ms (cache hit)
3540 http cache @babel/types@https://registry.npmjs.org/@babel/types/-/types-7.29.0.tgz 0ms (cache hit)
3541 http cache jsesc@https://registry.npmjs.org/jsesc/-/jsesc-2.5.2.tgz 0ms (cache hit)
3542 http cache ms@https://registry.npmjs.org/ms/-/ms-2.0.0.tgz 0ms (cache hit)
3543 http cache regenerator-runtime@https://registry.npmjs.org/regenerator-runtime/-/regenerator-runtime-0.13.11.tgz 0ms (cache hit)
3544 http cache @babel/generator@https://registry.npmjs.org/@babel/generator/-/generator-7.25.6.tgz 0ms (cache hit)
3545 http cache @babel/types@https://registry.npmjs.org/@babel/types/-/types-7.29.0.tgz 0ms (cache hit)
3546 http cache @babel/parser@https://registry.npmjs.org/@babel/parser/-/parser-7.29.2.tgz 0ms (cache hit)
3547 http cache picocolors@https://registry.npmjs.org/picocolors/-/picocolors-1.1.1.tgz 0ms (cache hit)
3548 http cache picocolors@https://registry.npmjs.org/picocolors/-/picocolors-1.1.1.tgz 0ms (cache hit)
3549 http cache @babel/code-frame@https://registry.npmjs.org/@babel/code-frame/-/code-frame-7.29.0.tgz 0ms (cache hit)
3550 http cache @babel/types@https://registry.npmjs.org/@babel/types/-/types-7.29.0.tgz 0ms (cache hit)
3551 http cache @babel/types@https://registry.npmjs.org/@babel/types/-/types-7.29.0.tgz 0ms (cache hit)
3552 http cache @babel/parser@https://registry.npmjs.org/@babel/parser/-/parser-7.29.2.tgz 0ms (cache hit)
3553 http cache @babel/code-frame@https://registry.npmjs.org/@babel/code-frame/-/code-frame-7.29.0.tgz 0ms (cache hit)
3554 http cache picomatch@https://registry.npmjs.org/picomatch/-/picomatch-4.0.3.tgz 0ms (cache hit)
3555 http cache @babel/types@https://registry.npmjs.org/@babel/types/-/types-7.29.0.tgz 0ms (cache hit)
3556 http cache @babel/types@https://registry.npmjs.org/@babel/types/-/types-7.29.0.tgz 0ms (cache hit)
3557 http cache estree-walker@https://registry.npmjs.org/estree-walker/-/estree-walker-3.0.3.tgz 0ms (cache hit)
3558 http cache @babel/parser@https://registry.npmjs.org/@babel/parser/-/parser-7.29.2.tgz 0ms (cache hit)
3559 http cache magic-string@https://registry.npmjs.org/magic-string/-/magic-string-0.30.21.tgz 0ms (cache hit)
3560 http cache escape-string-regexp@https://registry.npmjs.org/escape-string-regexp/-/escape-string-regexp-5.0.0.tgz 0ms (cache hit)
3561 http cache picomatch@https://registry.npmjs.org/picomatch/-/picomatch-4.0.3.tgz 0ms (cache hit)
3562 http cache entities@https://registry.npmjs.org/entities/-/entities-4.5.0.tgz 0ms (cache hit)
3563 http cache postcss@https://registry.npmjs.org/postcss/-/postcss-8.4.45.tgz 0ms (cache hit)
3564 http cache picocolors@https://registry.npmjs.org/picocolors/-/picocolors-1.1.1.tgz 0ms (cache hit)
3565 http cache unplugin-auto-import@https://registry.npmjs.org/unplugin-auto-import/-/unplugin-auto-import-19.1.0.tgz 0ms (cache hit)
3566 http cache picomatch@https://registry.npmjs.org/picomatch/-/picomatch-4.0.3.tgz 0ms (cache hit)
3567 silly tarball no local data for centra@https://registry.npmjs.org/centra/-/centra-2.7.0.tgz. Extracting by manifest.
3568 silly tarball no local data for exsolve@https://registry.npmjs.org/exsolve/-/exsolve-1.0.8.tgz. Extracting by manifest.
3569 http cache magic-string@https://registry.npmjs.org/magic-string/-/magic-string-0.30.21.tgz 0ms (cache hit)
3570 silly tarball no local data for xmlbuilder@https://registry.npmjs.org/xmlbuilder/-/xmlbuilder-11.0.1.tgz. Extracting by manifest.
3571 silly tarball no local data for @babel/runtime-corejs3@https://registry.npmjs.org/@babel/runtime-corejs3/-/runtime-corejs3-7.29.2.tgz. Extracting by manifest.
3572 silly tarball no local data for core-js-pure@https://registry.npmjs.org/core-js-pure/-/core-js-pure-3.49.0.tgz. Extracting by manifest.
3573 silly tarball no local data for dom-walk@https://registry.npmjs.org/dom-walk/-/dom-walk-0.1.2.tgz. Extracting by manifest.
3574 silly tarball no local data for follow-redirects@https://registry.npmjs.org/follow-redirects/-/follow-redirects-1.15.11.tgz. Extracting by manifest.
3575 silly tarball no local data for sax@https://registry.npmjs.org/sax/-/sax-1.6.0.tgz. Extracting by manifest.
3576 silly tarball no local data for parse-headers@https://registry.npmjs.org/parse-headers/-/parse-headers-2.0.6.tgz. Extracting by manifest.
3577 silly tarball no local data for process@https://registry.npmjs.org/process/-/process-0.11.10.tgz. Extracting by manifest.
3578 silly tarball no local data for is-function@https://registry.npmjs.org/is-function/-/is-function-1.0.2.tgz. Extracting by manifest.
3579 silly tarball no local data for min-document@https://registry.npmjs.org/min-document/-/min-document-2.19.2.tgz. Extracting by manifest.
3580 silly tarball no local data for @vue/reactivity@https://registry.npmjs.org/@vue/reactivity/-/reactivity-3.4.21.tgz. Extracting by manifest.
3581 silly tarball no local data for @vue/runtime-core@https://registry.npmjs.org/@vue/runtime-core/-/runtime-core-3.4.21.tgz. Extracting by manifest.
3582 silly tarball no local data for global@https://registry.npmjs.org/global/-/global-4.4.0.tgz. Extracting by manifest.
3583 silly tarball no local data for @vue/devtools-api@https://registry.npmjs.org/@vue/devtools-api/-/devtools-api-6.6.4.tgz. Extracting by manifest.
3584 silly tarball no local data for @vue/runtime-dom@https://registry.npmjs.org/@vue/runtime-dom/-/runtime-dom-3.4.21.tgz. Extracting by manifest.
3585 silly tarball no local data for csstype@https://registry.npmjs.org/csstype/-/csstype-3.2.3.tgz. Extracting by manifest.
3586 silly tarball no local data for @rollup/rollup-win32-x64-msvc@https://registry.npmjs.org/@rollup/rollup-win32-x64-msvc/-/rollup-win32-x64-msvc-4.59.0.tgz. Extracting by manifest.
3587 silly tarball no local data for pako@https://registry.npmjs.org/pako/-/pako-1.0.11.tgz. Extracting by manifest.
3588 silly tarball no local data for escalade@https://registry.npmjs.org/escalade/-/escalade-3.2.0.tgz. Extracting by manifest.
3589 silly tarball no local data for rollup@https://registry.npmjs.org/rollup/-/rollup-4.59.0.tgz. Extracting by manifest.
3590 silly tarball no local data for webpack-virtual-modules@https://registry.npmjs.org/webpack-virtual-modules/-/webpack-virtual-modules-0.6.2.tgz. Extracting by manifest.
3591 silly tarball no local data for @rollup/rollup-win32-x64-gnu@https://registry.npmjs.org/@rollup/rollup-win32-x64-gnu/-/rollup-win32-x64-gnu-4.59.0.tgz. Extracting by manifest.
3592 silly tarball no local data for @jridgewell/remapping@https://registry.npmjs.org/@jridgewell/remapping/-/remapping-2.3.5.tgz. Extracting by manifest.
3593 silly tarball no local data for ufo@https://registry.npmjs.org/ufo/-/ufo-1.6.3.tgz. Extracting by manifest.
3594 silly tarball no local data for quansync@https://registry.npmjs.org/quansync/-/quansync-0.2.11.tgz. Extracting by manifest.
3595 silly tarball no local data for confbox@https://registry.npmjs.org/confbox/-/confbox-0.1.8.tgz. Extracting by manifest.
3596 silly tarball no local data for unplugin-utils@https://registry.npmjs.org/unplugin-utils/-/unplugin-utils-0.2.5.tgz. Extracting by manifest.
3597 silly tarball no local data for unplugin@https://registry.npmjs.org/unplugin/-/unplugin-2.3.11.tgz. Extracting by manifest.
3598 silly tarball no local data for pkg-types@https://registry.npmjs.org/pkg-types/-/pkg-types-1.3.1.tgz. Extracting by manifest.
3599 http cache unplugin-auto-import@https://registry.npmjs.org/unplugin-auto-import/-/unplugin-auto-import-19.1.0.tgz 0ms (cache hit)
3600 silly tarball no local data for scule@https://registry.npmjs.org/scule/-/scule-1.3.0.tgz. Extracting by manifest.
3601 silly tarball no local data for pathe@https://registry.npmjs.org/pathe/-/pathe-2.0.3.tgz. Extracting by manifest.
3602 silly tarball no local data for mlly@https://registry.npmjs.org/mlly/-/mlly-1.8.1.tgz. Extracting by manifest.
3603 silly tarball no local data for unicode-property-aliases-ecmascript@https://registry.npmjs.org/unicode-property-aliases-ecmascript/-/unicode-property-aliases-ecmascript-2.2.0.tgz. Extracting by manifest.
3604 silly tarball no local data for local-pkg@https://registry.npmjs.org/local-pkg/-/local-pkg-1.1.2.tgz. Extracting by manifest.
3605 silly tarball no local data for strip-literal@https://registry.npmjs.org/strip-literal/-/strip-literal-3.1.0.tgz. Extracting by manifest.
3606 silly tarball no local data for unicode-canonical-property-names-ecmascript@https://registry.npmjs.org/unicode-canonical-property-names-ecmascript/-/unicode-canonical-property-names-ecmascript-2.0.1.tgz. Extracting by manifest.
3607 silly tarball no local data for is-number@https://registry.npmjs.org/is-number/-/is-number-7.0.0.tgz. Extracting by manifest.
3608 http cache magic-string@https://registry.npmjs.org/magic-string/-/magic-string-0.30.21.tgz 0ms (cache hit)
3609 silly tarball no local data for media-typer@https://registry.npmjs.org/media-typer/-/media-typer-0.3.0.tgz. Extracting by manifest.
3610 silly tarball no local data for source-map-support@https://registry.npmjs.org/source-map-support/-/source-map-support-0.5.21.tgz. Extracting by manifest.
3611 silly tarball no local data for buffer-from@https://registry.npmjs.org/buffer-from/-/buffer-from-1.1.2.tgz. Extracting by manifest.
3612 silly tarball no local data for @jridgewell/source-map@https://registry.npmjs.org/@jridgewell/source-map/-/source-map-0.3.11.tgz. Extracting by manifest.
3613 silly tarball no local data for acorn@https://registry.npmjs.org/acorn/-/acorn-8.16.0.tgz. Extracting by manifest.
3614 silly tarball no local data for commander@https://registry.npmjs.org/commander/-/commander-2.20.3.tgz. Extracting by manifest.
3615 silly tarball no local data for math-intrinsics@https://registry.npmjs.org/math-intrinsics/-/math-intrinsics-1.1.0.tgz. Extracting by manifest.
3616 silly tarball no local data for has-flag@https://registry.npmjs.org/has-flag/-/has-flag-3.0.0.tgz. Extracting by manifest.
3617 silly tarball no local data for gopd@https://registry.npmjs.org/gopd/-/gopd-1.2.0.tgz. Extracting by manifest.
3618 silly tarball no local data for has-symbols@https://registry.npmjs.org/has-symbols/-/has-symbols-1.1.0.tgz. Extracting by manifest.
3619 silly tarball no local data for dunder-proto@https://registry.npmjs.org/dunder-proto/-/dunder-proto-1.0.1.tgz. Extracting by manifest.
3620 silly tarball no local data for get-proto@https://registry.npmjs.org/get-proto/-/get-proto-1.0.1.tgz. Extracting by manifest.
3621 silly tarball no local data for es-object-atoms@https://registry.npmjs.org/es-object-atoms/-/es-object-atoms-1.1.1.tgz. Extracting by manifest.
3622 silly tarball no local data for call-bind-apply-helpers@https://registry.npmjs.org/call-bind-apply-helpers/-/call-bind-apply-helpers-1.0.2.tgz. Extracting by manifest.
3623 silly tarball no local data for es-define-property@https://registry.npmjs.org/es-define-property/-/es-define-property-1.0.1.tgz. Extracting by manifest.
3624 silly tarball no local data for get-intrinsic@https://registry.npmjs.org/get-intrinsic/-/get-intrinsic-1.3.0.tgz. Extracting by manifest.
3625 silly tarball no local data for call-bound@https://registry.npmjs.org/call-bound/-/call-bound-1.0.4.tgz. Extracting by manifest.
3626 silly tarball no local data for side-channel-weakmap@https://registry.npmjs.org/side-channel-weakmap/-/side-channel-weakmap-1.0.2.tgz. Extracting by manifest.
3627 silly tarball no local data for object-inspect@https://registry.npmjs.org/object-inspect/-/object-inspect-1.13.4.tgz. Extracting by manifest.
3628 silly tarball no local data for side-channel-map@https://registry.npmjs.org/side-channel-map/-/side-channel-map-1.0.1.tgz. Extracting by manifest.
3629 silly tarball no local data for es-errors@https://registry.npmjs.org/es-errors/-/es-errors-1.3.0.tgz. Extracting by manifest.
3630 silly tarball no local data for side-channel-list@https://registry.npmjs.org/side-channel-list/-/side-channel-list-1.0.0.tgz. Extracting by manifest.
3631 silly tarball no local data for function-bind@https://registry.npmjs.org/function-bind/-/function-bind-1.1.2.tgz. Extracting by manifest.
3632 silly tarball no local data for queue-microtask@https://registry.npmjs.org/queue-microtask/-/queue-microtask-1.2.3.tgz. Extracting by manifest.
3633 silly tarball no local data for hasown@https://registry.npmjs.org/hasown/-/hasown-2.0.2.tgz. Extracting by manifest.
3634 silly tarball no local data for supports-preserve-symlinks-flag@https://registry.npmjs.org/supports-preserve-symlinks-flag/-/supports-preserve-symlinks-flag-1.0.0.tgz. Extracting by manifest.
3635 silly tarball no local data for path-parse@https://registry.npmjs.org/path-parse/-/path-parse-1.0.7.tgz. Extracting by manifest.
3636 silly tarball no local data for is-core-module@https://registry.npmjs.org/is-core-module/-/is-core-module-2.16.1.tgz. Extracting by manifest.
3637 silly tarball no local data for unicode-match-property-ecmascript@https://registry.npmjs.org/unicode-match-property-ecmascript/-/unicode-match-property-ecmascript-2.0.0.tgz. Extracting by manifest.
3638 silly tarball no local data for unicode-match-property-value-ecmascript@https://registry.npmjs.org/unicode-match-property-value-ecmascript/-/unicode-match-property-value-ecmascript-2.2.1.tgz. Extracting by manifest.
3639 silly tarball no local data for regjsparser@https://registry.npmjs.org/regjsparser/-/regjsparser-0.13.0.tgz. Extracting by manifest.
3640 silly tarball no local data for regenerate-unicode-properties@https://registry.npmjs.org/regenerate-unicode-properties/-/regenerate-unicode-properties-10.2.2.tgz. Extracting by manifest.
3641 silly tarball no local data for regjsgen@https://registry.npmjs.org/regjsgen/-/regjsgen-0.8.0.tgz. Extracting by manifest.
3642 silly tarball no local data for regenerate@https://registry.npmjs.org/regenerate/-/regenerate-1.4.2.tgz. Extracting by manifest.
3643 silly tarball no local data for pify@https://registry.npmjs.org/pify/-/pify-2.3.0.tgz. Extracting by manifest.
3644 silly tarball no local data for ipaddr.js@https://registry.npmjs.org/ipaddr.js/-/ipaddr.js-1.9.1.tgz. Extracting by manifest.
3645 silly tarball no local data for util-deprecate@https://registry.npmjs.org/util-deprecate/-/util-deprecate-1.0.2.tgz. Extracting by manifest.
3646 silly tarball no local data for side-channel@https://registry.npmjs.org/side-channel/-/side-channel-1.1.0.tgz. Extracting by manifest.
3647 silly tarball no local data for postcss-modules-values@https://registry.npmjs.org/postcss-modules-values/-/postcss-modules-values-4.0.0.tgz. Extracting by manifest.
3648 silly tarball no local data for cssesc@https://registry.npmjs.org/cssesc/-/cssesc-3.0.0.tgz. Extracting by manifest.
3649 silly tarball no local data for loader-utils@https://registry.npmjs.org/loader-utils/-/loader-utils-3.3.1.tgz. Extracting by manifest.
3650 silly tarball no local data for icss-utils@https://registry.npmjs.org/icss-utils/-/icss-utils-5.1.0.tgz. Extracting by manifest.
3651 silly tarball no local data for postcss-modules-scope@https://registry.npmjs.org/postcss-modules-scope/-/postcss-modules-scope-3.2.1.tgz. Extracting by manifest.
3652 silly tarball no local data for postcss-modules-local-by-default@https://registry.npmjs.org/postcss-modules-local-by-default/-/postcss-modules-local-by-default-4.2.0.tgz. Extracting by manifest.
3653 silly tarball no local data for lodash.camelcase@https://registry.npmjs.org/lodash.camelcase/-/lodash.camelcase-4.3.0.tgz. Extracting by manifest.
3654 silly tarball no local data for icss-replace-symbols@https://registry.npmjs.org/icss-replace-symbols/-/icss-replace-symbols-1.1.0.tgz. Extracting by manifest.
3655 silly tarball no local data for forwarded@https://registry.npmjs.org/forwarded/-/forwarded-0.2.0.tgz. Extracting by manifest.
3656 silly tarball no local data for generic-names@https://registry.npmjs.org/generic-names/-/generic-names-4.0.0.tgz. Extracting by manifest.
3657 silly tarball no local data for postcss-modules-extract-imports@https://registry.npmjs.org/postcss-modules-extract-imports/-/postcss-modules-extract-imports-3.1.0.tgz. Extracting by manifest.
3658 silly tarball no local data for yaml@https://registry.npmjs.org/yaml/-/yaml-1.10.2.tgz. Extracting by manifest.
3659 silly tarball no local data for read-cache@https://registry.npmjs.org/read-cache/-/read-cache-1.0.0.tgz. Extracting by manifest.
3660 silly tarball no local data for string-hash@https://registry.npmjs.org/string-hash/-/string-hash-1.1.3.tgz. Extracting by manifest.
3661 silly tarball no local data for nanoid@https://registry.npmjs.org/nanoid/-/nanoid-3.3.11.tgz. Extracting by manifest.
3662 silly tarball no local data for lilconfig@https://registry.npmjs.org/lilconfig/-/lilconfig-2.1.0.tgz. Extracting by manifest.
3663 silly tarball no local data for css-system-font-keywords@https://registry.npmjs.org/css-system-font-keywords/-/css-system-font-keywords-1.0.0.tgz. Extracting by manifest.
3664 silly tarball no local data for css-font-weight-keywords@https://registry.npmjs.org/css-font-weight-keywords/-/css-font-weight-keywords-1.0.0.tgz. Extracting by manifest.
3665 silly tarball no local data for css-font-style-keywords@https://registry.npmjs.org/css-font-style-keywords/-/css-font-style-keywords-1.0.1.tgz. Extracting by manifest.
3666 silly tarball no local data for unquote@https://registry.npmjs.org/unquote/-/unquote-1.1.1.tgz. Extracting by manifest.
3667 silly tarball no local data for css-list-helpers@https://registry.npmjs.org/css-list-helpers/-/css-list-helpers-2.0.0.tgz. Extracting by manifest.
3668 silly tarball no local data for xml2js@https://registry.npmjs.org/xml2js/-/xml2js-0.5.0.tgz. Extracting by manifest.
3669 silly tarball no local data for xml-parse-from-string@https://registry.npmjs.org/xml-parse-from-string/-/xml-parse-from-string-1.0.1.tgz. Extracting by manifest.
3670 silly tarball no local data for css-font-size-keywords@https://registry.npmjs.org/css-font-size-keywords/-/css-font-size-keywords-1.0.0.tgz. Extracting by manifest.
3671 silly tarball no local data for invert-kv@https://registry.npmjs.org/invert-kv/-/invert-kv-3.0.1.tgz. Extracting by manifest.
3672 silly tarball no local data for ee-first@https://registry.npmjs.org/ee-first/-/ee-first-1.1.1.tgz. Extracting by manifest.
3673 silly tarball no local data for mime-db@https://registry.npmjs.org/mime-db/-/mime-db-1.52.0.tgz. Extracting by manifest.
3674 silly tarball no local data for minimist@https://registry.npmjs.org/minimist/-/minimist-1.2.8.tgz. Extracting by manifest.
3675 silly tarball no local data for xtend@https://registry.npmjs.org/xtend/-/xtend-4.0.2.tgz. Extracting by manifest.
3676 silly tarball no local data for lcid@https://registry.npmjs.org/lcid/-/lcid-3.1.1.tgz. Extracting by manifest.
3677 silly tarball no local data for css-font-stretch-keywords@https://registry.npmjs.org/css-font-stretch-keywords/-/css-font-stretch-keywords-1.0.1.tgz. Extracting by manifest.
3678 silly tarball no local data for parse-bmfont-binary@https://registry.npmjs.org/parse-bmfont-binary/-/parse-bmfont-binary-1.0.6.tgz. Extracting by manifest.
3679 silly tarball no local data for yallist@https://registry.npmjs.org/yallist/-/yallist-3.1.1.tgz. Extracting by manifest.
3680 silly tarball no local data for parse-bmfont-ascii@https://registry.npmjs.org/parse-bmfont-ascii/-/parse-bmfont-ascii-1.0.6.tgz. Extracting by manifest.
3681 silly tarball no local data for buffer-equal@https://registry.npmjs.org/buffer-equal/-/buffer-equal-0.0.1.tgz. Extracting by manifest.
3682 silly tarball no local data for base64-js@https://registry.npmjs.org/base64-js/-/base64-js-1.5.1.tgz. Extracting by manifest.
3683 silly tarball no local data for ieee754@https://registry.npmjs.org/ieee754/-/ieee754-1.2.1.tgz. Extracting by manifest.
3684 silly tarball no local data for xhr@https://registry.npmjs.org/xhr/-/xhr-2.6.0.tgz. Extracting by manifest.
3685 silly tarball no local data for bmp-js@https://registry.npmjs.org/bmp-js/-/bmp-js-0.1.0.tgz. Extracting by manifest.
3686 silly tarball no local data for pngjs@https://registry.npmjs.org/pngjs/-/pngjs-3.4.0.tgz. Extracting by manifest.
3687 silly tarball no local data for jpeg-js@https://registry.npmjs.org/jpeg-js/-/jpeg-js-0.3.7.tgz. Extracting by manifest.
3688 silly tarball no local data for omggif@https://registry.npmjs.org/omggif/-/omggif-1.0.10.tgz. Extracting by manifest.
3689 silly tarball no local data for utif@https://registry.npmjs.org/utif/-/utif-2.0.1.tgz. Extracting by manifest.
3690 silly tarball no local data for @jimp/tiff@https://registry.npmjs.org/@jimp/tiff/-/tiff-0.10.3.tgz. Extracting by manifest.
3691 silly tarball no local data for @jimp/jpeg@https://registry.npmjs.org/@jimp/jpeg/-/jpeg-0.10.3.tgz. Extracting by manifest.
3692 silly tarball no local data for @jimp/gif@https://registry.npmjs.org/@jimp/gif/-/gif-0.10.3.tgz. Extracting by manifest.
3693 silly tarball no local data for @jimp/bmp@https://registry.npmjs.org/@jimp/bmp/-/bmp-0.10.3.tgz. Extracting by manifest.
3694 silly tarball no local data for timm@https://registry.npmjs.org/timm/-/timm-1.7.1.tgz. Extracting by manifest.
3695 silly tarball no local data for @jimp/plugin-shadow@https://registry.npmjs.org/@jimp/plugin-shadow/-/plugin-shadow-0.10.3.tgz. Extracting by manifest.
3696 silly tarball no local data for @jimp/plugin-threshold@https://registry.npmjs.org/@jimp/plugin-threshold/-/plugin-threshold-0.10.3.tgz. Extracting by manifest.
3697 silly tarball no local data for @jimp/png@https://registry.npmjs.org/@jimp/png/-/png-0.10.3.tgz. Extracting by manifest.
3698 silly tarball no local data for @jimp/plugin-normalize@https://registry.npmjs.org/@jimp/plugin-normalize/-/plugin-normalize-0.10.3.tgz. Extracting by manifest.
3699 silly tarball no local data for @jimp/plugin-mask@https://registry.npmjs.org/@jimp/plugin-mask/-/plugin-mask-0.10.3.tgz. Extracting by manifest.
3700 silly tarball no local data for @jimp/plugin-rotate@https://registry.npmjs.org/@jimp/plugin-rotate/-/plugin-rotate-0.10.3.tgz. Extracting by manifest.
3701 silly tarball no local data for @jimp/plugin-gaussian@https://registry.npmjs.org/@jimp/plugin-gaussian/-/plugin-gaussian-0.10.3.tgz. Extracting by manifest.
3702 silly tarball no local data for @jimp/plugin-invert@https://registry.npmjs.org/@jimp/plugin-invert/-/plugin-invert-0.10.3.tgz. Extracting by manifest.
3703 silly tarball no local data for parse-bmfont-xml@https://registry.npmjs.org/parse-bmfont-xml/-/parse-bmfont-xml-1.1.6.tgz. Extracting by manifest.
3704 silly tarball no local data for @jimp/plugin-flip@https://registry.npmjs.org/@jimp/plugin-flip/-/plugin-flip-0.10.3.tgz. Extracting by manifest.
3705 silly tarball no local data for @jimp/plugin-dither@https://registry.npmjs.org/@jimp/plugin-dither/-/plugin-dither-0.10.3.tgz. Extracting by manifest.
3706 silly tarball no local data for @jimp/plugin-displace@https://registry.npmjs.org/@jimp/plugin-displace/-/plugin-displace-0.10.3.tgz. Extracting by manifest.
3707 silly tarball no local data for @jimp/plugin-crop@https://registry.npmjs.org/@jimp/plugin-crop/-/plugin-crop-0.10.3.tgz. Extracting by manifest.
3708 silly tarball no local data for @jimp/plugin-print@https://registry.npmjs.org/@jimp/plugin-print/-/plugin-print-0.10.3.tgz. Extracting by manifest.
3709 silly tarball no local data for @jimp/plugin-cover@https://registry.npmjs.org/@jimp/plugin-cover/-/plugin-cover-0.10.3.tgz. Extracting by manifest.
3710 silly tarball no local data for @jimp/plugin-scale@https://registry.npmjs.org/@jimp/plugin-scale/-/plugin-scale-0.10.3.tgz. Extracting by manifest.
3711 silly tarball no local data for @jimp/plugin-contain@https://registry.npmjs.org/@jimp/plugin-contain/-/plugin-contain-0.10.3.tgz. Extracting by manifest.
3712 silly tarball no local data for @jimp/plugin-color@https://registry.npmjs.org/@jimp/plugin-color/-/plugin-color-0.10.3.tgz. Extracting by manifest.
3713 silly tarball no local data for @jimp/plugin-fisheye@https://registry.npmjs.org/@jimp/plugin-fisheye/-/plugin-fisheye-0.10.3.tgz. Extracting by manifest.
3714 silly tarball no local data for @jimp/plugin-circle@https://registry.npmjs.org/@jimp/plugin-circle/-/plugin-circle-0.10.3.tgz. Extracting by manifest.
3715 silly tarball no local data for @jimp/plugin-blit@https://registry.npmjs.org/@jimp/plugin-blit/-/plugin-blit-0.10.3.tgz. Extracting by manifest.
3716 silly tarball no local data for pixelmatch@https://registry.npmjs.org/pixelmatch/-/pixelmatch-4.0.2.tgz. Extracting by manifest.
3717 silly tarball no local data for @jimp/plugin-blur@https://registry.npmjs.org/@jimp/plugin-blur/-/plugin-blur-0.10.3.tgz. Extracting by manifest.
3718 silly tarball no local data for phin@https://registry.npmjs.org/phin/-/phin-2.9.3.tgz. Extracting by manifest.
3719 silly tarball no local data for mkdirp@https://registry.npmjs.org/mkdirp/-/mkdirp-0.5.6.tgz. Extracting by manifest.
3720 silly tarball no local data for @jimp/plugin-resize@https://registry.npmjs.org/@jimp/plugin-resize/-/plugin-resize-0.10.3.tgz. Extracting by manifest.
3721 silly tarball no local data for load-bmfont@https://registry.npmjs.org/load-bmfont/-/load-bmfont-1.4.2.tgz. Extracting by manifest.
3722 silly tarball no local data for file-type@https://registry.npmjs.org/file-type/-/file-type-9.0.0.tgz. Extracting by manifest.
3723 silly tarball no local data for buffer@https://registry.npmjs.org/buffer/-/buffer-5.7.1.tgz. Extracting by manifest.
3724 silly tarball no local data for any-base@https://registry.npmjs.org/any-base/-/any-base-1.1.0.tgz. Extracting by manifest.
3725 silly tarball no local data for exif-parser@https://registry.npmjs.org/exif-parser/-/exif-parser-0.1.12.tgz. Extracting by manifest.
3726 silly tarball no local data for @jimp/core@https://registry.npmjs.org/@jimp/core/-/core-0.10.3.tgz. Extracting by manifest.
3727 silly tarball no local data for @jimp/utils@https://registry.npmjs.org/@jimp/utils/-/utils-0.10.3.tgz. Extracting by manifest.
3728 silly tarball no local data for @jimp/types@https://registry.npmjs.org/@jimp/types/-/types-0.10.3.tgz. Extracting by manifest.
3729 silly tarball no local data for @babel/runtime@https://registry.npmjs.org/@babel/runtime/-/runtime-7.29.2.tgz. Extracting by manifest.
3730 silly tarball no local data for @jimp/custom@https://registry.npmjs.org/@jimp/custom/-/custom-0.10.3.tgz. Extracting by manifest.
3731 silly tarball no local data for @jimp/plugins@https://registry.npmjs.org/@jimp/plugins/-/plugins-0.10.3.tgz. Extracting by manifest.
3732 silly tarball no local data for is-extglob@https://registry.npmjs.org/is-extglob/-/is-extglob-2.1.1.tgz. Extracting by manifest.
3733 silly tarball no local data for safer-buffer@https://registry.npmjs.org/safer-buffer/-/safer-buffer-2.1.2.tgz. Extracting by manifest.
3734 silly tarball no local data for binary-extensions@https://registry.npmjs.org/binary-extensions/-/binary-extensions-2.3.0.tgz. Extracting by manifest.
3735 silly tarball no local data for toidentifier@https://registry.npmjs.org/toidentifier/-/toidentifier-1.0.1.tgz. Extracting by manifest.
3736 silly tarball no local data for inherits@https://registry.npmjs.org/inherits/-/inherits-2.0.4.tgz. Extracting by manifest.
3737 silly tarball no local data for to-regex-range@https://registry.npmjs.org/to-regex-range/-/to-regex-range-5.0.1.tgz. Extracting by manifest.
3738 silly tarball no local data for universalify@https://registry.npmjs.org/universalify/-/universalify-2.0.1.tgz. Extracting by manifest.
3739 silly tarball no local data for jsonfile@https://registry.npmjs.org/jsonfile/-/jsonfile-6.2.0.tgz. Extracting by manifest.
3740 silly tarball no local data for @nodelib/fs.scandir@https://registry.npmjs.org/@nodelib/fs.scandir/-/fs.scandir-2.1.5.tgz. Extracting by manifest.
3741 silly tarball no local data for graceful-fs@https://registry.npmjs.org/graceful-fs/-/graceful-fs-4.2.11.tgz. Extracting by manifest.
3742 silly tarball no local data for reusify@https://registry.npmjs.org/reusify/-/reusify-1.1.0.tgz. Extracting by manifest.
3743 silly tarball no local data for run-parallel@https://registry.npmjs.org/run-parallel/-/run-parallel-1.2.0.tgz. Extracting by manifest.
3744 silly tarball no local data for fastq@https://registry.npmjs.org/fastq/-/fastq-1.20.1.tgz. Extracting by manifest.
3745 silly tarball no local data for merge2@https://registry.npmjs.org/merge2/-/merge2-1.4.1.tgz. Extracting by manifest.
3746 silly tarball no local data for micromatch@https://registry.npmjs.org/micromatch/-/micromatch-4.0.8.tgz. Extracting by manifest.
3747 silly tarball no local data for @nodelib/fs.walk@https://registry.npmjs.org/@nodelib/fs.walk/-/fs.walk-1.2.8.tgz. Extracting by manifest.
3748 silly tarball no local data for @nodelib/fs.stat@https://registry.npmjs.org/@nodelib/fs.stat/-/fs.stat-2.0.5.tgz. Extracting by manifest.
3749 silly tarball no local data for unpipe@https://registry.npmjs.org/unpipe/-/unpipe-1.0.0.tgz. Extracting by manifest.
3750 silly tarball no local data for raw-body@https://registry.npmjs.org/raw-body/-/raw-body-2.5.2.tgz. Extracting by manifest.
3751 silly tarball no local data for destroy@https://registry.npmjs.org/destroy/-/destroy-1.2.0.tgz. Extracting by manifest.
3752 silly tarball no local data for iconv-lite@https://registry.npmjs.org/iconv-lite/-/iconv-lite-0.4.24.tgz. Extracting by manifest.
3753 silly tarball no local data for mime-types@https://registry.npmjs.org/mime-types/-/mime-types-2.1.35.tgz. Extracting by manifest.
3754 silly tarball no local data for negotiator@https://registry.npmjs.org/negotiator/-/negotiator-0.6.3.tgz. Extracting by manifest.
3755 silly tarball no local data for bytes@https://registry.npmjs.org/bytes/-/bytes-3.1.2.tgz. Extracting by manifest.
3756 silly tarball no local data for type-is@https://registry.npmjs.org/type-is/-/type-is-1.6.18.tgz. Extracting by manifest.
3757 silly tarball no local data for statuses@https://registry.npmjs.org/statuses/-/statuses-2.0.1.tgz. Extracting by manifest.
3758 silly tarball no local data for utils-merge@https://registry.npmjs.org/utils-merge/-/utils-merge-1.0.1.tgz. Extracting by manifest.
3759 silly tarball no local data for vary@https://registry.npmjs.org/vary/-/vary-1.1.2.tgz. Extracting by manifest.
3760 silly tarball no local data for setprototypeof@https://registry.npmjs.org/setprototypeof/-/setprototypeof-1.2.0.tgz. Extracting by manifest.
3761 silly tarball no local data for safe-buffer@https://registry.npmjs.org/safe-buffer/-/safe-buffer-5.2.1.tgz. Extracting by manifest.
3762 silly tarball no local data for serve-static@https://registry.npmjs.org/serve-static/-/serve-static-1.16.0.tgz. Extracting by manifest.
3763 silly tarball no local data for send@https://registry.npmjs.org/send/-/send-0.19.0.tgz. Extracting by manifest.
3764 silly tarball no local data for qs@https://registry.npmjs.org/qs/-/qs-6.11.0.tgz. Extracting by manifest.
3765 silly tarball no local data for parseurl@https://registry.npmjs.org/parseurl/-/parseurl-1.3.3.tgz. Extracting by manifest.
3766 silly tarball no local data for proxy-addr@https://registry.npmjs.org/proxy-addr/-/proxy-addr-2.0.7.tgz. Extracting by manifest.
3767 silly tarball no local data for path-to-regexp@https://registry.npmjs.org/path-to-regexp/-/path-to-regexp-0.1.10.tgz. Extracting by manifest.
3768 silly tarball no local data for range-parser@https://registry.npmjs.org/range-parser/-/range-parser-1.2.1.tgz. Extracting by manifest.
3769 silly tarball no local data for methods@https://registry.npmjs.org/methods/-/methods-1.1.2.tgz. Extracting by manifest.
3770 silly tarball no local data for fresh@https://registry.npmjs.org/fresh/-/fresh-0.5.2.tgz. Extracting by manifest.
3771 silly tarball no local data for on-finished@https://registry.npmjs.org/on-finished/-/on-finished-2.4.1.tgz. Extracting by manifest.
3772 silly tarball no local data for merge-descriptors@https://registry.npmjs.org/merge-descriptors/-/merge-descriptors-1.0.3.tgz. Extracting by manifest.
3773 silly tarball no local data for http-errors@https://registry.npmjs.org/http-errors/-/http-errors-2.0.0.tgz. Extracting by manifest.
3774 silly tarball no local data for finalhandler@https://registry.npmjs.org/finalhandler/-/finalhandler-1.2.0.tgz. Extracting by manifest.
3775 silly tarball no local data for etag@https://registry.npmjs.org/etag/-/etag-1.8.1.tgz. Extracting by manifest.
3776 silly tarball no local data for depd@https://registry.npmjs.org/depd/-/depd-2.0.0.tgz. Extracting by manifest.
3777 silly tarball no local data for cookie-signature@https://registry.npmjs.org/cookie-signature/-/cookie-signature-1.0.6.tgz. Extracting by manifest.
3778 silly tarball no local data for body-parser@https://registry.npmjs.org/body-parser/-/body-parser-1.20.3.tgz. Extracting by manifest.
3779 silly tarball no local data for content-type@https://registry.npmjs.org/content-type/-/content-type-1.0.5.tgz. Extracting by manifest.
3780 silly tarball no local data for escape-html@https://registry.npmjs.org/escape-html/-/escape-html-1.0.3.tgz. Extracting by manifest.
3781 silly tarball no local data for array-flatten@https://registry.npmjs.org/array-flatten/-/array-flatten-1.1.1.tgz. Extracting by manifest.
3782 silly tarball no local data for cookie@https://registry.npmjs.org/cookie/-/cookie-0.6.0.tgz. Extracting by manifest.
3783 silly tarball no local data for content-disposition@https://registry.npmjs.org/content-disposition/-/content-disposition-0.5.4.tgz. Extracting by manifest.
3784 silly tarball no local data for accepts@https://registry.npmjs.org/accepts/-/accepts-1.3.8.tgz. Extracting by manifest.
3785 silly tarball no local data for ms@https://registry.npmjs.org/ms/-/ms-2.1.3.tgz. Extracting by manifest.
3786 silly tarball no local data for @esbuild/win32-x64@https://registry.npmjs.org/@esbuild/win32-x64/-/win32-x64-0.20.2.tgz. Extracting by manifest.
3787 silly tarball no local data for color-name@https://registry.npmjs.org/color-name/-/color-name-1.1.3.tgz. Extracting by manifest.
3788 silly tarball no local data for normalize-path@https://registry.npmjs.org/normalize-path/-/normalize-path-3.0.0.tgz. Extracting by manifest.
3789 silly tarball no local data for readdirp@https://registry.npmjs.org/readdirp/-/readdirp-3.6.0.tgz. Extracting by manifest.
3790 silly tarball no local data for is-glob@https://registry.npmjs.org/is-glob/-/is-glob-4.0.3.tgz. Extracting by manifest.
3791 silly tarball no local data for encodeurl@https://registry.npmjs.org/encodeurl/-/encodeurl-2.0.0.tgz. Extracting by manifest.
3792 silly tarball no local data for fill-range@https://registry.npmjs.org/fill-range/-/fill-range-7.1.1.tgz. Extracting by manifest.
3793 silly tarball no local data for braces@https://registry.npmjs.org/braces/-/braces-3.0.3.tgz. Extracting by manifest.
3794 silly tarball no local data for is-binary-path@https://registry.npmjs.org/is-binary-path/-/is-binary-path-2.1.0.tgz. Extracting by manifest.
3795 silly tarball no local data for anymatch@https://registry.npmjs.org/anymatch/-/anymatch-3.1.3.tgz. Extracting by manifest.
3796 silly tarball no local data for color-convert@https://registry.npmjs.org/color-convert/-/color-convert-1.9.3.tgz. Extracting by manifest.
3797 silly tarball no local data for glob-parent@https://registry.npmjs.org/glob-parent/-/glob-parent-5.1.2.tgz. Extracting by manifest.
3798 silly tarball no local data for supports-color@https://registry.npmjs.org/supports-color/-/supports-color-5.5.0.tgz. Extracting by manifest.
3799 silly tarball no local data for escape-string-regexp@https://registry.npmjs.org/escape-string-regexp/-/escape-string-regexp-1.0.5.tgz. Extracting by manifest.
3800 silly tarball no local data for ansi-styles@https://registry.npmjs.org/ansi-styles/-/ansi-styles-3.2.1.tgz. Extracting by manifest.
3801 silly tarball no local data for node-releases@https://registry.npmjs.org/node-releases/-/node-releases-2.0.36.tgz. Extracting by manifest.
3802 silly tarball no local data for meow@https://registry.npmjs.org/meow/-/meow-13.2.0.tgz. Extracting by manifest.
3803 silly tarball no local data for baseline-browser-mapping@https://registry.npmjs.org/baseline-browser-mapping/-/baseline-browser-mapping-2.10.8.tgz. Extracting by manifest.
3804 silly tarball no local data for electron-to-chromium@https://registry.npmjs.org/electron-to-chromium/-/electron-to-chromium-1.5.313.tgz. Extracting by manifest.
3805 silly tarball no local data for update-browserslist-db@https://registry.npmjs.org/update-browserslist-db/-/update-browserslist-db-1.2.3.tgz. Extracting by manifest.
3806 silly tarball no local data for lodash.debounce@https://registry.npmjs.org/lodash.debounce/-/lodash.debounce-4.0.8.tgz. Extracting by manifest.
3807 silly tarball no local data for @babel/helper-define-polyfill-provider@https://registry.npmjs.org/@babel/helper-define-polyfill-provider/-/helper-define-polyfill-provider-0.6.8.tgz. Extracting by manifest.
3808 silly tarball no local data for postcss-value-parser@https://registry.npmjs.org/postcss-value-parser/-/postcss-value-parser-4.2.0.tgz. Extracting by manifest.
3809 silly tarball no local data for normalize-range@https://registry.npmjs.org/normalize-range/-/normalize-range-0.1.2.tgz. Extracting by manifest.
3810 silly tarball no local data for fraction.js@https://registry.npmjs.org/fraction.js/-/fraction.js-4.3.7.tgz. Extracting by manifest.
3811 silly tarball no local data for caniuse-lite@https://registry.npmjs.org/caniuse-lite/-/caniuse-lite-1.0.30001780.tgz. Extracting by manifest.
3812 silly tarball no local data for @vue/babel-plugin-resolve-type@https://registry.npmjs.org/@vue/babel-plugin-resolve-type/-/babel-plugin-resolve-type-1.5.0.tgz. Extracting by manifest.
3813 silly tarball no local data for @vue/babel-helper-vue-transform-on@https://registry.npmjs.org/@vue/babel-helper-vue-transform-on/-/babel-helper-vue-transform-on-1.5.0.tgz. Extracting by manifest.
3814 silly tarball no local data for @babel/plugin-syntax-jsx@https://registry.npmjs.org/@babel/plugin-syntax-jsx/-/plugin-syntax-jsx-7.28.6.tgz. Extracting by manifest.
3815 silly tarball no local data for @babel/helper-remap-async-to-generator@https://registry.npmjs.org/@babel/helper-remap-async-to-generator/-/helper-remap-async-to-generator-7.27.1.tgz. Extracting by manifest.
3816 silly tarball no local data for @vue/babel-plugin-jsx@https://registry.npmjs.org/@vue/babel-plugin-jsx/-/babel-plugin-jsx-1.5.0.tgz. Extracting by manifest.
3817 silly tarball no local data for esutils@https://registry.npmjs.org/esutils/-/esutils-2.0.3.tgz. Extracting by manifest.
3818 silly tarball no local data for regexpu-core@https://registry.npmjs.org/regexpu-core/-/regexpu-core-6.4.0.tgz. Extracting by manifest.
3819 silly tarball no local data for @babel/helper-wrap-function@https://registry.npmjs.org/@babel/helper-wrap-function/-/helper-wrap-function-7.28.6.tgz. Extracting by manifest.
3820 silly tarball no local data for babel-plugin-polyfill-regenerator@https://registry.npmjs.org/babel-plugin-polyfill-regenerator/-/babel-plugin-polyfill-regenerator-0.6.8.tgz. Extracting by manifest.
3821 silly tarball no local data for @babel/helper-create-regexp-features-plugin@https://registry.npmjs.org/@babel/helper-create-regexp-features-plugin/-/helper-create-regexp-features-plugin-7.28.5.tgz. Extracting by manifest.
3822 silly tarball no local data for core-js-compat@https://registry.npmjs.org/core-js-compat/-/core-js-compat-3.49.0.tgz. Extracting by manifest.
3823 silly tarball no local data for babel-plugin-polyfill-corejs2@https://registry.npmjs.org/babel-plugin-polyfill-corejs2/-/babel-plugin-polyfill-corejs2-0.4.17.tgz. Extracting by manifest.
3824 silly tarball no local data for babel-plugin-polyfill-corejs3@https://registry.npmjs.org/babel-plugin-polyfill-corejs3/-/babel-plugin-polyfill-corejs3-0.14.2.tgz. Extracting by manifest.
3825 silly tarball no local data for @babel/plugin-transform-unicode-sets-regex@https://registry.npmjs.org/@babel/plugin-transform-unicode-sets-regex/-/plugin-transform-unicode-sets-regex-7.28.6.tgz. Extracting by manifest.
3826 silly tarball no local data for @babel/plugin-transform-unicode-regex@https://registry.npmjs.org/@babel/plugin-transform-unicode-regex/-/plugin-transform-unicode-regex-7.27.1.tgz. Extracting by manifest.
3827 silly tarball no local data for @babel/plugin-transform-unicode-escapes@https://registry.npmjs.org/@babel/plugin-transform-unicode-escapes/-/plugin-transform-unicode-escapes-7.27.1.tgz. Extracting by manifest.
3828 silly tarball no local data for @babel/plugin-transform-template-literals@https://registry.npmjs.org/@babel/plugin-transform-template-literals/-/plugin-transform-template-literals-7.27.1.tgz. Extracting by manifest.
3829 silly tarball no local data for @babel/preset-modules@https://registry.npmjs.org/@babel/preset-modules/-/preset-modules-0.1.6-no-external-plugins.tgz. Extracting by manifest.
3830 silly tarball no local data for @babel/plugin-transform-unicode-property-regex@https://registry.npmjs.org/@babel/plugin-transform-unicode-property-regex/-/plugin-transform-unicode-property-regex-7.28.6.tgz. Extracting by manifest.
3831 silly tarball no local data for @babel/plugin-transform-typeof-symbol@https://registry.npmjs.org/@babel/plugin-transform-typeof-symbol/-/plugin-transform-typeof-symbol-7.27.1.tgz. Extracting by manifest.
3832 silly tarball no local data for @babel/plugin-transform-sticky-regex@https://registry.npmjs.org/@babel/plugin-transform-sticky-regex/-/plugin-transform-sticky-regex-7.27.1.tgz. Extracting by manifest.
3833 silly tarball no local data for @babel/plugin-transform-spread@https://registry.npmjs.org/@babel/plugin-transform-spread/-/plugin-transform-spread-7.28.6.tgz. Extracting by manifest.
3834 silly tarball no local data for @babel/plugin-transform-shorthand-properties@https://registry.npmjs.org/@babel/plugin-transform-shorthand-properties/-/plugin-transform-shorthand-properties-7.27.1.tgz. Extracting by manifest.
3835 silly tarball no local data for @babel/plugin-transform-reserved-words@https://registry.npmjs.org/@babel/plugin-transform-reserved-words/-/plugin-transform-reserved-words-7.27.1.tgz. Extracting by manifest.
3836 silly tarball no local data for @babel/plugin-transform-regexp-modifiers@https://registry.npmjs.org/@babel/plugin-transform-regexp-modifiers/-/plugin-transform-regexp-modifiers-7.28.6.tgz. Extracting by manifest.
3837 silly tarball no local data for @babel/plugin-transform-private-property-in-object@https://registry.npmjs.org/@babel/plugin-transform-private-property-in-object/-/plugin-transform-private-property-in-object-7.28.6.tgz. Extracting by manifest.
3838 silly tarball no local data for @babel/plugin-transform-private-methods@https://registry.npmjs.org/@babel/plugin-transform-private-methods/-/plugin-transform-private-methods-7.28.6.tgz. Extracting by manifest.
3839 silly tarball no local data for @babel/plugin-transform-parameters@https://registry.npmjs.org/@babel/plugin-transform-parameters/-/plugin-transform-parameters-7.27.7.tgz. Extracting by manifest.
3840 silly tarball no local data for @babel/plugin-transform-regenerator@https://registry.npmjs.org/@babel/plugin-transform-regenerator/-/plugin-transform-regenerator-7.29.0.tgz. Extracting by manifest.
3841 silly tarball no local data for @babel/plugin-transform-optional-catch-binding@https://registry.npmjs.org/@babel/plugin-transform-optional-catch-binding/-/plugin-transform-optional-catch-binding-7.28.6.tgz. Extracting by manifest.
3842 silly tarball no local data for @babel/plugin-transform-object-super@https://registry.npmjs.org/@babel/plugin-transform-object-super/-/plugin-transform-object-super-7.27.1.tgz. Extracting by manifest.
3843 silly tarball no local data for @babel/plugin-transform-optional-chaining@https://registry.npmjs.org/@babel/plugin-transform-optional-chaining/-/plugin-transform-optional-chaining-7.28.6.tgz. Extracting by manifest.
3844 silly tarball no local data for @babel/plugin-transform-numeric-separator@https://registry.npmjs.org/@babel/plugin-transform-numeric-separator/-/plugin-transform-numeric-separator-7.28.6.tgz. Extracting by manifest.
3845 silly tarball no local data for @babel/plugin-transform-nullish-coalescing-operator@https://registry.npmjs.org/@babel/plugin-transform-nullish-coalescing-operator/-/plugin-transform-nullish-coalescing-operator-7.28.6.tgz. Extracting by manifest.
3846 silly tarball no local data for @babel/plugin-transform-property-literals@https://registry.npmjs.org/@babel/plugin-transform-property-literals/-/plugin-transform-property-literals-7.27.1.tgz. Extracting by manifest.
3847 silly tarball no local data for @babel/plugin-transform-object-rest-spread@https://registry.npmjs.org/@babel/plugin-transform-object-rest-spread/-/plugin-transform-object-rest-spread-7.28.6.tgz. Extracting by manifest.
3848 silly tarball no local data for @babel/plugin-transform-new-target@https://registry.npmjs.org/@babel/plugin-transform-new-target/-/plugin-transform-new-target-7.27.1.tgz. Extracting by manifest.
3849 silly tarball no local data for @babel/plugin-transform-modules-umd@https://registry.npmjs.org/@babel/plugin-transform-modules-umd/-/plugin-transform-modules-umd-7.27.1.tgz. Extracting by manifest.
3850 silly tarball no local data for @babel/plugin-transform-named-capturing-groups-regex@https://registry.npmjs.org/@babel/plugin-transform-named-capturing-groups-regex/-/plugin-transform-named-capturing-groups-regex-7.29.0.tgz. Extracting by manifest.
3851 silly tarball no local data for @babel/plugin-transform-modules-systemjs@https://registry.npmjs.org/@babel/plugin-transform-modules-systemjs/-/plugin-transform-modules-systemjs-7.29.0.tgz. Extracting by manifest.
3852 silly tarball no local data for @babel/plugin-transform-modules-commonjs@https://registry.npmjs.org/@babel/plugin-transform-modules-commonjs/-/plugin-transform-modules-commonjs-7.28.6.tgz. Extracting by manifest.
3853 silly tarball no local data for @babel/plugin-transform-modules-amd@https://registry.npmjs.org/@babel/plugin-transform-modules-amd/-/plugin-transform-modules-amd-7.27.1.tgz. Extracting by manifest.
3854 silly tarball no local data for @babel/plugin-transform-literals@https://registry.npmjs.org/@babel/plugin-transform-literals/-/plugin-transform-literals-7.27.1.tgz. Extracting by manifest.
3855 silly tarball no local data for @babel/plugin-transform-json-strings@https://registry.npmjs.org/@babel/plugin-transform-json-strings/-/plugin-transform-json-strings-7.28.6.tgz. Extracting by manifest.
3856 silly tarball no local data for @babel/plugin-transform-logical-assignment-operators@https://registry.npmjs.org/@babel/plugin-transform-logical-assignment-operators/-/plugin-transform-logical-assignment-operators-7.28.6.tgz. Extracting by manifest.
3857 silly tarball no local data for @babel/plugin-transform-function-name@https://registry.npmjs.org/@babel/plugin-transform-function-name/-/plugin-transform-function-name-7.27.1.tgz. Extracting by manifest.
3858 silly tarball no local data for @babel/plugin-transform-member-expression-literals@https://registry.npmjs.org/@babel/plugin-transform-member-expression-literals/-/plugin-transform-member-expression-literals-7.27.1.tgz. Extracting by manifest.
3859 silly tarball no local data for @babel/plugin-transform-export-namespace-from@https://registry.npmjs.org/@babel/plugin-transform-export-namespace-from/-/plugin-transform-export-namespace-from-7.27.1.tgz. Extracting by manifest.
3860 silly tarball no local data for @babel/plugin-transform-exponentiation-operator@https://registry.npmjs.org/@babel/plugin-transform-exponentiation-operator/-/plugin-transform-exponentiation-operator-7.28.6.tgz. Extracting by manifest.
3861 silly tarball no local data for @babel/plugin-transform-for-of@https://registry.npmjs.org/@babel/plugin-transform-for-of/-/plugin-transform-for-of-7.27.1.tgz. Extracting by manifest.
3862 silly tarball no local data for @babel/plugin-transform-explicit-resource-management@https://registry.npmjs.org/@babel/plugin-transform-explicit-resource-management/-/plugin-transform-explicit-resource-management-7.28.6.tgz. Extracting by manifest.
3863 silly tarball no local data for @babel/plugin-transform-dynamic-import@https://registry.npmjs.org/@babel/plugin-transform-dynamic-import/-/plugin-transform-dynamic-import-7.27.1.tgz. Extracting by manifest.
3864 silly tarball no local data for @babel/plugin-transform-dotall-regex@https://registry.npmjs.org/@babel/plugin-transform-dotall-regex/-/plugin-transform-dotall-regex-7.28.6.tgz. Extracting by manifest.
3865 silly tarball no local data for @babel/plugin-transform-destructuring@https://registry.npmjs.org/@babel/plugin-transform-destructuring/-/plugin-transform-destructuring-7.28.5.tgz. Extracting by manifest.
3866 silly tarball no local data for @babel/plugin-transform-duplicate-named-capturing-groups-regex@https://registry.npmjs.org/@babel/plugin-transform-duplicate-named-capturing-groups-regex/-/plugin-transform-duplicate-named-capturing-groups-regex-7.29.0.tgz. Extracting by manifest.
3867 silly tarball no local data for @babel/plugin-transform-duplicate-keys@https://registry.npmjs.org/@babel/plugin-transform-duplicate-keys/-/plugin-transform-duplicate-keys-7.27.1.tgz. Extracting by manifest.
3868 silly tarball no local data for @babel/plugin-transform-classes@https://registry.npmjs.org/@babel/plugin-transform-classes/-/plugin-transform-classes-7.28.6.tgz. Extracting by manifest.
3869 silly tarball no local data for @babel/plugin-transform-computed-properties@https://registry.npmjs.org/@babel/plugin-transform-computed-properties/-/plugin-transform-computed-properties-7.28.6.tgz. Extracting by manifest.
3870 silly tarball no local data for @babel/plugin-transform-class-properties@https://registry.npmjs.org/@babel/plugin-transform-class-properties/-/plugin-transform-class-properties-7.28.6.tgz. Extracting by manifest.
3871 silly tarball no local data for @babel/plugin-transform-class-static-block@https://registry.npmjs.org/@babel/plugin-transform-class-static-block/-/plugin-transform-class-static-block-7.28.6.tgz. Extracting by manifest.
3872 silly tarball no local data for @babel/plugin-transform-block-scoping@https://registry.npmjs.org/@babel/plugin-transform-block-scoping/-/plugin-transform-block-scoping-7.28.6.tgz. Extracting by manifest.
3873 silly tarball no local data for @babel/plugin-transform-async-to-generator@https://registry.npmjs.org/@babel/plugin-transform-async-to-generator/-/plugin-transform-async-to-generator-7.28.6.tgz. Extracting by manifest.
3874 silly tarball no local data for @babel/plugin-transform-async-generator-functions@https://registry.npmjs.org/@babel/plugin-transform-async-generator-functions/-/plugin-transform-async-generator-functions-7.29.0.tgz. Extracting by manifest.
3875 silly tarball no local data for @babel/plugin-transform-block-scoped-functions@https://registry.npmjs.org/@babel/plugin-transform-block-scoped-functions/-/plugin-transform-block-scoped-functions-7.27.1.tgz. Extracting by manifest.
3876 silly tarball no local data for @babel/plugin-transform-arrow-functions@https://registry.npmjs.org/@babel/plugin-transform-arrow-functions/-/plugin-transform-arrow-functions-7.27.1.tgz. Extracting by manifest.
3877 silly tarball no local data for @babel/plugin-syntax-import-assertions@https://registry.npmjs.org/@babel/plugin-syntax-import-assertions/-/plugin-syntax-import-assertions-7.28.6.tgz. Extracting by manifest.
3878 silly tarball no local data for @babel/plugin-syntax-import-attributes@https://registry.npmjs.org/@babel/plugin-syntax-import-attributes/-/plugin-syntax-import-attributes-7.28.6.tgz. Extracting by manifest.
3879 silly tarball no local data for @babel/plugin-proposal-private-property-in-object@https://registry.npmjs.org/@babel/plugin-proposal-private-property-in-object/-/plugin-proposal-private-property-in-object-7.21.0-placeholder-for-preset-env.2.tgz. Extracting by manifest.
3880 silly tarball no local data for @babel/plugin-bugfix-v8-static-class-fields-redefine-readonly@https://registry.npmjs.org/@babel/plugin-bugfix-v8-static-class-fields-redefine-readonly/-/plugin-bugfix-v8-static-class-fields-redefine-readonly-7.28.6.tgz. Extracting by manifest.
3881 silly tarball no local data for @babel/plugin-syntax-unicode-sets-regex@https://registry.npmjs.org/@babel/plugin-syntax-unicode-sets-regex/-/plugin-syntax-unicode-sets-regex-7.18.6.tgz. Extracting by manifest.
3882 silly tarball no local data for @babel/plugin-bugfix-v8-spread-parameters-in-optional-chaining@https://registry.npmjs.org/@babel/plugin-bugfix-v8-spread-parameters-in-optional-chaining/-/plugin-bugfix-v8-spread-parameters-in-optional-chaining-7.27.1.tgz. Extracting by manifest.
3883 silly tarball no local data for @babel/plugin-bugfix-safari-class-field-initializer-scope@https://registry.npmjs.org/@babel/plugin-bugfix-safari-class-field-initializer-scope/-/plugin-bugfix-safari-class-field-initializer-scope-7.27.1.tgz. Extracting by manifest.
3884 silly tarball no local data for @babel/plugin-bugfix-firefox-class-in-computed-class-key@https://registry.npmjs.org/@babel/plugin-bugfix-firefox-class-in-computed-class-key/-/plugin-bugfix-firefox-class-in-computed-class-key-7.28.5.tgz. Extracting by manifest.
3885 silly tarball no local data for systemjs@https://registry.npmjs.org/systemjs/-/systemjs-6.15.1.tgz. Extracting by manifest.
3886 silly tarball no local data for @babel/plugin-bugfix-safari-id-destructuring-collision-in-function-expression@https://registry.npmjs.org/@babel/plugin-bugfix-safari-id-destructuring-collision-in-function-expression/-/plugin-bugfix-safari-id-destructuring-collision-in-function-expression-7.27.1.tgz. Extracting by manifest.
3887 silly tarball no local data for core-js@https://registry.npmjs.org/core-js/-/core-js-3.49.0.tgz. Extracting by manifest.
3888 silly tarball no local data for regenerator-runtime@https://registry.npmjs.org/regenerator-runtime/-/regenerator-runtime-0.14.1.tgz. Extracting by manifest.
3889 silly tarball no local data for browserslist-to-esbuild@https://registry.npmjs.org/browserslist-to-esbuild/-/browserslist-to-esbuild-2.1.1.tgz. Extracting by manifest.
3890 silly tarball no local data for @babel/preset-env@https://registry.npmjs.org/@babel/preset-env/-/preset-env-7.29.2.tgz. Extracting by manifest.
3891 silly tarball no local data for picomatch@https://registry.npmjs.org/picomatch/-/picomatch-2.3.1.tgz. Extracting by manifest.
3892 silly tarball no local data for @types/estree@https://registry.npmjs.org/@types/estree/-/estree-1.0.8.tgz. Extracting by manifest.
3893 silly tarball no local data for @jridgewell/resolve-uri@https://registry.npmjs.org/@jridgewell/resolve-uri/-/resolve-uri-3.1.2.tgz. Extracting by manifest.
3894 silly tarball no local data for source-map@https://registry.npmjs.org/source-map/-/source-map-0.6.1.tgz. Extracting by manifest.
3895 silly tarball no local data for @jridgewell/sourcemap-codec@https://registry.npmjs.org/@jridgewell/sourcemap-codec/-/sourcemap-codec-1.5.5.tgz. Extracting by manifest.
3896 silly tarball no local data for @intlify/message-resolver@https://registry.npmjs.org/@intlify/message-resolver/-/message-resolver-9.1.9.tgz. Extracting by manifest.
3897 silly tarball no local data for @babel/helper-optimise-call-expression@https://registry.npmjs.org/@babel/helper-optimise-call-expression/-/helper-optimise-call-expression-7.27.1.tgz. Extracting by manifest.
3898 silly tarball no local data for @intlify/runtime@https://registry.npmjs.org/@intlify/runtime/-/runtime-9.1.9.tgz. Extracting by manifest.
3899 silly tarball no local data for @intlify/message-compiler@https://registry.npmjs.org/@intlify/message-compiler/-/message-compiler-9.1.9.tgz. Extracting by manifest.
3900 silly tarball no local data for @babel/plugin-syntax-typescript@https://registry.npmjs.org/@babel/plugin-syntax-typescript/-/plugin-syntax-typescript-7.28.6.tgz. Extracting by manifest.
3901 silly tarball no local data for @babel/helper-replace-supers@https://registry.npmjs.org/@babel/helper-replace-supers/-/helper-replace-supers-7.28.6.tgz. Extracting by manifest.
3902 silly tarball no local data for @intlify/devtools-if@https://registry.npmjs.org/@intlify/devtools-if/-/devtools-if-9.1.9.tgz. Extracting by manifest.
3903 silly tarball no local data for @babel/helper-member-expression-to-functions@https://registry.npmjs.org/@babel/helper-member-expression-to-functions/-/helper-member-expression-to-functions-7.28.5.tgz. Extracting by manifest.
3904 silly tarball no local data for express@https://registry.npmjs.org/express/-/express-4.20.0.tgz. Extracting by manifest.
3905 silly tarball no local data for @babel/helper-create-class-features-plugin@https://registry.npmjs.org/@babel/helper-create-class-features-plugin/-/helper-create-class-features-plugin-7.28.6.tgz. Extracting by manifest.
3906 silly tarball no local data for @babel/helper-skip-transparent-expression-wrappers@https://registry.npmjs.org/@babel/helper-skip-transparent-expression-wrappers/-/helper-skip-transparent-expression-wrappers-7.27.1.tgz. Extracting by manifest.
3907 silly tarball no local data for @babel/helper-annotate-as-pure@https://registry.npmjs.org/@babel/helper-annotate-as-pure/-/helper-annotate-as-pure-7.27.3.tgz. Extracting by manifest.
3908 silly tarball no local data for cac@https://registry.npmjs.org/cac/-/cac-6.7.9.tgz. Extracting by manifest.
3909 silly tarball no local data for @babel/helper-plugin-utils@https://registry.npmjs.org/@babel/helper-plugin-utils/-/helper-plugin-utils-7.28.6.tgz. Extracting by manifest.
3910 silly tarball no local data for @vitejs/plugin-vue-jsx@https://registry.npmjs.org/@vitejs/plugin-vue-jsx/-/plugin-vue-jsx-3.1.0.tgz. Extracting by manifest.
3911 silly tarball no local data for @vitejs/plugin-vue@https://registry.npmjs.org/@vitejs/plugin-vue/-/plugin-vue-5.2.4.tgz. Extracting by manifest.
3912 silly tarball no local data for terser@https://registry.npmjs.org/terser/-/terser-5.46.1.tgz. Extracting by manifest.
3913 silly tarball no local data for @vitejs/plugin-legacy@https://registry.npmjs.org/@vitejs/plugin-legacy/-/plugin-legacy-5.3.2.tgz. Extracting by manifest.
3914 silly tarball no local data for parse-css-font@https://registry.npmjs.org/parse-css-font/-/parse-css-font-4.0.0.tgz. Extracting by manifest.
3915 silly tarball no local data for @babel/plugin-syntax-import-meta@https://registry.npmjs.org/@babel/plugin-syntax-import-meta/-/plugin-syntax-import-meta-7.10.4.tgz. Extracting by manifest.
3916 silly tarball no local data for qrcode-terminal@https://registry.npmjs.org/qrcode-terminal/-/qrcode-terminal-0.12.0.tgz. Extracting by manifest.
3917 silly tarball no local data for @babel/plugin-transform-typescript@https://registry.npmjs.org/@babel/plugin-transform-typescript/-/plugin-transform-typescript-7.28.6.tgz. Extracting by manifest.
3918 silly tarball no local data for licia@https://registry.npmjs.org/licia/-/licia-1.41.1.tgz. Extracting by manifest.
3919 silly tarball no local data for ws@https://registry.npmjs.org/ws/-/ws-8.18.0.tgz. Extracting by manifest.
3920 silly tarball no local data for qrcode-reader@https://registry.npmjs.org/qrcode-reader/-/qrcode-reader-1.0.4.tgz. Extracting by manifest.
3921 silly tarball no local data for @dcloudio/uni-mp-vue@https://registry.npmjs.org/@dcloudio/uni-mp-vue/-/uni-mp-vue-3.0.0-5000320260312001.tgz. Extracting by manifest.
3922 silly tarball no local data for @dcloudio/uni-mp-vite@https://registry.npmjs.org/@dcloudio/uni-mp-vite/-/uni-mp-vite-3.0.0-5000320260312001.tgz. Extracting by manifest.
3923 silly tarball no local data for vue-router@https://registry.npmjs.org/vue-router/-/vue-router-4.4.4.tgz. Extracting by manifest.
3924 silly tarball no local data for xmlhttprequest@https://registry.npmjs.org/xmlhttprequest/-/xmlhttprequest-1.8.0.tgz. Extracting by manifest.
3925 silly tarball no local data for jimp@https://registry.npmjs.org/jimp/-/jimp-0.10.3.tgz. Extracting by manifest.
3926 silly tarball no local data for safe-area-insets@https://registry.npmjs.org/safe-area-insets/-/safe-area-insets-1.4.1.tgz. Extracting by manifest.
3927 silly tarball no local data for @dcloudio/uni-h5-vite@https://registry.npmjs.org/@dcloudio/uni-h5-vite/-/uni-h5-vite-3.0.0-5000320260312001.tgz. Extracting by manifest.
3928 silly tarball no local data for @dcloudio/uni-h5-vue@https://registry.npmjs.org/@dcloudio/uni-h5-vue/-/uni-h5-vue-3.0.0-5000320260312001.tgz. Extracting by manifest.
3929 silly tarball no local data for localstorage-polyfill@https://registry.npmjs.org/localstorage-polyfill/-/localstorage-polyfill-1.0.1.tgz. Extracting by manifest.
3930 silly tarball no local data for to-fast-properties@https://registry.npmjs.org/to-fast-properties/-/to-fast-properties-2.0.0.tgz. Extracting by manifest.
3931 silly tarball no local data for @dcloudio/uni-mp-compiler@https://registry.npmjs.org/@dcloudio/uni-mp-compiler/-/uni-mp-compiler-3.0.0-5000320260312001.tgz. Extracting by manifest.
3932 silly tarball no local data for @babel/helper-globals@https://registry.npmjs.org/@babel/helper-globals/-/helper-globals-7.28.0.tgz. Extracting by manifest.
3933 silly tarball no local data for @babel/helper-string-parser@https://registry.npmjs.org/@babel/helper-string-parser/-/helper-string-parser-7.27.1.tgz. Extracting by manifest.
3934 silly tarball no local data for js-tokens@https://registry.npmjs.org/js-tokens/-/js-tokens-4.0.0.tgz. Extracting by manifest.
3935 silly tarball no local data for lru-cache@https://registry.npmjs.org/lru-cache/-/lru-cache-5.1.1.tgz. Extracting by manifest.
3936 silly tarball no local data for chalk@https://registry.npmjs.org/chalk/-/chalk-2.4.2.tgz. Extracting by manifest.
3937 silly tarball no local data for @babel/helper-validator-identifier@https://registry.npmjs.org/@babel/helper-validator-identifier/-/helper-validator-identifier-7.28.5.tgz. Extracting by manifest.
3938 silly tarball no local data for browserslist@https://registry.npmjs.org/browserslist/-/browserslist-4.28.1.tgz. Extracting by manifest.
3939 silly tarball no local data for @babel/helper-module-imports@https://registry.npmjs.org/@babel/helper-module-imports/-/helper-module-imports-7.28.6.tgz. Extracting by manifest.
3940 silly tarball no local data for @babel/compat-data@https://registry.npmjs.org/@babel/compat-data/-/compat-data-7.29.0.tgz. Extracting by manifest.
3941 silly tarball no local data for @babel/helper-validator-option@https://registry.npmjs.org/@babel/helper-validator-option/-/helper-validator-option-7.27.1.tgz. Extracting by manifest.
3942 silly tarball no local data for jsesc@https://registry.npmjs.org/jsesc/-/jsesc-3.1.0.tgz. Extracting by manifest.
3943 silly tarball no local data for semver@https://registry.npmjs.org/semver/-/semver-6.3.1.tgz. Extracting by manifest.
3944 silly tarball no local data for json5@https://registry.npmjs.org/json5/-/json5-2.2.3.tgz. Extracting by manifest.
3945 silly tarball no local data for gensync@https://registry.npmjs.org/gensync/-/gensync-1.0.0-beta.2.tgz. Extracting by manifest.
3946 silly tarball no local data for convert-source-map@https://registry.npmjs.org/convert-source-map/-/convert-source-map-2.0.0.tgz. Extracting by manifest.
3947 silly tarball no local data for @babel/helper-module-transforms@https://registry.npmjs.org/@babel/helper-module-transforms/-/helper-module-transforms-7.28.6.tgz. Extracting by manifest.
3948 silly tarball no local data for @babel/traverse@https://registry.npmjs.org/@babel/traverse/-/traverse-7.29.0.tgz. Extracting by manifest.
3949 silly tarball no local data for @babel/helpers@https://registry.npmjs.org/@babel/helpers/-/helpers-7.29.2.tgz. Extracting by manifest.
3950 silly tarball no local data for @babel/template@https://registry.npmjs.org/@babel/template/-/template-7.28.6.tgz. Extracting by manifest.
3951 silly tarball no local data for @babel/helper-compilation-targets@https://registry.npmjs.org/@babel/helper-compilation-targets/-/helper-compilation-targets-7.28.6.tgz. Extracting by manifest.
3952 silly tarball no local data for @babel/generator@https://registry.npmjs.org/@babel/generator/-/generator-7.29.1.tgz. Extracting by manifest.
3953 silly tarball no local data for @babel/highlight@https://registry.npmjs.org/@babel/highlight/-/highlight-7.25.9.tgz. Extracting by manifest.
3954 silly tarball no local data for @jridgewell/trace-mapping@https://registry.npmjs.org/@jridgewell/trace-mapping/-/trace-mapping-0.3.31.tgz. Extracting by manifest.
3955 silly tarball no local data for unimport@https://registry.npmjs.org/unimport/-/unimport-4.1.1.tgz. Extracting by manifest.
3956 silly tarball no local data for xregexp@https://registry.npmjs.org/xregexp/-/xregexp-5.1.2.tgz. Extracting by manifest.
3957 silly tarball no local data for @jridgewell/gen-mapping@https://registry.npmjs.org/@jridgewell/gen-mapping/-/gen-mapping-0.3.13.tgz. Extracting by manifest.
3958 silly tarball no local data for source-map-js@https://registry.npmjs.org/source-map-js/-/source-map-js-1.2.1.tgz. Extracting by manifest.
3959 silly tarball no local data for tapable@https://registry.npmjs.org/tapable/-/tapable-2.3.0.tgz. Extracting by manifest.
3960 silly tarball no local data for postcss-selector-parser@https://registry.npmjs.org/postcss-selector-parser/-/postcss-selector-parser-6.1.2.tgz. Extracting by manifest.
3961 silly tarball no local data for resolve@https://registry.npmjs.org/resolve/-/resolve-1.22.8.tgz. Extracting by manifest.
3962 silly tarball no local data for postcss-modules@https://registry.npmjs.org/postcss-modules/-/postcss-modules-4.3.1.tgz. Extracting by manifest.
3963 silly tarball no local data for tinycolor2@https://registry.npmjs.org/tinycolor2/-/tinycolor2-1.6.0.tgz. Extracting by manifest.
3964 silly tarball no local data for postcss-load-config@https://registry.npmjs.org/postcss-load-config/-/postcss-load-config-3.1.4.tgz. Extracting by manifest.
3965 silly tarball no local data for os-locale-s-fix@https://registry.npmjs.org/os-locale-s-fix/-/os-locale-s-fix-1.0.8-fix-1.tgz. Extracting by manifest.
3966 silly tarball no local data for postcss-import@https://registry.npmjs.org/postcss-import/-/postcss-import-14.1.0.tgz. Extracting by manifest.
3967 silly tarball no local data for module-alias@https://registry.npmjs.org/module-alias/-/module-alias-2.2.3.tgz. Extracting by manifest.
3968 silly tarball no local data for magic-string@https://registry.npmjs.org/magic-string/-/magic-string-0.30.11.tgz. Extracting by manifest.
3969 silly tarball no local data for picocolors@https://registry.npmjs.org/picocolors/-/picocolors-1.1.0.tgz. Extracting by manifest.
3970 silly tarball no local data for merge@https://registry.npmjs.org/merge/-/merge-2.1.1.tgz. Extracting by manifest.
3971 silly tarball no local data for mime@https://registry.npmjs.org/mime/-/mime-3.0.0.tgz. Extracting by manifest.
3972 silly tarball no local data for jsonc-parser@https://registry.npmjs.org/jsonc-parser/-/jsonc-parser-3.3.1.tgz. Extracting by manifest.
3973 silly tarball no local data for lines-and-columns@https://registry.npmjs.org/lines-and-columns/-/lines-and-columns-2.0.4.tgz. Extracting by manifest.
3974 silly tarball no local data for fs-extra@https://registry.npmjs.org/fs-extra/-/fs-extra-10.1.0.tgz. Extracting by manifest.
3975 silly tarball no local data for isbinaryfile@https://registry.npmjs.org/isbinaryfile/-/isbinaryfile-5.0.2.tgz. Extracting by manifest.
3976 silly tarball no local data for hash-sum@https://registry.npmjs.org/hash-sum/-/hash-sum-2.0.0.tgz. Extracting by manifest.
3977 silly tarball no local data for estree-walker@https://registry.npmjs.org/estree-walker/-/estree-walker-2.0.2.tgz. Extracting by manifest.
3978 silly tarball no local data for esbuild@https://registry.npmjs.org/esbuild/-/esbuild-0.20.2.tgz. Extracting by manifest.
3979 silly tarball no local data for entities@https://registry.npmjs.org/entities/-/entities-7.0.1.tgz. Extracting by manifest.
3980 silly tarball no local data for es-module-lexer@https://registry.npmjs.org/es-module-lexer/-/es-module-lexer-1.5.4.tgz. Extracting by manifest.
3981 silly tarball no local data for debug@https://registry.npmjs.org/debug/-/debug-4.3.7.tgz. Extracting by manifest.
3982 silly tarball no local data for compare-versions@https://registry.npmjs.org/compare-versions/-/compare-versions-3.6.0.tgz. Extracting by manifest.
3983 silly tarball no local data for adm-zip@https://registry.npmjs.org/adm-zip/-/adm-zip-0.5.16.tgz. Extracting by manifest.
3984 silly tarball no local data for chokidar@https://registry.npmjs.org/chokidar/-/chokidar-3.6.0.tgz. Extracting by manifest.
3985 silly tarball no local data for base64url@https://registry.npmjs.org/base64url/-/base64url-3.0.1.tgz. Extracting by manifest.
3986 silly tarball no local data for postcss@https://registry.npmjs.org/postcss/-/postcss-8.5.8.tgz. Extracting by manifest.
3987 silly tarball no local data for autoprefixer@https://registry.npmjs.org/autoprefixer/-/autoprefixer-10.4.20.tgz. Extracting by manifest.
3988 silly tarball no local data for @vue/server-renderer@https://registry.npmjs.org/@vue/server-renderer/-/server-renderer-3.4.21.tgz. Extracting by manifest.
3989 silly tarball no local data for @vue/compiler-core@https://registry.npmjs.org/@vue/compiler-core/-/compiler-core-3.4.21.tgz. Extracting by manifest.
3990 silly tarball no local data for @vue/compiler-sfc@https://registry.npmjs.org/@vue/compiler-sfc/-/compiler-sfc-3.4.21.tgz. Extracting by manifest.
3991 silly tarball no local data for @vue/compiler-ssr@https://registry.npmjs.org/@vue/compiler-ssr/-/compiler-ssr-3.4.21.tgz. Extracting by manifest.
3992 silly tarball no local data for @rollup/pluginutils@https://registry.npmjs.org/@rollup/pluginutils/-/pluginutils-5.1.0.tgz. Extracting by manifest.
3993 silly tarball no local data for @intlify/vue-devtools@https://registry.npmjs.org/@intlify/vue-devtools/-/vue-devtools-9.1.9.tgz. Extracting by manifest.
3994 silly tarball no local data for @dcloudio/uni-nvue-styler@https://registry.npmjs.org/@dcloudio/uni-nvue-styler/-/uni-nvue-styler-3.0.0-5000320260312001.tgz. Extracting by manifest.
3995 silly tarball no local data for @intlify/shared@https://registry.npmjs.org/@intlify/shared/-/shared-9.1.9.tgz. Extracting by manifest.
3996 silly tarball no local data for @babel/types@https://registry.npmjs.org/@babel/types/-/types-7.25.6.tgz. Extracting by manifest.
3997 silly tarball no local data for @babel/code-frame@https://registry.npmjs.org/@babel/code-frame/-/code-frame-7.24.7.tgz. Extracting by manifest.
3998 silly tarball no local data for @ampproject/remapping@https://registry.npmjs.org/@ampproject/remapping/-/remapping-2.3.0.tgz. Extracting by manifest.
3999 silly tarball no local data for @babel/parser@https://registry.npmjs.org/@babel/parser/-/parser-7.25.6.tgz. Extracting by manifest.
4000 silly tarball no local data for @babel/core@https://registry.npmjs.org/@babel/core/-/core-7.25.2.tgz. Extracting by manifest.
4001 silly tarball no local data for @vue/shared@https://registry.npmjs.org/@vue/shared/-/shared-3.4.21.tgz. Extracting by manifest.
4002 silly tarball no local data for fast-glob@https://registry.npmjs.org/fast-glob/-/fast-glob-3.3.3.tgz. Extracting by manifest.
4003 silly tarball no local data for @dcloudio/uni-stat@https://registry.npmjs.org/@dcloudio/uni-stat/-/uni-stat-3.0.0-5000320260312001.tgz. Extracting by manifest.
4004 silly tarball no local data for @intlify/core-base@https://registry.npmjs.org/@intlify/core-base/-/core-base-9.1.9.tgz. Extracting by manifest.
4005 silly tarball no local data for @dcloudio/uni-shared@https://registry.npmjs.org/@dcloudio/uni-shared/-/uni-shared-3.0.0-5000320260312001.tgz. Extracting by manifest.
4006 silly tarball no local data for @dcloudio/uni-cli-shared@https://registry.npmjs.org/@dcloudio/uni-cli-shared/-/uni-cli-shared-3.0.0-5000320260312001.tgz. Extracting by manifest.
4007 silly tarball no local data for @dcloudio/uni-push@https://registry.npmjs.org/@dcloudio/uni-push/-/uni-push-3.0.0-5000320260312001.tgz. Extracting by manifest.
4008 silly tarball no local data for @dcloudio/uni-components@https://registry.npmjs.org/@dcloudio/uni-components/-/uni-components-3.0.0-5000320260312001.tgz. Extracting by manifest.
4009 silly tarball no local data for @dcloudio/uni-console@https://registry.npmjs.org/@dcloudio/uni-console/-/uni-console-3.0.0-5000320260312001.tgz. Extracting by manifest.
4010 silly tarball no local data for @vue/compiler-dom@https://registry.npmjs.org/@vue/compiler-dom/-/compiler-dom-3.4.21.tgz. Extracting by manifest.
4011 silly tarball no local data for @dcloudio/uni-i18n@https://registry.npmjs.org/@dcloudio/uni-i18n/-/uni-i18n-3.0.0-5000320260312001.tgz. Extracting by manifest.
4012 silly tarball no local data for @dcloudio/uni-cloud@https://registry.npmjs.org/@dcloudio/uni-cloud/-/uni-cloud-3.0.0-5000320260312001.tgz. Extracting by manifest.
4013 silly tarball no local data for vue@https://registry.npmjs.org/vue/-/vue-3.4.21.tgz. Extracting by manifest.
4014 silly tarball no local data for @vue/tsconfig@https://registry.npmjs.org/@vue/tsconfig/-/tsconfig-0.7.0.tgz. Extracting by manifest.
4015 silly tarball no local data for vite@https://registry.npmjs.org/vite/-/vite-5.2.8.tgz. Extracting by manifest.
4016 silly tarball no local data for @dcloudio/uni-mp-weixin@https://registry.npmjs.org/@dcloudio/uni-mp-weixin/-/uni-mp-weixin-3.0.0-5000320260312001.tgz. Extracting by manifest.
4017 silly tarball no local data for @dcloudio/uni-h5@https://registry.npmjs.org/@dcloudio/uni-h5/-/uni-h5-3.0.0-5000320260312001.tgz. Extracting by manifest.
4018 silly tarball no local data for @dcloudio/uni-app@https://registry.npmjs.org/@dcloudio/uni-app/-/uni-app-3.0.0-5000320260312001.tgz. Extracting by manifest.
4019 silly tarball no local data for @dcloudio/types@https://registry.npmjs.org/@dcloudio/types/-/types-3.4.28.tgz. Extracting by manifest.
4020 silly tarball no local data for @dcloudio/vite-plugin-uni@https://registry.npmjs.org/@dcloudio/vite-plugin-uni/-/vite-plugin-uni-3.0.0-5000320260312001.tgz. Extracting by manifest.
4021 silly tarball no local data for picomatch@https://registry.npmjs.org/picomatch/-/picomatch-4.0.3.tgz. Extracting by manifest.
4022 silly tarball no local data for picomatch@https://registry.npmjs.org/picomatch/-/picomatch-4.0.3.tgz. Extracting by manifest.
4023 silly tarball no local data for js-tokens@https://registry.npmjs.org/js-tokens/-/js-tokens-9.0.1.tgz. Extracting by manifest.
4024 silly tarball no local data for pkg-types@https://registry.npmjs.org/pkg-types/-/pkg-types-2.3.0.tgz. Extracting by manifest.
4025 silly tarball no local data for confbox@https://registry.npmjs.org/confbox/-/confbox-0.2.4.tgz. Extracting by manifest.
4026 silly tarball no local data for phin@https://registry.npmjs.org/phin/-/phin-3.7.1.tgz. Extracting by manifest.
4027 silly tarball no local data for mime@https://registry.npmjs.org/mime/-/mime-1.6.0.tgz. Extracting by manifest.
4028 silly tarball no local data for postcss-selector-parser@https://registry.npmjs.org/postcss-selector-parser/-/postcss-selector-parser-7.1.1.tgz. Extracting by manifest.
4029 silly tarball no local data for postcss-selector-parser@https://registry.npmjs.org/postcss-selector-parser/-/postcss-selector-parser-7.1.1.tgz. Extracting by manifest.
4030 silly tarball no local data for mime@https://registry.npmjs.org/mime/-/mime-1.6.0.tgz. Extracting by manifest.
4031 silly tarball no local data for debug@https://registry.npmjs.org/debug/-/debug-2.6.9.tgz. Extracting by manifest.
4032 silly tarball no local data for send@https://registry.npmjs.org/send/-/send-0.18.0.tgz. Extracting by manifest.
4033 silly tarball no local data for regenerator-runtime@https://registry.npmjs.org/regenerator-runtime/-/regenerator-runtime-0.13.11.tgz. Extracting by manifest.
4034 silly tarball no local data for encodeurl@https://registry.npmjs.org/encodeurl/-/encodeurl-1.0.2.tgz. Extracting by manifest.
4035 silly tarball no local data for ms@https://registry.npmjs.org/ms/-/ms-2.0.0.tgz. Extracting by manifest.
4036 silly tarball no local data for mime@https://registry.npmjs.org/mime/-/mime-1.6.0.tgz. Extracting by manifest.
4037 silly tarball no local data for debug@https://registry.npmjs.org/debug/-/debug-2.6.9.tgz. Extracting by manifest.
4038 silly tarball no local data for encodeurl@https://registry.npmjs.org/encodeurl/-/encodeurl-1.0.2.tgz. Extracting by manifest.
4039 silly tarball no local data for encodeurl@https://registry.npmjs.org/encodeurl/-/encodeurl-1.0.2.tgz. Extracting by manifest.
4040 silly tarball no local data for ms@https://registry.npmjs.org/ms/-/ms-2.0.0.tgz. Extracting by manifest.
4041 silly tarball no local data for ms@https://registry.npmjs.org/ms/-/ms-2.0.0.tgz. Extracting by manifest.
4042 silly tarball no local data for ms@https://registry.npmjs.org/ms/-/ms-2.0.0.tgz. Extracting by manifest.
4043 silly tarball no local data for qs@https://registry.npmjs.org/qs/-/qs-6.13.0.tgz. Extracting by manifest.
4044 silly tarball no local data for debug@https://registry.npmjs.org/debug/-/debug-2.6.9.tgz. Extracting by manifest.
4045 silly tarball no local data for debug@https://registry.npmjs.org/debug/-/debug-2.6.9.tgz. Extracting by manifest.
4046 silly tarball no local data for picocolors@https://registry.npmjs.org/picocolors/-/picocolors-1.1.1.tgz. Extracting by manifest.
4047 silly tarball no local data for resolve@https://registry.npmjs.org/resolve/-/resolve-1.22.11.tgz. Extracting by manifest.
4048 silly tarball no local data for debug@https://registry.npmjs.org/debug/-/debug-4.4.3.tgz. Extracting by manifest.
4049 silly tarball no local data for @vue/shared@https://registry.npmjs.org/@vue/shared/-/shared-3.5.30.tgz. Extracting by manifest.
4050 silly tarball no local data for magic-string@https://registry.npmjs.org/magic-string/-/magic-string-0.30.21.tgz. Extracting by manifest.
4051 silly tarball no local data for @vue/compiler-ssr@https://registry.npmjs.org/@vue/compiler-ssr/-/compiler-ssr-3.5.30.tgz. Extracting by manifest.
4052 silly tarball no local data for @vue/compiler-core@https://registry.npmjs.org/@vue/compiler-core/-/compiler-core-3.5.30.tgz. Extracting by manifest.
4053 silly tarball no local data for @babel/types@https://registry.npmjs.org/@babel/types/-/types-7.29.0.tgz. Extracting by manifest.
4054 silly tarball no local data for picocolors@https://registry.npmjs.org/picocolors/-/picocolors-1.1.1.tgz. Extracting by manifest.
4055 silly tarball no local data for @vue/compiler-sfc@https://registry.npmjs.org/@vue/compiler-sfc/-/compiler-sfc-3.5.30.tgz. Extracting by manifest.
4056 silly tarball no local data for @babel/parser@https://registry.npmjs.org/@babel/parser/-/parser-7.29.2.tgz. Extracting by manifest.
4057 silly tarball no local data for @babel/code-frame@https://registry.npmjs.org/@babel/code-frame/-/code-frame-7.29.0.tgz. Extracting by manifest.
4058 silly tarball no local data for @vue/compiler-dom@https://registry.npmjs.org/@vue/compiler-dom/-/compiler-dom-3.5.30.tgz. Extracting by manifest.
4059 silly tarball no local data for @babel/types@https://registry.npmjs.org/@babel/types/-/types-7.29.0.tgz. Extracting by manifest.
4060 silly tarball no local data for @babel/types@https://registry.npmjs.org/@babel/types/-/types-7.29.0.tgz. Extracting by manifest.
4061 silly tarball no local data for @vue/shared@https://registry.npmjs.org/@vue/shared/-/shared-3.5.30.tgz. Extracting by manifest.
4062 silly tarball no local data for @babel/types@https://registry.npmjs.org/@babel/types/-/types-7.29.0.tgz. Extracting by manifest.
4063 silly tarball no local data for debug@https://registry.npmjs.org/debug/-/debug-2.6.9.tgz. Extracting by manifest.
4064 silly tarball no local data for @babel/types@https://registry.npmjs.org/@babel/types/-/types-7.29.0.tgz. Extracting by manifest.
4065 silly tarball no local data for @babel/types@https://registry.npmjs.org/@babel/types/-/types-7.29.0.tgz. Extracting by manifest.
4066 silly tarball no local data for @babel/types@https://registry.npmjs.org/@babel/types/-/types-7.29.0.tgz. Extracting by manifest.
4067 silly tarball no local data for jsesc@https://registry.npmjs.org/jsesc/-/jsesc-2.5.2.tgz. Extracting by manifest.
4068 silly tarball no local data for ms@https://registry.npmjs.org/ms/-/ms-2.0.0.tgz. Extracting by manifest.
4069 silly tarball no local data for regenerator-runtime@https://registry.npmjs.org/regenerator-runtime/-/regenerator-runtime-0.13.11.tgz. Extracting by manifest.
4070 silly tarball no local data for @babel/generator@https://registry.npmjs.org/@babel/generator/-/generator-7.25.6.tgz. Extracting by manifest.
4071 silly tarball no local data for @babel/types@https://registry.npmjs.org/@babel/types/-/types-7.29.0.tgz. Extracting by manifest.
4072 silly tarball no local data for @babel/parser@https://registry.npmjs.org/@babel/parser/-/parser-7.29.2.tgz. Extracting by manifest.
4073 silly tarball no local data for picocolors@https://registry.npmjs.org/picocolors/-/picocolors-1.1.1.tgz. Extracting by manifest.
4074 silly tarball no local data for picocolors@https://registry.npmjs.org/picocolors/-/picocolors-1.1.1.tgz. Extracting by manifest.
4075 silly tarball no local data for @babel/code-frame@https://registry.npmjs.org/@babel/code-frame/-/code-frame-7.29.0.tgz. Extracting by manifest.
4076 silly tarball no local data for @babel/types@https://registry.npmjs.org/@babel/types/-/types-7.29.0.tgz. Extracting by manifest.
4077 silly tarball no local data for @babel/types@https://registry.npmjs.org/@babel/types/-/types-7.29.0.tgz. Extracting by manifest.
4078 silly tarball no local data for @babel/parser@https://registry.npmjs.org/@babel/parser/-/parser-7.29.2.tgz. Extracting by manifest.
4079 silly tarball no local data for @babel/code-frame@https://registry.npmjs.org/@babel/code-frame/-/code-frame-7.29.0.tgz. Extracting by manifest.
4080 silly tarball no local data for picomatch@https://registry.npmjs.org/picomatch/-/picomatch-4.0.3.tgz. Extracting by manifest.
4081 silly tarball no local data for @babel/types@https://registry.npmjs.org/@babel/types/-/types-7.29.0.tgz. Extracting by manifest.
4082 silly tarball no local data for @babel/types@https://registry.npmjs.org/@babel/types/-/types-7.29.0.tgz. Extracting by manifest.
4083 silly tarball no local data for estree-walker@https://registry.npmjs.org/estree-walker/-/estree-walker-3.0.3.tgz. Extracting by manifest.
4084 silly tarball no local data for @babel/parser@https://registry.npmjs.org/@babel/parser/-/parser-7.29.2.tgz. Extracting by manifest.
4085 silly tarball no local data for magic-string@https://registry.npmjs.org/magic-string/-/magic-string-0.30.21.tgz. Extracting by manifest.
4086 silly tarball no local data for escape-string-regexp@https://registry.npmjs.org/escape-string-regexp/-/escape-string-regexp-5.0.0.tgz. Extracting by manifest.
4087 silly tarball no local data for picomatch@https://registry.npmjs.org/picomatch/-/picomatch-4.0.3.tgz. Extracting by manifest.
4088 silly tarball no local data for entities@https://registry.npmjs.org/entities/-/entities-4.5.0.tgz. Extracting by manifest.
4089 silly tarball no local data for postcss@https://registry.npmjs.org/postcss/-/postcss-8.4.45.tgz. Extracting by manifest.
4090 silly tarball no local data for picocolors@https://registry.npmjs.org/picocolors/-/picocolors-1.1.1.tgz. Extracting by manifest.
4091 silly tarball no local data for unplugin-auto-import@https://registry.npmjs.org/unplugin-auto-import/-/unplugin-auto-import-19.1.0.tgz. Extracting by manifest.
4092 silly tarball no local data for picomatch@https://registry.npmjs.org/picomatch/-/picomatch-4.0.3.tgz. Extracting by manifest.
4093 silly tarball no local data for magic-string@https://registry.npmjs.org/magic-string/-/magic-string-0.30.21.tgz. Extracting by manifest.
4094 silly tarball no local data for unplugin-auto-import@https://registry.npmjs.org/unplugin-auto-import/-/unplugin-auto-import-19.1.0.tgz. Extracting by manifest.
4095 silly tarball no local data for magic-string@https://registry.npmjs.org/magic-string/-/magic-string-0.30.21.tgz. Extracting by manifest.
4096 http fetch GET 200 https://registry.npmjs.org/centra/-/centra-2.7.0.tgz 695ms (cache miss)
4097 http fetch GET 200 https://registry.npmjs.org/exsolve/-/exsolve-1.0.8.tgz 940ms (cache miss)
4098 http fetch GET 200 https://registry.npmjs.org/process/-/process-0.11.10.tgz 969ms (cache miss)
4099 http fetch GET 200 https://registry.npmjs.org/global/-/global-4.4.0.tgz 977ms (cache miss)
4100 http fetch GET 200 https://registry.npmjs.org/is-function/-/is-function-1.0.2.tgz 1001ms (cache miss)
4101 http fetch GET 200 https://registry.npmjs.org/@vue/devtools-api/-/devtools-api-6.6.4.tgz 1178ms (cache miss)
4102 http fetch GET 200 https://registry.npmjs.org/follow-redirects/-/follow-redirects-1.15.11.tgz 1203ms (cache miss)
4103 http fetch GET 200 https://registry.npmjs.org/sax/-/sax-1.6.0.tgz 1248ms (cache miss)
4104 http fetch GET 200 https://registry.npmjs.org/min-document/-/min-document-2.19.2.tgz 1262ms (cache miss)
4105 http fetch GET 200 https://registry.npmjs.org/@vue/reactivity/-/reactivity-3.4.21.tgz 1285ms (cache miss)
4106 http fetch GET 200 https://registry.npmjs.org/dom-walk/-/dom-walk-0.1.2.tgz 1405ms (cache miss)
4107 http fetch GET 200 https://registry.npmjs.org/xmlbuilder/-/xmlbuilder-11.0.1.tgz 1434ms (cache miss)
4108 http fetch GET 200 https://registry.npmjs.org/@jridgewell/remapping/-/remapping-2.3.5.tgz 1567ms (cache miss)
4109 http fetch GET 200 https://registry.npmjs.org/webpack-virtual-modules/-/webpack-virtual-modules-0.6.2.tgz 1605ms (cache miss)
4110 http fetch GET 200 https://registry.npmjs.org/ufo/-/ufo-1.6.3.tgz 1611ms (cache miss)
4111 http fetch GET 200 https://registry.npmjs.org/quansync/-/quansync-0.2.11.tgz 1631ms (cache miss)
4112 http fetch GET 200 https://registry.npmjs.org/unplugin-utils/-/unplugin-utils-0.2.5.tgz 1695ms (cache miss)
4113 http fetch GET 200 https://registry.npmjs.org/escalade/-/escalade-3.2.0.tgz 1743ms (cache miss)
4114 http fetch GET 200 https://registry.npmjs.org/scule/-/scule-1.3.0.tgz 1754ms (cache miss)
4115 http fetch GET 200 https://registry.npmjs.org/@vue/runtime-core/-/runtime-core-3.4.21.tgz 1897ms (cache miss)
4116 http fetch GET 200 https://registry.npmjs.org/pathe/-/pathe-2.0.3.tgz 1919ms (cache miss)
4117 http fetch GET 200 https://registry.npmjs.org/unplugin/-/unplugin-2.3.11.tgz 2049ms (cache miss)
4118 http fetch GET 200 https://registry.npmjs.org/strip-literal/-/strip-literal-3.1.0.tgz 2044ms (cache miss)
4119 http fetch GET 200 https://registry.npmjs.org/unicode-canonical-property-names-ecmascript/-/unicode-canonical-property-names-ecmascript-2.0.1.tgz 2060ms (cache miss)
4120 http fetch GET 200 https://registry.npmjs.org/local-pkg/-/local-pkg-1.1.2.tgz 2069ms (cache miss)
4121 http fetch GET 200 https://registry.npmjs.org/csstype/-/csstype-3.2.3.tgz 2092ms (cache miss)
4122 http fetch GET 200 https://registry.npmjs.org/pkg-types/-/pkg-types-1.3.1.tgz 2137ms (cache miss)
4123 http fetch GET 200 https://registry.npmjs.org/parse-headers/-/parse-headers-2.0.6.tgz 2184ms (cache miss)
4124 http fetch GET 200 https://registry.npmjs.org/is-number/-/is-number-7.0.0.tgz 2220ms (cache miss)
4125 http fetch GET 200 https://registry.npmjs.org/mlly/-/mlly-1.8.1.tgz 2232ms (cache miss)
4126 http fetch GET 200 https://registry.npmjs.org/media-typer/-/media-typer-0.3.0.tgz 2260ms (cache miss)
4127 http fetch GET 200 https://registry.npmjs.org/unicode-property-aliases-ecmascript/-/unicode-property-aliases-ecmascript-2.2.0.tgz 2263ms (cache miss)
4128 http fetch GET 200 https://registry.npmjs.org/@jridgewell/source-map/-/source-map-0.3.11.tgz 2299ms (cache miss)
4129 http fetch GET 200 https://registry.npmjs.org/math-intrinsics/-/math-intrinsics-1.1.0.tgz 2430ms (cache miss)
4130 http fetch GET 200 https://registry.npmjs.org/has-symbols/-/has-symbols-1.1.0.tgz 2458ms (cache miss)
4131 http fetch GET 200 https://registry.npmjs.org/dunder-proto/-/dunder-proto-1.0.1.tgz 2466ms (cache miss)
4132 http fetch GET 200 https://registry.npmjs.org/gopd/-/gopd-1.2.0.tgz 2473ms (cache miss)
4133 http fetch GET 200 https://registry.npmjs.org/get-proto/-/get-proto-1.0.1.tgz 2607ms (cache miss)
4134 http fetch GET 200 https://registry.npmjs.org/commander/-/commander-2.20.3.tgz 2653ms (cache miss)
4135 http fetch GET 200 https://registry.npmjs.org/es-object-atoms/-/es-object-atoms-1.1.1.tgz 2711ms (cache miss)
4136 http fetch GET 200 https://registry.npmjs.org/buffer-from/-/buffer-from-1.1.2.tgz 2729ms (cache miss)
4137 http fetch GET 200 https://registry.npmjs.org/@babel/runtime-corejs3/-/runtime-corejs3-7.29.2.tgz 2779ms (cache miss)
4138 http fetch GET 200 https://registry.npmjs.org/source-map-support/-/source-map-support-0.5.21.tgz 2791ms (cache miss)
4139 http fetch GET 200 https://registry.npmjs.org/call-bound/-/call-bound-1.0.4.tgz 2836ms (cache miss)
4140 http fetch GET 200 https://registry.npmjs.org/confbox/-/confbox-0.1.8.tgz 3017ms (cache miss)
4141 http fetch GET 200 https://registry.npmjs.org/side-channel-map/-/side-channel-map-1.0.1.tgz 2998ms (cache miss)
4142 http fetch GET 200 https://registry.npmjs.org/has-flag/-/has-flag-3.0.0.tgz 3032ms (cache miss)
4143 http fetch GET 200 https://registry.npmjs.org/get-intrinsic/-/get-intrinsic-1.3.0.tgz 3028ms (cache miss)
4144 http fetch GET 200 https://registry.npmjs.org/es-errors/-/es-errors-1.3.0.tgz 3058ms (cache miss)
4145 http fetch GET 200 https://registry.npmjs.org/side-channel-list/-/side-channel-list-1.0.0.tgz 3084ms (cache miss)
4146 http fetch GET 200 https://registry.npmjs.org/side-channel-weakmap/-/side-channel-weakmap-1.0.2.tgz 3098ms (cache miss)
4147 http fetch GET 200 https://registry.npmjs.org/queue-microtask/-/queue-microtask-1.2.3.tgz 3150ms (cache miss)
4148 http fetch GET 200 https://registry.npmjs.org/object-inspect/-/object-inspect-1.13.4.tgz 3158ms (cache miss)
4149 http fetch GET 200 https://registry.npmjs.org/function-bind/-/function-bind-1.1.2.tgz 3178ms (cache miss)
4150 http fetch GET 200 https://registry.npmjs.org/es-define-property/-/es-define-property-1.0.1.tgz 3190ms (cache miss)
4151 http fetch GET 200 https://registry.npmjs.org/rollup/-/rollup-4.59.0.tgz 3221ms (cache miss)
4152 http fetch GET 200 https://registry.npmjs.org/supports-preserve-symlinks-flag/-/supports-preserve-symlinks-flag-1.0.0.tgz 3218ms (cache miss)
4153 http fetch GET 200 https://registry.npmjs.org/path-parse/-/path-parse-1.0.7.tgz 3250ms (cache miss)
4154 http fetch GET 200 https://registry.npmjs.org/@rollup/rollup-win32-x64-msvc/-/rollup-win32-x64-msvc-4.59.0.tgz 3298ms (cache miss)
4155 http fetch GET 200 https://registry.npmjs.org/pako/-/pako-1.0.11.tgz 3317ms (cache miss)
4156 http fetch GET 200 https://registry.npmjs.org/regjsgen/-/regjsgen-0.8.0.tgz 3354ms (cache miss)
4157 http fetch GET 200 https://registry.npmjs.org/unicode-match-property-ecmascript/-/unicode-match-property-ecmascript-2.0.0.tgz 3381ms (cache miss)
4158 http fetch GET 200 https://registry.npmjs.org/regenerate/-/regenerate-1.4.2.tgz 3447ms (cache miss)
4159 http fetch GET 200 https://registry.npmjs.org/util-deprecate/-/util-deprecate-1.0.2.tgz 3457ms (cache miss)
4160 http fetch GET 200 https://registry.npmjs.org/call-bind-apply-helpers/-/call-bind-apply-helpers-1.0.2.tgz 3480ms (cache miss)
4161 http fetch GET 200 https://registry.npmjs.org/unicode-match-property-value-ecmascript/-/unicode-match-property-value-ecmascript-2.2.1.tgz 3623ms (cache miss)
4162 http fetch GET 200 https://registry.npmjs.org/is-core-module/-/is-core-module-2.16.1.tgz 3629ms (cache miss)
4163 http fetch GET 200 https://registry.npmjs.org/regjsparser/-/regjsparser-0.13.0.tgz 3632ms (cache miss)
4164 http fetch GET 200 https://registry.npmjs.org/icss-utils/-/icss-utils-5.1.0.tgz 3643ms (cache miss)
4165 http fetch GET 200 https://registry.npmjs.org/hasown/-/hasown-2.0.2.tgz 3723ms (cache miss)
4166 http fetch GET 200 https://registry.npmjs.org/icss-replace-symbols/-/icss-replace-symbols-1.1.0.tgz 3812ms (cache miss)
4167 http fetch GET 200 https://registry.npmjs.org/cssesc/-/cssesc-3.0.0.tgz 3838ms (cache miss)
4168 http fetch GET 200 https://registry.npmjs.org/postcss-modules-values/-/postcss-modules-values-4.0.0.tgz 3847ms (cache miss)
4169 http fetch GET 200 https://registry.npmjs.org/loader-utils/-/loader-utils-3.3.1.tgz 3857ms (cache miss)
4170 http fetch GET 200 https://registry.npmjs.org/forwarded/-/forwarded-0.2.0.tgz 3924ms (cache miss)
4171 http fetch GET 200 https://registry.npmjs.org/ipaddr.js/-/ipaddr.js-1.9.1.tgz 4000ms (cache miss)
4172 http fetch GET 200 https://registry.npmjs.org/side-channel/-/side-channel-1.1.0.tgz 3999ms (cache miss)
4173 http fetch GET 200 https://registry.npmjs.org/pify/-/pify-2.3.0.tgz 4002ms (cache miss)
4174 http fetch GET 200 https://registry.npmjs.org/postcss-modules-extract-imports/-/postcss-modules-extract-imports-3.1.0.tgz 4031ms (cache miss)
4175 http fetch GET 200 https://registry.npmjs.org/generic-names/-/generic-names-4.0.0.tgz 4062ms (cache miss)
4176 http fetch GET 200 https://registry.npmjs.org/read-cache/-/read-cache-1.0.0.tgz 4132ms (cache miss)
4177 http fetch GET 200 https://registry.npmjs.org/@rollup/rollup-win32-x64-gnu/-/rollup-win32-x64-gnu-4.59.0.tgz 4180ms (cache miss)
4178 http fetch GET 200 https://registry.npmjs.org/string-hash/-/string-hash-1.1.3.tgz 4143ms (cache miss)
4179 http fetch GET 200 https://registry.npmjs.org/postcss-modules-local-by-default/-/postcss-modules-local-by-default-4.2.0.tgz 4194ms (cache miss)
4180 http fetch GET 200 https://registry.npmjs.org/css-font-weight-keywords/-/css-font-weight-keywords-1.0.0.tgz 4235ms (cache miss)
4181 http fetch GET 200 https://registry.npmjs.org/lilconfig/-/lilconfig-2.1.0.tgz 4256ms (cache miss)
4182 http fetch GET 200 https://registry.npmjs.org/css-list-helpers/-/css-list-helpers-2.0.0.tgz 4288ms (cache miss)
4183 http fetch GET 200 https://registry.npmjs.org/unquote/-/unquote-1.1.1.tgz 4304ms (cache miss)
4184 http fetch GET 200 https://registry.npmjs.org/xml-parse-from-string/-/xml-parse-from-string-1.0.1.tgz 4370ms (cache miss)
4185 http fetch GET 200 https://registry.npmjs.org/lodash.camelcase/-/lodash.camelcase-4.3.0.tgz 4390ms (cache miss)
4186 http fetch GET 200 https://registry.npmjs.org/css-font-size-keywords/-/css-font-size-keywords-1.0.0.tgz 4484ms (cache miss)
4187 http fetch GET 200 https://registry.npmjs.org/invert-kv/-/invert-kv-3.0.1.tgz 4485ms (cache miss)
4188 http fetch GET 200 https://registry.npmjs.org/ee-first/-/ee-first-1.1.1.tgz 4488ms (cache miss)
4189 http fetch GET 200 https://registry.npmjs.org/xml2js/-/xml2js-0.5.0.tgz 4534ms (cache miss)
4190 http fetch GET 200 https://registry.npmjs.org/postcss-modules-scope/-/postcss-modules-scope-3.2.1.tgz 4566ms (cache miss)
4191 http fetch GET 200 https://registry.npmjs.org/xtend/-/xtend-4.0.2.tgz 4563ms (cache miss)
4192 http fetch GET 200 https://registry.npmjs.org/lcid/-/lcid-3.1.1.tgz 4582ms (cache miss)
4193 http fetch GET 200 https://registry.npmjs.org/css-font-stretch-keywords/-/css-font-stretch-keywords-1.0.1.tgz 4594ms (cache miss)
4194 http fetch GET 200 https://registry.npmjs.org/nanoid/-/nanoid-3.3.11.tgz 4613ms (cache miss)
4195 http fetch GET 200 https://registry.npmjs.org/parse-bmfont-ascii/-/parse-bmfont-ascii-1.0.6.tgz 4615ms (cache miss)
4196 http fetch GET 200 https://registry.npmjs.org/yallist/-/yallist-3.1.1.tgz 4636ms (cache miss)
4197 http fetch GET 200 https://registry.npmjs.org/mime-db/-/mime-db-1.52.0.tgz 4714ms (cache miss)
4198 http fetch GET 200 https://registry.npmjs.org/buffer-equal/-/buffer-equal-0.0.1.tgz 4734ms (cache miss)
4199 http fetch GET 200 https://registry.npmjs.org/css-font-style-keywords/-/css-font-style-keywords-1.0.1.tgz 4780ms (cache miss)
4200 http fetch GET 200 https://registry.npmjs.org/ieee754/-/ieee754-1.2.1.tgz 4771ms (cache miss)
4201 http fetch GET 200 https://registry.npmjs.org/css-system-font-keywords/-/css-system-font-keywords-1.0.0.tgz 4827ms (cache miss)
4202 http fetch GET 200 https://registry.npmjs.org/xhr/-/xhr-2.6.0.tgz 4848ms (cache miss)
4203 http fetch GET 200 https://registry.npmjs.org/bmp-js/-/bmp-js-0.1.0.tgz 5031ms (cache miss)
4204 http fetch GET 200 https://registry.npmjs.org/regenerate-unicode-properties/-/regenerate-unicode-properties-10.2.2.tgz 5061ms (cache miss)
4205 http fetch GET 200 https://registry.npmjs.org/utif/-/utif-2.0.1.tgz 5078ms (cache miss)
4206 http fetch GET 200 https://registry.npmjs.org/parse-bmfont-binary/-/parse-bmfont-binary-1.0.6.tgz 5155ms (cache miss)
4207 http fetch GET 200 https://registry.npmjs.org/yaml/-/yaml-1.10.2.tgz 5176ms (cache miss)
4208 http fetch GET 200 https://registry.npmjs.org/base64-js/-/base64-js-1.5.1.tgz 5317ms (cache miss)
4209 http fetch GET 200 https://registry.npmjs.org/timm/-/timm-1.7.1.tgz 5372ms (cache miss)
4210 http fetch GET 200 https://registry.npmjs.org/@jimp/gif/-/gif-0.10.3.tgz 5453ms (cache miss)
4211 http fetch GET 200 https://registry.npmjs.org/omggif/-/omggif-1.0.10.tgz 5458ms (cache miss)
4212 http fetch GET 200 https://registry.npmjs.org/minimist/-/minimist-1.2.8.tgz 5505ms (cache miss)
4213 http fetch GET 200 https://registry.npmjs.org/jpeg-js/-/jpeg-js-0.3.7.tgz 5566ms (cache miss)
4214 http fetch GET 200 https://registry.npmjs.org/@jimp/plugin-mask/-/plugin-mask-0.10.3.tgz 5571ms (cache miss)
4215 http fetch GET 200 https://registry.npmjs.org/@jimp/plugin-normalize/-/plugin-normalize-0.10.3.tgz 5619ms (cache miss)
4216 http fetch GET 200 https://registry.npmjs.org/@jimp/plugin-gaussian/-/plugin-gaussian-0.10.3.tgz 5805ms (cache miss)
4217 http fetch GET 200 https://registry.npmjs.org/@jimp/plugin-shadow/-/plugin-shadow-0.10.3.tgz 6080ms (cache miss)
4218 http fetch GET 200 https://registry.npmjs.org/@jimp/plugin-rotate/-/plugin-rotate-0.10.3.tgz 6096ms (cache miss)
4219 http fetch GET 200 https://registry.npmjs.org/@jimp/plugin-invert/-/plugin-invert-0.10.3.tgz 6122ms (cache miss)
4220 http fetch GET 200 https://registry.npmjs.org/@jimp/plugin-displace/-/plugin-displace-0.10.3.tgz 6123ms (cache miss)
4221 http fetch GET 200 https://registry.npmjs.org/pngjs/-/pngjs-3.4.0.tgz 6150ms (cache miss)
4222 http fetch GET 200 https://registry.npmjs.org/@jimp/plugin-flip/-/plugin-flip-0.10.3.tgz 6274ms (cache miss)
4223 http fetch GET 200 https://registry.npmjs.org/acorn/-/acorn-8.16.0.tgz 6437ms (cache miss)
4224 http fetch GET 200 https://registry.npmjs.org/@jimp/jpeg/-/jpeg-0.10.3.tgz 6611ms (cache miss)
4225 http fetch GET 200 https://registry.npmjs.org/@jimp/plugin-dither/-/plugin-dither-0.10.3.tgz 6702ms (cache miss)
4226 http fetch GET 200 https://registry.npmjs.org/parse-bmfont-xml/-/parse-bmfont-xml-1.1.6.tgz 6725ms (cache miss)
4227 http fetch GET 200 https://registry.npmjs.org/@jimp/plugin-cover/-/plugin-cover-0.10.3.tgz 6773ms (cache miss)
4228 http fetch GET 200 https://registry.npmjs.org/@jimp/plugin-scale/-/plugin-scale-0.10.3.tgz 6784ms (cache miss)
4229 http fetch GET 200 https://registry.npmjs.org/@vue/runtime-dom/-/runtime-dom-3.4.21.tgz 6872ms (cache miss)
4230 http fetch GET 200 https://registry.npmjs.org/@jimp/plugin-crop/-/plugin-crop-0.10.3.tgz 6821ms (cache miss)
4231 http fetch GET 200 https://registry.npmjs.org/@jimp/plugin-fisheye/-/plugin-fisheye-0.10.3.tgz 6828ms (cache miss)
4232 http fetch GET 200 https://registry.npmjs.org/@jimp/plugin-circle/-/plugin-circle-0.10.3.tgz 6948ms (cache miss)
4233 http fetch GET 200 https://registry.npmjs.org/phin/-/phin-2.9.3.tgz 6975ms (cache miss)
4234 warn deprecated phin@2.9.3: Package no longer supported. Contact Support at https://www.npmjs.com/support for more info.
4235 http fetch GET 200 https://registry.npmjs.org/mkdirp/-/mkdirp-0.5.6.tgz 7028ms (cache miss)
4236 http fetch GET 200 https://registry.npmjs.org/load-bmfont/-/load-bmfont-1.4.2.tgz 7082ms (cache miss)
4237 http fetch GET 200 https://registry.npmjs.org/@jimp/plugin-blur/-/plugin-blur-0.10.3.tgz 7223ms (cache miss)
4238 http fetch GET 200 https://registry.npmjs.org/@jimp/plugin-contain/-/plugin-contain-0.10.3.tgz 7314ms (cache miss)
4239 http fetch GET 200 https://registry.npmjs.org/file-type/-/file-type-9.0.0.tgz 7331ms (cache miss)
4240 http fetch GET 200 https://registry.npmjs.org/any-base/-/any-base-1.1.0.tgz 7419ms (cache miss)
4241 http fetch GET 200 https://registry.npmjs.org/buffer/-/buffer-5.7.1.tgz 7490ms (cache miss)
4242 http fetch GET 200 https://registry.npmjs.org/@jimp/types/-/types-0.10.3.tgz 7506ms (cache miss)
4243 http fetch GET 200 https://registry.npmjs.org/@jimp/utils/-/utils-0.10.3.tgz 7777ms (cache miss)
4244 http fetch GET 200 https://registry.npmjs.org/@jimp/plugins/-/plugins-0.10.3.tgz 7786ms (cache miss)
4245 http fetch GET 200 https://registry.npmjs.org/@jimp/bmp/-/bmp-0.10.3.tgz 7837ms (cache miss)
4246 http fetch GET 200 https://registry.npmjs.org/@jimp/custom/-/custom-0.10.3.tgz 7826ms (cache miss)
4247 http fetch GET 200 https://registry.npmjs.org/@jimp/png/-/png-0.10.3.tgz 7866ms (cache miss)
4248 http fetch GET 200 https://registry.npmjs.org/safer-buffer/-/safer-buffer-2.1.2.tgz 8018ms (cache miss)
4249 http fetch GET 200 https://registry.npmjs.org/@jimp/plugin-threshold/-/plugin-threshold-0.10.3.tgz 8043ms (cache miss)
4250 http fetch GET 200 https://registry.npmjs.org/binary-extensions/-/binary-extensions-2.3.0.tgz 8044ms (cache miss)
4251 http fetch GET 200 https://registry.npmjs.org/inherits/-/inherits-2.0.4.tgz 8050ms (cache miss)
4252 http fetch GET 200 https://registry.npmjs.org/is-extglob/-/is-extglob-2.1.1.tgz 8167ms (cache miss)
4253 http fetch GET 200 https://registry.npmjs.org/universalify/-/universalify-2.0.1.tgz 8187ms (cache miss)
4254 http fetch GET 200 https://registry.npmjs.org/to-regex-range/-/to-regex-range-5.0.1.tgz 8197ms (cache miss)
4255 http fetch GET 200 https://registry.npmjs.org/jsonfile/-/jsonfile-6.2.0.tgz 8245ms (cache miss)
4256 http fetch GET 200 https://registry.npmjs.org/toidentifier/-/toidentifier-1.0.1.tgz 8256ms (cache miss)
4257 http fetch GET 200 https://registry.npmjs.org/@nodelib/fs.scandir/-/fs.scandir-2.1.5.tgz 8255ms (cache miss)
4258 http fetch GET 200 https://registry.npmjs.org/run-parallel/-/run-parallel-1.2.0.tgz 8355ms (cache miss)
4259 http fetch GET 200 https://registry.npmjs.org/reusify/-/reusify-1.1.0.tgz 8536ms (cache miss)
4260 http fetch GET 200 https://registry.npmjs.org/@nodelib/fs.walk/-/fs.walk-1.2.8.tgz 8534ms (cache miss)
4261 http fetch GET 200 https://registry.npmjs.org/@babel/runtime/-/runtime-7.29.2.tgz 8583ms (cache miss)
4262 http fetch GET 200 https://registry.npmjs.org/fastq/-/fastq-1.20.1.tgz 8621ms (cache miss)
4263 http fetch GET 200 https://registry.npmjs.org/merge2/-/merge2-1.4.1.tgz 8693ms (cache miss)
4264 http fetch GET 200 https://registry.npmjs.org/@jimp/tiff/-/tiff-0.10.3.tgz 8769ms (cache miss)
4265 http fetch GET 200 https://registry.npmjs.org/raw-body/-/raw-body-2.5.2.tgz 8781ms (cache miss)
4266 http fetch GET 200 https://registry.npmjs.org/unpipe/-/unpipe-1.0.0.tgz 8802ms (cache miss)
4267 http fetch GET 200 https://registry.npmjs.org/@nodelib/fs.stat/-/fs.stat-2.0.5.tgz 8872ms (cache miss)
4268 http fetch GET 200 https://registry.npmjs.org/mime-types/-/mime-types-2.1.35.tgz 8911ms (cache miss)
4269 http fetch GET 200 https://registry.npmjs.org/@jimp/core/-/core-0.10.3.tgz 8944ms (cache miss)
4270 http fetch GET 200 https://registry.npmjs.org/destroy/-/destroy-1.2.0.tgz 8960ms (cache miss)
4271 http fetch GET 200 https://registry.npmjs.org/graceful-fs/-/graceful-fs-4.2.11.tgz 8976ms (cache miss)
4272 http fetch GET 200 https://registry.npmjs.org/statuses/-/statuses-2.0.1.tgz 9043ms (cache miss)
4273 http fetch GET 200 https://registry.npmjs.org/type-is/-/type-is-1.6.18.tgz 9063ms (cache miss)
4274 http fetch GET 200 https://registry.npmjs.org/utils-merge/-/utils-merge-1.0.1.tgz 9075ms (cache miss)
4275 http fetch GET 200 https://registry.npmjs.org/negotiator/-/negotiator-0.6.3.tgz 9155ms (cache miss)
4276 http fetch GET 200 https://registry.npmjs.org/bytes/-/bytes-3.1.2.tgz 9223ms (cache miss)
4277 http fetch GET 200 https://registry.npmjs.org/vary/-/vary-1.1.2.tgz 9221ms (cache miss)
4278 http fetch GET 200 https://registry.npmjs.org/setprototypeof/-/setprototypeof-1.2.0.tgz 9222ms (cache miss)
4279 http fetch GET 200 https://registry.npmjs.org/@jimp/plugin-print/-/plugin-print-0.10.3.tgz 9444ms (cache miss)
4280 http fetch GET 200 https://registry.npmjs.org/parseurl/-/parseurl-1.3.3.tgz 9444ms (cache miss)
4281 http fetch GET 200 https://registry.npmjs.org/safe-buffer/-/safe-buffer-5.2.1.tgz 9512ms (cache miss)
4282 http fetch GET 200 https://registry.npmjs.org/serve-static/-/serve-static-1.16.0.tgz 9514ms (cache miss)
4283 http fetch GET 200 https://registry.npmjs.org/send/-/send-0.19.0.tgz 9515ms (cache miss)
4284 http fetch GET 200 https://registry.npmjs.org/path-to-regexp/-/path-to-regexp-0.1.10.tgz 9559ms (cache miss)
4285 http fetch GET 200 https://registry.npmjs.org/methods/-/methods-1.1.2.tgz 9653ms (cache miss)
4286 http fetch GET 200 https://registry.npmjs.org/fresh/-/fresh-0.5.2.tgz 9702ms (cache miss)
4287 http fetch GET 200 https://registry.npmjs.org/merge-descriptors/-/merge-descriptors-1.0.3.tgz 9705ms (cache miss)
4288 http fetch GET 200 https://registry.npmjs.org/range-parser/-/range-parser-1.2.1.tgz 9808ms (cache miss)
4289 http fetch GET 200 https://registry.npmjs.org/finalhandler/-/finalhandler-1.2.0.tgz 9917ms (cache miss)
4290 http fetch GET 200 https://registry.npmjs.org/on-finished/-/on-finished-2.4.1.tgz 9920ms (cache miss)
4291 http fetch GET 200 https://registry.npmjs.org/depd/-/depd-2.0.0.tgz 9941ms (cache miss)
4292 http fetch GET 200 https://registry.npmjs.org/proxy-addr/-/proxy-addr-2.0.7.tgz 9953ms (cache miss)
4293 http fetch GET 200 https://registry.npmjs.org/micromatch/-/micromatch-4.0.8.tgz 9966ms (cache miss)
4294 http fetch GET 200 https://registry.npmjs.org/cookie-signature/-/cookie-signature-1.0.6.tgz 9969ms (cache miss)
4295 http fetch GET 200 https://registry.npmjs.org/escape-html/-/escape-html-1.0.3.tgz 10105ms (cache miss)
4296 http fetch GET 200 https://registry.npmjs.org/pixelmatch/-/pixelmatch-4.0.2.tgz 10150ms (cache miss)
4297 http fetch GET 200 https://registry.npmjs.org/content-type/-/content-type-1.0.5.tgz 10146ms (cache miss)
4298 http fetch GET 200 https://registry.npmjs.org/cookie/-/cookie-0.6.0.tgz 10168ms (cache miss)
4299 http fetch GET 200 https://registry.npmjs.org/array-flatten/-/array-flatten-1.1.1.tgz 10194ms (cache miss)
4300 http fetch GET 200 https://registry.npmjs.org/http-errors/-/http-errors-2.0.0.tgz 10222ms (cache miss)
4301 http fetch GET 200 https://registry.npmjs.org/ms/-/ms-2.1.3.tgz 10273ms (cache miss)
4302 http fetch GET 200 https://registry.npmjs.org/accepts/-/accepts-1.3.8.tgz 10303ms (cache miss)
4303 http fetch GET 200 https://registry.npmjs.org/@jimp/plugin-resize/-/plugin-resize-0.10.3.tgz 10366ms (cache miss)
4304 http fetch GET 200 https://registry.npmjs.org/qs/-/qs-6.11.0.tgz 10348ms (cache miss)
4305 http fetch GET 200 https://registry.npmjs.org/body-parser/-/body-parser-1.20.3.tgz 10365ms (cache miss)
4306 http fetch GET 200 https://registry.npmjs.org/color-name/-/color-name-1.1.3.tgz 10367ms (cache miss)
4307 http fetch GET 200 https://registry.npmjs.org/is-glob/-/is-glob-4.0.3.tgz 10434ms (cache miss)
4308 http fetch GET 200 https://registry.npmjs.org/encodeurl/-/encodeurl-2.0.0.tgz 10485ms (cache miss)
4309 http fetch GET 200 https://registry.npmjs.org/fill-range/-/fill-range-7.1.1.tgz 10506ms (cache miss)
4310 http fetch GET 200 https://registry.npmjs.org/is-binary-path/-/is-binary-path-2.1.0.tgz 10514ms (cache miss)
4311 http fetch GET 200 https://registry.npmjs.org/etag/-/etag-1.8.1.tgz 10567ms (cache miss)
4312 http fetch GET 200 https://registry.npmjs.org/anymatch/-/anymatch-3.1.3.tgz 10594ms (cache miss)
4313 http fetch GET 200 https://registry.npmjs.org/normalize-path/-/normalize-path-3.0.0.tgz 10643ms (cache miss)
4314 http fetch GET 200 https://registry.npmjs.org/escape-string-regexp/-/escape-string-regexp-1.0.5.tgz 10687ms (cache miss)
4315 http fetch GET 200 https://registry.npmjs.org/supports-color/-/supports-color-5.5.0.tgz 10697ms (cache miss)
4316 http fetch GET 200 https://registry.npmjs.org/content-disposition/-/content-disposition-0.5.4.tgz 10709ms (cache miss)
4317 http fetch GET 200 https://registry.npmjs.org/ansi-styles/-/ansi-styles-3.2.1.tgz 10733ms (cache miss)
4318 http fetch GET 200 https://registry.npmjs.org/color-convert/-/color-convert-1.9.3.tgz 10787ms (cache miss)
4319 http fetch GET 200 https://registry.npmjs.org/node-releases/-/node-releases-2.0.36.tgz 10789ms (cache miss)
4320 http fetch GET 200 https://registry.npmjs.org/update-browserslist-db/-/update-browserslist-db-1.2.3.tgz 10872ms (cache miss)
4321 http fetch GET 200 https://registry.npmjs.org/lodash.debounce/-/lodash.debounce-4.0.8.tgz 10902ms (cache miss)
4322 http fetch GET 200 https://registry.npmjs.org/postcss-value-parser/-/postcss-value-parser-4.2.0.tgz 10994ms (cache miss)
4323 http fetch GET 200 https://registry.npmjs.org/normalize-range/-/normalize-range-0.1.2.tgz 11037ms (cache miss)
4324 http fetch GET 200 https://registry.npmjs.org/readdirp/-/readdirp-3.6.0.tgz 11119ms (cache miss)
4325 http fetch GET 200 https://registry.npmjs.org/electron-to-chromium/-/electron-to-chromium-1.5.313.tgz 11165ms (cache miss)
4326 http fetch GET 200 https://registry.npmjs.org/glob-parent/-/glob-parent-5.1.2.tgz 11215ms (cache miss)
4327 http fetch GET 200 https://registry.npmjs.org/@vue/babel-plugin-resolve-type/-/babel-plugin-resolve-type-1.5.0.tgz 11209ms (cache miss)
4328 http fetch GET 200 https://registry.npmjs.org/fraction.js/-/fraction.js-4.3.7.tgz 11266ms (cache miss)
4329 http fetch GET 200 https://registry.npmjs.org/@babel/plugin-syntax-jsx/-/plugin-syntax-jsx-7.28.6.tgz 11436ms (cache miss)
4330 http fetch GET 200 https://registry.npmjs.org/@vue/babel-helper-vue-transform-on/-/babel-helper-vue-transform-on-1.5.0.tgz 11528ms (cache miss)
4331 http fetch GET 200 https://registry.npmjs.org/@babel/helper-define-polyfill-provider/-/helper-define-polyfill-provider-0.6.8.tgz 11587ms (cache miss)
4332 http fetch GET 200 https://registry.npmjs.org/core-js-pure/-/core-js-pure-3.49.0.tgz 11731ms (cache miss)
4333 http fetch GET 200 https://registry.npmjs.org/braces/-/braces-3.0.3.tgz 11635ms (cache miss)
4334 http fetch GET 200 https://registry.npmjs.org/@vue/babel-plugin-jsx/-/babel-plugin-jsx-1.5.0.tgz 11704ms (cache miss)
4335 http fetch GET 200 https://registry.npmjs.org/baseline-browser-mapping/-/baseline-browser-mapping-2.10.8.tgz 11795ms (cache miss)
4336 http fetch GET 200 https://registry.npmjs.org/@babel/helper-remap-async-to-generator/-/helper-remap-async-to-generator-7.27.1.tgz 11953ms (cache miss)
4337 http fetch GET 200 https://registry.npmjs.org/regexpu-core/-/regexpu-core-6.4.0.tgz 11994ms (cache miss)
4338 http fetch GET 200 https://registry.npmjs.org/@babel/helper-wrap-function/-/helper-wrap-function-7.28.6.tgz 12041ms (cache miss)
4339 http fetch GET 200 https://registry.npmjs.org/iconv-lite/-/iconv-lite-0.4.24.tgz 12100ms (cache miss)
4340 http fetch GET 200 https://registry.npmjs.org/esutils/-/esutils-2.0.3.tgz 12126ms (cache miss)
4341 http fetch GET 200 https://registry.npmjs.org/@babel/plugin-transform-unicode-sets-regex/-/plugin-transform-unicode-sets-regex-7.28.6.tgz 12161ms (cache miss)
4342 http fetch GET 200 https://registry.npmjs.org/@babel/helper-create-regexp-features-plugin/-/helper-create-regexp-features-plugin-7.28.5.tgz 12166ms (cache miss)
4343 http fetch GET 200 https://registry.npmjs.org/@babel/plugin-transform-unicode-escapes/-/plugin-transform-unicode-escapes-7.27.1.tgz 12258ms (cache miss)
4344 http fetch GET 200 https://registry.npmjs.org/babel-plugin-polyfill-corejs2/-/babel-plugin-polyfill-corejs2-0.4.17.tgz 12351ms (cache miss)
4345 http fetch GET 200 https://registry.npmjs.org/exif-parser/-/exif-parser-0.1.12.tgz 12407ms (cache miss)
4346 http fetch GET 200 https://registry.npmjs.org/@babel/plugin-transform-typeof-symbol/-/plugin-transform-typeof-symbol-7.27.1.tgz 12468ms (cache miss)
4347 http fetch GET 200 https://registry.npmjs.org/@babel/plugin-transform-unicode-property-regex/-/plugin-transform-unicode-property-regex-7.28.6.tgz 12470ms (cache miss)
4348 http fetch GET 200 https://registry.npmjs.org/@babel/plugin-transform-template-literals/-/plugin-transform-template-literals-7.27.1.tgz 12526ms (cache miss)
4349 http fetch GET 200 https://registry.npmjs.org/@babel/preset-modules/-/preset-modules-0.1.6-no-external-plugins.tgz 12528ms (cache miss)
4350 http fetch GET 200 https://registry.npmjs.org/@babel/plugin-transform-sticky-regex/-/plugin-transform-sticky-regex-7.27.1.tgz 12535ms (cache miss)
4351 http fetch GET 200 https://registry.npmjs.org/@babel/plugin-transform-spread/-/plugin-transform-spread-7.28.6.tgz 12579ms (cache miss)
4352 http fetch GET 200 https://registry.npmjs.org/@babel/plugin-transform-reserved-words/-/plugin-transform-reserved-words-7.27.1.tgz 12652ms (cache miss)
4353 http fetch GET 200 https://registry.npmjs.org/babel-plugin-polyfill-regenerator/-/babel-plugin-polyfill-regenerator-0.6.8.tgz 12688ms (cache miss)
4354 http fetch GET 200 https://registry.npmjs.org/@babel/plugin-transform-regexp-modifiers/-/plugin-transform-regexp-modifiers-7.28.6.tgz 12686ms (cache miss)
4355 http fetch GET 200 https://registry.npmjs.org/@babel/plugin-transform-optional-catch-binding/-/plugin-transform-optional-catch-binding-7.28.6.tgz 12845ms (cache miss)
4356 http fetch GET 200 https://registry.npmjs.org/@babel/plugin-transform-object-super/-/plugin-transform-object-super-7.27.1.tgz 12856ms (cache miss)
4357 http fetch GET 200 https://registry.npmjs.org/@babel/plugin-transform-private-property-in-object/-/plugin-transform-private-property-in-object-7.28.6.tgz 13043ms (cache miss)
4358 http fetch GET 200 https://registry.npmjs.org/@babel/plugin-transform-nullish-coalescing-operator/-/plugin-transform-nullish-coalescing-operator-7.28.6.tgz 13057ms (cache miss)
4359 http fetch GET 200 https://registry.npmjs.org/@babel/plugin-transform-parameters/-/plugin-transform-parameters-7.27.7.tgz 13075ms (cache miss)
4360 http fetch GET 200 https://registry.npmjs.org/@babel/plugin-transform-numeric-separator/-/plugin-transform-numeric-separator-7.28.6.tgz 13205ms (cache miss)
4361 http fetch GET 200 https://registry.npmjs.org/@babel/plugin-transform-new-target/-/plugin-transform-new-target-7.27.1.tgz 13230ms (cache miss)
4362 http fetch GET 200 https://registry.npmjs.org/@babel/plugin-transform-private-methods/-/plugin-transform-private-methods-7.28.6.tgz 13284ms (cache miss)
4363 http fetch GET 200 https://registry.npmjs.org/@babel/plugin-transform-regenerator/-/plugin-transform-regenerator-7.29.0.tgz 13306ms (cache miss)
4364 http fetch GET 200 https://registry.npmjs.org/@babel/plugin-transform-property-literals/-/plugin-transform-property-literals-7.27.1.tgz 13319ms (cache miss)
4365 http fetch GET 200 https://registry.npmjs.org/@babel/plugin-transform-optional-chaining/-/plugin-transform-optional-chaining-7.28.6.tgz 13338ms (cache miss)
4366 http fetch GET 200 https://registry.npmjs.org/@babel/plugin-transform-unicode-regex/-/plugin-transform-unicode-regex-7.27.1.tgz 13407ms (cache miss)
4367 http fetch GET 200 https://registry.npmjs.org/@babel/plugin-transform-named-capturing-groups-regex/-/plugin-transform-named-capturing-groups-regex-7.29.0.tgz 13409ms (cache miss)
4368 http fetch GET 200 https://registry.npmjs.org/@babel/plugin-transform-modules-umd/-/plugin-transform-modules-umd-7.27.1.tgz 13571ms (cache miss)
4369 http fetch GET 200 https://registry.npmjs.org/@babel/plugin-transform-logical-assignment-operators/-/plugin-transform-logical-assignment-operators-7.28.6.tgz 13587ms (cache miss)
4370 http fetch GET 200 https://registry.npmjs.org/@babel/plugin-transform-modules-systemjs/-/plugin-transform-modules-systemjs-7.29.0.tgz 13624ms (cache miss)
4371 http fetch GET 200 https://registry.npmjs.org/@babel/plugin-transform-literals/-/plugin-transform-literals-7.27.1.tgz 13679ms (cache miss)
4372 http fetch GET 200 https://registry.npmjs.org/@babel/plugin-transform-json-strings/-/plugin-transform-json-strings-7.28.6.tgz 13735ms (cache miss)
4373 http fetch GET 200 https://registry.npmjs.org/@babel/plugin-transform-modules-amd/-/plugin-transform-modules-amd-7.27.1.tgz 13748ms (cache miss)
4374 http fetch GET 200 https://registry.npmjs.org/@babel/plugin-transform-shorthand-properties/-/plugin-transform-shorthand-properties-7.27.1.tgz 13764ms (cache miss)
4375 http fetch GET 200 https://registry.npmjs.org/@babel/plugin-transform-member-expression-literals/-/plugin-transform-member-expression-literals-7.27.1.tgz 13763ms (cache miss)
4376 http fetch GET 200 https://registry.npmjs.org/caniuse-lite/-/caniuse-lite-1.0.30001780.tgz 13868ms (cache miss)
4377 http fetch GET 200 https://registry.npmjs.org/@babel/plugin-transform-dynamic-import/-/plugin-transform-dynamic-import-7.27.1.tgz 13926ms (cache miss)
4378 http fetch GET 200 https://registry.npmjs.org/@babel/plugin-transform-function-name/-/plugin-transform-function-name-7.27.1.tgz 13964ms (cache miss)
4379 http fetch GET 200 https://registry.npmjs.org/@babel/plugin-transform-object-rest-spread/-/plugin-transform-object-rest-spread-7.28.6.tgz 13987ms (cache miss)
4380 http fetch GET 200 https://registry.npmjs.org/@babel/plugin-transform-exponentiation-operator/-/plugin-transform-exponentiation-operator-7.28.6.tgz 14054ms (cache miss)
4381 http fetch GET 200 https://registry.npmjs.org/@babel/plugin-transform-dotall-regex/-/plugin-transform-dotall-regex-7.28.6.tgz 14109ms (cache miss)
4382 http fetch GET 200 https://registry.npmjs.org/@babel/plugin-transform-modules-commonjs/-/plugin-transform-modules-commonjs-7.28.6.tgz 14143ms (cache miss)
4383 http fetch GET 200 https://registry.npmjs.org/@babel/plugin-transform-duplicate-keys/-/plugin-transform-duplicate-keys-7.27.1.tgz 14198ms (cache miss)
4384 http fetch GET 200 https://registry.npmjs.org/@babel/plugin-transform-class-properties/-/plugin-transform-class-properties-7.28.6.tgz 14315ms (cache miss)
4385 http fetch GET 200 https://registry.npmjs.org/@babel/plugin-transform-export-namespace-from/-/plugin-transform-export-namespace-from-7.27.1.tgz 14326ms (cache miss)
4386 http fetch GET 200 https://registry.npmjs.org/@babel/plugin-transform-explicit-resource-management/-/plugin-transform-explicit-resource-management-7.28.6.tgz 14324ms (cache miss)
4387 http fetch GET 200 https://registry.npmjs.org/@babel/plugin-transform-destructuring/-/plugin-transform-destructuring-7.28.5.tgz 14405ms (cache miss)
4388 http fetch GET 200 https://registry.npmjs.org/@babel/plugin-transform-class-static-block/-/plugin-transform-class-static-block-7.28.6.tgz 14467ms (cache miss)
4389 http fetch GET 200 https://registry.npmjs.org/@babel/plugin-transform-async-generator-functions/-/plugin-transform-async-generator-functions-7.29.0.tgz 14534ms (cache miss)
4390 http fetch GET 200 https://registry.npmjs.org/@babel/plugin-transform-block-scoped-functions/-/plugin-transform-block-scoped-functions-7.27.1.tgz 14581ms (cache miss)
4391 http fetch GET 200 https://registry.npmjs.org/@babel/plugin-transform-async-to-generator/-/plugin-transform-async-to-generator-7.28.6.tgz 14584ms (cache miss)
4392 http fetch GET 200 https://registry.npmjs.org/@babel/plugin-transform-arrow-functions/-/plugin-transform-arrow-functions-7.27.1.tgz 14661ms (cache miss)
4393 http fetch GET 200 https://registry.npmjs.org/@babel/plugin-syntax-import-assertions/-/plugin-syntax-import-assertions-7.28.6.tgz 14721ms (cache miss)
4394 http fetch GET 200 https://registry.npmjs.org/@babel/plugin-transform-duplicate-named-capturing-groups-regex/-/plugin-transform-duplicate-named-capturing-groups-regex-7.29.0.tgz 14779ms (cache miss)
4395 http fetch GET 200 https://registry.npmjs.org/@babel/plugin-transform-block-scoping/-/plugin-transform-block-scoping-7.28.6.tgz 14781ms (cache miss)
4396 http fetch GET 200 https://registry.npmjs.org/@babel/plugin-syntax-unicode-sets-regex/-/plugin-syntax-unicode-sets-regex-7.18.6.tgz 14893ms (cache miss)
4397 http fetch GET 200 https://registry.npmjs.org/@babel/plugin-transform-for-of/-/plugin-transform-for-of-7.27.1.tgz 14914ms (cache miss)
4398 http fetch GET 200 https://registry.npmjs.org/@babel/plugin-bugfix-v8-static-class-fields-redefine-readonly/-/plugin-bugfix-v8-static-class-fields-redefine-readonly-7.28.6.tgz 14933ms (cache miss)
4399 http fetch GET 200 https://registry.npmjs.org/@babel/plugin-transform-computed-properties/-/plugin-transform-computed-properties-7.28.6.tgz 15035ms (cache miss)
4400 http fetch GET 200 https://registry.npmjs.org/@babel/plugin-bugfix-firefox-class-in-computed-class-key/-/plugin-bugfix-firefox-class-in-computed-class-key-7.28.5.tgz 15093ms (cache miss)
4401 http fetch GET 200 https://registry.npmjs.org/@babel/plugin-bugfix-v8-spread-parameters-in-optional-chaining/-/plugin-bugfix-v8-spread-parameters-in-optional-chaining-7.27.1.tgz 15127ms (cache miss)
4402 http fetch GET 200 https://registry.npmjs.org/@babel/plugin-proposal-private-property-in-object/-/plugin-proposal-private-property-in-object-7.21.0-placeholder-for-preset-env.2.tgz 15157ms (cache miss)
4403 http fetch GET 200 https://registry.npmjs.org/@babel/plugin-bugfix-safari-class-field-initializer-scope/-/plugin-bugfix-safari-class-field-initializer-scope-7.27.1.tgz 15172ms (cache miss)
4404 http fetch GET 200 https://registry.npmjs.org/@babel/plugin-bugfix-safari-id-destructuring-collision-in-function-expression/-/plugin-bugfix-safari-id-destructuring-collision-in-function-expression-7.27.1.tgz 15279ms (cache miss)
4405 http fetch GET 200 https://registry.npmjs.org/browserslist-to-esbuild/-/browserslist-to-esbuild-2.1.1.tgz 15312ms (cache miss)
4406 http fetch GET 200 https://registry.npmjs.org/regenerator-runtime/-/regenerator-runtime-0.14.1.tgz 15317ms (cache miss)
4407 http fetch GET 200 https://registry.npmjs.org/@babel/plugin-transform-classes/-/plugin-transform-classes-7.28.6.tgz 15424ms (cache miss)
4408 http fetch GET 200 https://registry.npmjs.org/@types/estree/-/estree-1.0.8.tgz 15517ms (cache miss)
4409 http fetch GET 200 https://registry.npmjs.org/@jimp/plugin-color/-/plugin-color-0.10.3.tgz 15691ms (cache miss)
4410 http fetch GET 200 https://registry.npmjs.org/@babel/plugin-syntax-import-attributes/-/plugin-syntax-import-attributes-7.28.6.tgz 15695ms (cache miss)
4411 http fetch GET 200 https://registry.npmjs.org/@jridgewell/resolve-uri/-/resolve-uri-3.1.2.tgz 15765ms (cache miss)
4412 http fetch GET 200 https://registry.npmjs.org/@babel/helper-optimise-call-expression/-/helper-optimise-call-expression-7.27.1.tgz 15785ms (cache miss)
4413 http fetch GET 200 https://registry.npmjs.org/@intlify/runtime/-/runtime-9.1.9.tgz 15888ms (cache miss)
4414 http fetch GET 200 https://registry.npmjs.org/@babel/plugin-syntax-typescript/-/plugin-syntax-typescript-7.28.6.tgz 15997ms (cache miss)
4415 http fetch GET 200 https://registry.npmjs.org/meow/-/meow-13.2.0.tgz 16167ms (cache miss)
4416 http fetch GET 200 https://registry.npmjs.org/@babel/helper-replace-supers/-/helper-replace-supers-7.28.6.tgz 16100ms (cache miss)
4417 http fetch GET 200 https://registry.npmjs.org/@intlify/devtools-if/-/devtools-if-9.1.9.tgz 16194ms (cache miss)
4418 http fetch GET 200 https://registry.npmjs.org/core-js-compat/-/core-js-compat-3.49.0.tgz 16332ms (cache miss)
4419 http fetch GET 200 https://registry.npmjs.org/@jridgewell/sourcemap-codec/-/sourcemap-codec-1.5.5.tgz 16433ms (cache miss)
4420 http fetch GET 200 https://registry.npmjs.org/@babel/helper-skip-transparent-expression-wrappers/-/helper-skip-transparent-expression-wrappers-7.27.1.tgz 16546ms (cache miss)
4421 http fetch GET 200 https://registry.npmjs.org/@babel/helper-annotate-as-pure/-/helper-annotate-as-pure-7.27.3.tgz 16566ms (cache miss)
4422 http fetch GET 200 https://registry.npmjs.org/@intlify/message-compiler/-/message-compiler-9.1.9.tgz 16719ms (cache miss)
4423 http fetch GET 200 https://registry.npmjs.org/@intlify/message-resolver/-/message-resolver-9.1.9.tgz 16737ms (cache miss)
4424 http fetch GET 200 https://registry.npmjs.org/picomatch/-/picomatch-2.3.1.tgz 16751ms (cache miss)
4425 http fetch GET 200 https://registry.npmjs.org/express/-/express-4.20.0.tgz 16767ms (cache miss)
4426 http fetch GET 200 https://registry.npmjs.org/@babel/helper-member-expression-to-functions/-/helper-member-expression-to-functions-7.28.5.tgz 16818ms (cache miss)
4427 http fetch GET 200 https://registry.npmjs.org/@vitejs/plugin-vue-jsx/-/plugin-vue-jsx-3.1.0.tgz 16904ms (cache miss)
4428 http fetch GET 200 https://registry.npmjs.org/@babel/plugin-syntax-import-meta/-/plugin-syntax-import-meta-7.10.4.tgz 17104ms (cache miss)
4429 http fetch GET 200 https://registry.npmjs.org/@babel/helper-plugin-utils/-/helper-plugin-utils-7.28.6.tgz 17402ms (cache miss)
4430 http fetch GET 200 https://registry.npmjs.org/cac/-/cac-6.7.9.tgz 17482ms (cache miss)
4431 http fetch GET 200 https://registry.npmjs.org/babel-plugin-polyfill-corejs3/-/babel-plugin-polyfill-corejs3-0.14.2.tgz 17568ms (cache miss)
4432 http fetch GET 200 https://registry.npmjs.org/@vitejs/plugin-legacy/-/plugin-legacy-5.3.2.tgz 17607ms (cache miss)
4433 http fetch GET 200 https://registry.npmjs.org/@babel/preset-env/-/preset-env-7.29.2.tgz 17697ms (cache miss)
4434 http fetch GET 200 https://registry.npmjs.org/parse-css-font/-/parse-css-font-4.0.0.tgz 17738ms (cache miss)
4435 http fetch GET 200 https://registry.npmjs.org/@vitejs/plugin-vue/-/plugin-vue-5.2.4.tgz 17933ms (cache miss)
4436 http fetch GET 200 https://registry.npmjs.org/qrcode-terminal/-/qrcode-terminal-0.12.0.tgz 17939ms (cache miss)
4437 http fetch GET 200 https://registry.npmjs.org/@babel/helper-create-class-features-plugin/-/helper-create-class-features-plugin-7.28.6.tgz 18042ms (cache miss)
4438 http fetch GET 200 https://registry.npmjs.org/source-map/-/source-map-0.6.1.tgz 18129ms (cache miss)
4439 http fetch GET 200 https://registry.npmjs.org/xmlhttprequest/-/xmlhttprequest-1.8.0.tgz 18327ms (cache miss)
4440 http fetch GET 200 https://registry.npmjs.org/safe-area-insets/-/safe-area-insets-1.4.1.tgz 18335ms (cache miss)
4441 http fetch GET 200 https://registry.npmjs.org/@dcloudio/uni-mp-vite/-/uni-mp-vite-3.0.0-5000320260312001.tgz 18807ms (cache miss)
4442 http fetch GET 200 https://registry.npmjs.org/localstorage-polyfill/-/localstorage-polyfill-1.0.1.tgz 19174ms (cache miss)
4443 http fetch GET 200 https://registry.npmjs.org/@babel/plugin-transform-typescript/-/plugin-transform-typescript-7.28.6.tgz 19228ms (cache miss)
4444 http fetch GET 200 https://registry.npmjs.org/to-fast-properties/-/to-fast-properties-2.0.0.tgz 19368ms (cache miss)
4445 http fetch GET 200 https://registry.npmjs.org/terser/-/terser-5.46.1.tgz 19470ms (cache miss)
4446 http fetch GET 200 https://registry.npmjs.org/@dcloudio/uni-h5-vite/-/uni-h5-vite-3.0.0-5000320260312001.tgz 19653ms (cache miss)
4447 http fetch GET 200 https://registry.npmjs.org/@babel/helper-string-parser/-/helper-string-parser-7.27.1.tgz 19774ms (cache miss)
4448 http fetch GET 200 https://registry.npmjs.org/@babel/helper-globals/-/helper-globals-7.28.0.tgz 19786ms (cache miss)
4449 http fetch GET 200 https://registry.npmjs.org/js-tokens/-/js-tokens-4.0.0.tgz 19854ms (cache miss)
4450 http fetch GET 200 https://registry.npmjs.org/vue-router/-/vue-router-4.4.4.tgz 20005ms (cache miss)
4451 http fetch GET 200 https://registry.npmjs.org/lru-cache/-/lru-cache-5.1.1.tgz 20034ms (cache miss)
4452 http fetch GET 200 https://registry.npmjs.org/chalk/-/chalk-2.4.2.tgz 20191ms (cache miss)
4453 http fetch GET 200 https://registry.npmjs.org/@babel/helper-validator-identifier/-/helper-validator-identifier-7.28.5.tgz 20233ms (cache miss)
4454 http fetch GET 200 https://registry.npmjs.org/browserslist/-/browserslist-4.28.1.tgz 20364ms (cache miss)
4455 http fetch GET 200 https://registry.npmjs.org/@babel/helper-validator-option/-/helper-validator-option-7.27.1.tgz 20443ms (cache miss)
4456 http fetch GET 200 https://registry.npmjs.org/ws/-/ws-8.18.0.tgz 20467ms (cache miss)
4457 http fetch GET 200 https://registry.npmjs.org/@babel/helper-module-imports/-/helper-module-imports-7.28.6.tgz 20467ms (cache miss)
4458 http fetch GET 200 https://registry.npmjs.org/@babel/compat-data/-/compat-data-7.29.0.tgz 20536ms (cache miss)
4459 http fetch GET 200 https://registry.npmjs.org/semver/-/semver-6.3.1.tgz 20819ms (cache miss)
4460 http fetch GET 200 https://registry.npmjs.org/convert-source-map/-/convert-source-map-2.0.0.tgz 20841ms (cache miss)
4461 http fetch GET 200 https://registry.npmjs.org/jsesc/-/jsesc-3.1.0.tgz 20862ms (cache miss)
4462 http fetch GET 200 https://registry.npmjs.org/gensync/-/gensync-1.0.0-beta.2.tgz 20926ms (cache miss)
4463 http fetch GET 200 https://registry.npmjs.org/@babel/helper-module-transforms/-/helper-module-transforms-7.28.6.tgz 21175ms (cache miss)
4464 http fetch GET 200 https://registry.npmjs.org/@babel/helper-compilation-targets/-/helper-compilation-targets-7.28.6.tgz 21615ms (cache miss)
4465 http fetch GET 200 https://registry.npmjs.org/json5/-/json5-2.2.3.tgz 21720ms (cache miss)
4466 http fetch GET 200 https://registry.npmjs.org/licia/-/licia-1.41.1.tgz 21893ms (cache miss)
4467 http fetch GET 200 https://registry.npmjs.org/@babel/template/-/template-7.28.6.tgz 22101ms (cache miss)
4468 http fetch GET 200 https://registry.npmjs.org/qrcode-reader/-/qrcode-reader-1.0.4.tgz 22133ms (cache miss)
4469 http fetch GET 200 https://registry.npmjs.org/@babel/highlight/-/highlight-7.25.9.tgz 22128ms (cache miss)
4470 http fetch GET 200 https://registry.npmjs.org/@dcloudio/uni-mp-compiler/-/uni-mp-compiler-3.0.0-5000320260312001.tgz 22162ms (cache miss)
4471 http fetch GET 200 https://registry.npmjs.org/@dcloudio/uni-mp-vue/-/uni-mp-vue-3.0.0-5000320260312001.tgz 22419ms (cache miss)
4472 http fetch GET 200 https://registry.npmjs.org/@jridgewell/trace-mapping/-/trace-mapping-0.3.31.tgz 22431ms (cache miss)
4473 http fetch GET 200 https://registry.npmjs.org/@babel/helpers/-/helpers-7.29.2.tgz 22796ms (cache miss)
4474 http fetch GET 200 https://registry.npmjs.org/resolve/-/resolve-1.22.8.tgz 23081ms (cache miss)
4475 http fetch GET 200 https://registry.npmjs.org/tapable/-/tapable-2.3.0.tgz 23103ms (cache miss)
4476 http fetch GET 200 https://registry.npmjs.org/@babel/generator/-/generator-7.29.1.tgz 23175ms (cache miss)
4477 http fetch GET 200 https://registry.npmjs.org/postcss-modules/-/postcss-modules-4.3.1.tgz 23234ms (cache miss)
4478 http fetch GET 200 https://registry.npmjs.org/source-map-js/-/source-map-js-1.2.1.tgz 23241ms (cache miss)
4479 http fetch GET 200 https://registry.npmjs.org/postcss-selector-parser/-/postcss-selector-parser-6.1.2.tgz 23290ms (cache miss)
4480 http fetch GET 200 https://registry.npmjs.org/unimport/-/unimport-4.1.1.tgz 23355ms (cache miss)
4481 http fetch GET 200 https://registry.npmjs.org/postcss-load-config/-/postcss-load-config-3.1.4.tgz 23406ms (cache miss)
4482 http fetch GET 200 https://registry.npmjs.org/@dcloudio/uni-h5-vue/-/uni-h5-vue-3.0.0-5000320260312001.tgz 23447ms (cache miss)
4483 http fetch GET 200 https://registry.npmjs.org/os-locale-s-fix/-/os-locale-s-fix-1.0.8-fix-1.tgz 23438ms (cache miss)
4484 http fetch GET 200 https://registry.npmjs.org/module-alias/-/module-alias-2.2.3.tgz 23528ms (cache miss)
4485 http fetch GET 200 https://registry.npmjs.org/merge/-/merge-2.1.1.tgz 23623ms (cache miss)
4486 http fetch GET 200 https://registry.npmjs.org/picocolors/-/picocolors-1.1.0.tgz 23623ms (cache miss)
4487 http fetch GET 200 https://registry.npmjs.org/@jridgewell/gen-mapping/-/gen-mapping-0.3.13.tgz 23679ms (cache miss)
4488 http fetch GET 200 https://registry.npmjs.org/isbinaryfile/-/isbinaryfile-5.0.2.tgz 23809ms (cache miss)
4489 http fetch GET 200 https://registry.npmjs.org/lines-and-columns/-/lines-and-columns-2.0.4.tgz 23867ms (cache miss)
4490 http fetch GET 200 https://registry.npmjs.org/postcss-import/-/postcss-import-14.1.0.tgz 23918ms (cache miss)
4491 http fetch GET 200 https://registry.npmjs.org/hash-sum/-/hash-sum-2.0.0.tgz 24006ms (cache miss)
4492 http fetch GET 200 https://registry.npmjs.org/jsonc-parser/-/jsonc-parser-3.3.1.tgz 24015ms (cache miss)
4493 http fetch GET 200 https://registry.npmjs.org/fs-extra/-/fs-extra-10.1.0.tgz 24298ms (cache miss)
4494 http fetch GET 200 https://registry.npmjs.org/esbuild/-/esbuild-0.20.2.tgz 24299ms (cache miss)
4495 http fetch GET 200 https://registry.npmjs.org/@babel/traverse/-/traverse-7.29.0.tgz 24375ms (cache miss)
4496 http fetch GET 200 https://registry.npmjs.org/estree-walker/-/estree-walker-2.0.2.tgz 24365ms (cache miss)
4497 http fetch GET 200 https://registry.npmjs.org/es-module-lexer/-/es-module-lexer-1.5.4.tgz 24442ms (cache miss)
4498 http fetch GET 200 https://registry.npmjs.org/compare-versions/-/compare-versions-3.6.0.tgz 24499ms (cache miss)
4499 http fetch GET 200 https://registry.npmjs.org/mime/-/mime-3.0.0.tgz 24545ms (cache miss)
4500 http fetch GET 200 https://registry.npmjs.org/base64url/-/base64url-3.0.1.tgz 24612ms (cache miss)
4501 http fetch GET 200 https://registry.npmjs.org/debug/-/debug-4.3.7.tgz 24665ms (cache miss)
4502 http fetch GET 200 https://registry.npmjs.org/adm-zip/-/adm-zip-0.5.16.tgz 25025ms (cache miss)
4503 http fetch GET 200 https://registry.npmjs.org/postcss/-/postcss-8.5.8.tgz 25188ms (cache miss)
4504 http fetch GET 200 https://registry.npmjs.org/magic-string/-/magic-string-0.30.11.tgz 25287ms (cache miss)
4505 http fetch GET 200 https://registry.npmjs.org/entities/-/entities-7.0.1.tgz 25316ms (cache miss)
4506 http fetch GET 200 https://registry.npmjs.org/@vue/compiler-ssr/-/compiler-ssr-3.4.21.tgz 25429ms (cache miss)
4507 http fetch GET 200 https://registry.npmjs.org/@intlify/vue-devtools/-/vue-devtools-9.1.9.tgz 25451ms (cache miss)
4508 http fetch GET 200 https://registry.npmjs.org/@rollup/pluginutils/-/pluginutils-5.1.0.tgz 25558ms (cache miss)
4509 http fetch GET 200 https://registry.npmjs.org/tinycolor2/-/tinycolor2-1.6.0.tgz 25576ms (cache miss)
4510 http fetch GET 200 https://registry.npmjs.org/@intlify/shared/-/shared-9.1.9.tgz 25612ms (cache miss)
4511 http fetch GET 200 https://registry.npmjs.org/chokidar/-/chokidar-3.6.0.tgz 25638ms (cache miss)
4512 http fetch GET 200 https://registry.npmjs.org/@vue/server-renderer/-/server-renderer-3.4.21.tgz 25675ms (cache miss)
4513 http fetch GET 200 https://registry.npmjs.org/@babel/code-frame/-/code-frame-7.24.7.tgz 25923ms (cache miss)
4514 http fetch GET 200 https://registry.npmjs.org/@vue/compiler-core/-/compiler-core-3.4.21.tgz 25935ms (cache miss)
4515 http fetch GET 200 https://registry.npmjs.org/@dcloudio/uni-nvue-styler/-/uni-nvue-styler-3.0.0-5000320260312001.tgz 25990ms (cache miss)
4516 http fetch GET 200 https://registry.npmjs.org/@ampproject/remapping/-/remapping-2.3.0.tgz 26034ms (cache miss)
4517 http fetch GET 200 https://registry.npmjs.org/@vue/shared/-/shared-3.4.21.tgz 26300ms (cache miss)
4518 http fetch GET 200 https://registry.npmjs.org/@dcloudio/uni-stat/-/uni-stat-3.0.0-5000320260312001.tgz 26627ms (cache miss)
4519 http fetch GET 200 https://registry.npmjs.org/autoprefixer/-/autoprefixer-10.4.20.tgz 26745ms (cache miss)
4520 http fetch GET 200 https://registry.npmjs.org/@intlify/core-base/-/core-base-9.1.9.tgz 26963ms (cache miss)
4521 http fetch GET 200 https://registry.npmjs.org/fast-glob/-/fast-glob-3.3.3.tgz 27004ms (cache miss)
4522 http fetch GET 200 https://registry.npmjs.org/@dcloudio/uni-shared/-/uni-shared-3.0.0-5000320260312001.tgz 27011ms (cache miss)
4523 http fetch GET 200 https://registry.npmjs.org/xregexp/-/xregexp-5.1.2.tgz 27177ms (cache miss)
4524 http fetch GET 200 https://registry.npmjs.org/@dcloudio/uni-i18n/-/uni-i18n-3.0.0-5000320260312001.tgz 27224ms (cache miss)
4525 http fetch GET 200 https://registry.npmjs.org/@babel/core/-/core-7.25.2.tgz 27386ms (cache miss)
4526 http fetch GET 200 https://registry.npmjs.org/@dcloudio/uni-console/-/uni-console-3.0.0-5000320260312001.tgz 27492ms (cache miss)
4527 http fetch GET 200 https://registry.npmjs.org/@vue/tsconfig/-/tsconfig-0.7.0.tgz 27600ms (cache miss)
4528 http fetch GET 200 https://registry.npmjs.org/@dcloudio/uni-mp-weixin/-/uni-mp-weixin-3.0.0-5000320260312001.tgz 28238ms (cache miss)
4529 http fetch GET 200 https://registry.npmjs.org/@dcloudio/uni-components/-/uni-components-3.0.0-5000320260312001.tgz 28466ms (cache miss)
4530 http fetch GET 200 https://registry.npmjs.org/@dcloudio/uni-push/-/uni-push-3.0.0-5000320260312001.tgz 28709ms (cache miss)
4531 http fetch GET 200 https://registry.npmjs.org/jimp/-/jimp-0.10.3.tgz 28821ms (cache miss)
4532 http fetch GET 200 https://registry.npmjs.org/@vue/compiler-dom/-/compiler-dom-3.4.21.tgz 29086ms (cache miss)
4533 http fetch GET 200 https://registry.npmjs.org/@dcloudio/uni-app/-/uni-app-3.0.0-5000320260312001.tgz 29121ms (cache miss)
4534 http fetch GET 200 https://registry.npmjs.org/@jimp/plugin-blit/-/plugin-blit-0.10.3.tgz 29442ms (cache miss)
4535 http fetch GET 200 https://registry.npmjs.org/@vue/compiler-sfc/-/compiler-sfc-3.4.21.tgz 29366ms (cache miss)
4536 http fetch GET 200 https://registry.npmjs.org/js-tokens/-/js-tokens-9.0.1.tgz 29454ms (cache miss)
4537 http fetch GET 200 https://registry.npmjs.org/pkg-types/-/pkg-types-2.3.0.tgz 29565ms (cache miss)
4538 http fetch GET 200 https://registry.npmjs.org/picomatch/-/picomatch-4.0.3.tgz 29603ms (cache miss)
4539 http fetch GET 200 https://registry.npmjs.org/phin/-/phin-3.7.1.tgz 29656ms (cache miss)
4540 http fetch GET 200 https://registry.npmjs.org/@dcloudio/vite-plugin-uni/-/vite-plugin-uni-3.0.0-5000320260312001.tgz 29662ms (cache miss)
4541 warn deprecated phin@3.7.1: Package no longer supported. Contact Support at https://www.npmjs.com/support for more info.
4542 http fetch GET 200 https://registry.npmjs.org/confbox/-/confbox-0.2.4.tgz 30013ms (cache miss)
4543 http fetch GET 200 https://registry.npmjs.org/mime/-/mime-1.6.0.tgz 30026ms (cache miss)
4544 http fetch GET 200 https://registry.npmjs.org/@babel/types/-/types-7.25.6.tgz 30306ms (cache miss)
4545 http fetch GET 200 https://registry.npmjs.org/mime/-/mime-1.6.0.tgz 30345ms (cache miss)
4546 http fetch GET 200 https://registry.npmjs.org/postcss-selector-parser/-/postcss-selector-parser-7.1.1.tgz 30452ms (cache miss)
4547 http fetch GET 200 https://registry.npmjs.org/debug/-/debug-2.6.9.tgz 30488ms (cache miss)
4548 http fetch GET 200 https://registry.npmjs.org/vue/-/vue-3.4.21.tgz 30531ms (cache miss)
4549 http fetch GET 200 https://registry.npmjs.org/picomatch/-/picomatch-4.0.3.tgz 30571ms (cache miss)
4550 http fetch GET 200 https://registry.npmjs.org/send/-/send-0.18.0.tgz 30589ms (cache miss)
4551 http fetch GET 200 https://registry.npmjs.org/core-js/-/core-js-3.49.0.tgz 30717ms (cache miss)
4552 http fetch GET 200 https://registry.npmjs.org/ms/-/ms-2.0.0.tgz 30664ms (cache miss)
4553 http fetch GET 200 https://registry.npmjs.org/encodeurl/-/encodeurl-1.0.2.tgz 30769ms (cache miss)
4554 http fetch GET 200 https://registry.npmjs.org/encodeurl/-/encodeurl-1.0.2.tgz 30788ms (cache miss)
4555 http fetch GET 200 https://registry.npmjs.org/encodeurl/-/encodeurl-1.0.2.tgz 30888ms (cache miss)
4556 http fetch GET 200 https://registry.npmjs.org/mime/-/mime-1.6.0.tgz 31161ms (cache miss)
4557 http fetch GET 200 https://registry.npmjs.org/postcss-selector-parser/-/postcss-selector-parser-7.1.1.tgz 31168ms (cache miss)
4558 http fetch GET 200 https://registry.npmjs.org/ms/-/ms-2.0.0.tgz 31185ms (cache miss)
4559 http fetch GET 200 https://registry.npmjs.org/ms/-/ms-2.0.0.tgz 31184ms (cache miss)
4560 http fetch GET 200 https://registry.npmjs.org/regenerator-runtime/-/regenerator-runtime-0.13.11.tgz 31193ms (cache miss)
4561 http fetch GET 200 https://registry.npmjs.org/ms/-/ms-2.0.0.tgz 31241ms (cache miss)
4562 http fetch GET 200 https://registry.npmjs.org/debug/-/debug-2.6.9.tgz 31276ms (cache miss)
4563 http fetch GET 200 https://registry.npmjs.org/debug/-/debug-2.6.9.tgz 31342ms (cache miss)
4564 http fetch GET 200 https://registry.npmjs.org/debug/-/debug-2.6.9.tgz 31350ms (cache miss)
4565 http fetch GET 200 https://registry.npmjs.org/@vue/shared/-/shared-3.5.30.tgz 31434ms (cache miss)
4566 http fetch GET 200 https://registry.npmjs.org/@vue/compiler-ssr/-/compiler-ssr-3.5.30.tgz 31587ms (cache miss)
4567 http fetch GET 200 https://registry.npmjs.org/debug/-/debug-4.4.3.tgz 31841ms (cache miss)
4568 http fetch GET 200 https://registry.npmjs.org/vite/-/vite-5.2.8.tgz 31949ms (cache miss)
4569 http fetch GET 200 https://registry.npmjs.org/picocolors/-/picocolors-1.1.1.tgz 31992ms (cache miss)
4570 http fetch GET 200 https://registry.npmjs.org/picocolors/-/picocolors-1.1.1.tgz 32084ms (cache miss)
4571 http fetch GET 200 https://registry.npmjs.org/magic-string/-/magic-string-0.30.21.tgz 32291ms (cache miss)
4572 http fetch GET 200 https://registry.npmjs.org/resolve/-/resolve-1.22.11.tgz 32295ms (cache miss)
4573 http fetch GET 200 https://registry.npmjs.org/@dcloudio/uni-cloud/-/uni-cloud-3.0.0-5000320260312001.tgz 32514ms (cache miss)
4574 http fetch GET 200 https://registry.npmjs.org/@babel/code-frame/-/code-frame-7.29.0.tgz 32481ms (cache miss)
4575 http fetch GET 200 https://registry.npmjs.org/@vue/compiler-core/-/compiler-core-3.5.30.tgz 32527ms (cache miss)
4576 http fetch GET 200 https://registry.npmjs.org/@vue/shared/-/shared-3.5.30.tgz 33210ms (cache miss)
4577 http fetch GET 200 https://registry.npmjs.org/@dcloudio/types/-/types-3.4.28.tgz 33363ms (cache miss)
4578 http fetch GET 200 https://registry.npmjs.org/@dcloudio/uni-h5/-/uni-h5-3.0.0-5000320260312001.tgz 33681ms (cache miss)
4579 http fetch GET 200 https://registry.npmjs.org/@vue/compiler-dom/-/compiler-dom-3.5.30.tgz 33767ms (cache miss)
4580 http fetch GET 200 https://registry.npmjs.org/debug/-/debug-2.6.9.tgz 33980ms (cache miss)
4581 http fetch GET 200 https://registry.npmjs.org/@babel/parser/-/parser-7.25.6.tgz 34120ms (cache miss)
4582 http fetch GET 200 https://registry.npmjs.org/qs/-/qs-6.13.0.tgz 34165ms (cache miss)
4583 http fetch GET 200 https://registry.npmjs.org/jsesc/-/jsesc-2.5.2.tgz 34292ms (cache miss)
4584 http fetch GET 200 https://registry.npmjs.org/@babel/types/-/types-7.29.0.tgz 34431ms (cache miss)
4585 http fetch GET 200 https://registry.npmjs.org/@vue/compiler-sfc/-/compiler-sfc-3.5.30.tgz 34484ms (cache miss)
4586 http fetch GET 200 https://registry.npmjs.org/regenerator-runtime/-/regenerator-runtime-0.13.11.tgz 34527ms (cache miss)
4587 http fetch GET 200 https://registry.npmjs.org/picocolors/-/picocolors-1.1.1.tgz 34756ms (cache miss)
4588 http fetch GET 200 https://registry.npmjs.org/ms/-/ms-2.0.0.tgz 34858ms (cache miss)
4589 http fetch GET 200 https://registry.npmjs.org/systemjs/-/systemjs-6.15.1.tgz 35026ms (cache miss)
4590 http fetch GET 200 https://registry.npmjs.org/picocolors/-/picocolors-1.1.1.tgz 34898ms (cache miss)
4591 http fetch GET 200 https://registry.npmjs.org/@babel/generator/-/generator-7.25.6.tgz 35072ms (cache miss)
4592 http fetch GET 200 https://registry.npmjs.org/@babel/types/-/types-7.29.0.tgz 35114ms (cache miss)
4593 http fetch GET 200 https://registry.npmjs.org/@babel/code-frame/-/code-frame-7.29.0.tgz 35606ms (cache miss)
4594 http fetch GET 200 https://registry.npmjs.org/@babel/code-frame/-/code-frame-7.29.0.tgz 35757ms (cache miss)
4595 http fetch GET 200 https://registry.npmjs.org/@babel/types/-/types-7.29.0.tgz 36019ms (cache miss)
4596 http fetch GET 200 https://registry.npmjs.org/picomatch/-/picomatch-4.0.3.tgz 36096ms (cache miss)
4597 http fetch GET 200 https://registry.npmjs.org/estree-walker/-/estree-walker-3.0.3.tgz 36308ms (cache miss)
4598 http fetch GET 200 https://registry.npmjs.org/escape-string-regexp/-/escape-string-regexp-5.0.0.tgz 36453ms (cache miss)
4599 http fetch GET 200 https://registry.npmjs.org/@babel/types/-/types-7.29.0.tgz 36600ms (cache miss)
4600 http fetch GET 200 https://registry.npmjs.org/@babel/parser/-/parser-7.29.2.tgz 36837ms (cache miss)
4601 http fetch GET 200 https://registry.npmjs.org/@babel/types/-/types-7.29.0.tgz 36923ms (cache miss)
4602 http fetch GET 200 https://registry.npmjs.org/picocolors/-/picocolors-1.1.1.tgz 37065ms (cache miss)
4603 http fetch GET 200 https://registry.npmjs.org/@babel/types/-/types-7.29.0.tgz 37245ms (cache miss)
4604 http fetch GET 200 https://registry.npmjs.org/magic-string/-/magic-string-0.30.21.tgz 37297ms (cache miss)
4605 http fetch GET 200 https://registry.npmjs.org/picomatch/-/picomatch-4.0.3.tgz 37310ms (cache miss)
4606 http fetch GET 200 https://registry.npmjs.org/@babel/types/-/types-7.29.0.tgz 37345ms (cache miss)
4607 http fetch GET 200 https://registry.npmjs.org/picomatch/-/picomatch-4.0.3.tgz 37591ms (cache miss)
4608 http fetch GET 200 https://registry.npmjs.org/unplugin-auto-import/-/unplugin-auto-import-19.1.0.tgz 37731ms (cache miss)
4609 http fetch GET 200 https://registry.npmjs.org/@babel/types/-/types-7.29.0.tgz 37816ms (cache miss)
4610 http fetch GET 200 https://registry.npmjs.org/unplugin-auto-import/-/unplugin-auto-import-19.1.0.tgz 37826ms (cache miss)
4611 http fetch GET 200 https://registry.npmjs.org/magic-string/-/magic-string-0.30.21.tgz 37824ms (cache miss)
4612 http fetch GET 200 https://registry.npmjs.org/postcss/-/postcss-8.4.45.tgz 37904ms (cache miss)
4613 http fetch GET 200 https://registry.npmjs.org/magic-string/-/magic-string-0.30.21.tgz 37941ms (cache miss)
4614 http fetch GET 200 https://registry.npmjs.org/entities/-/entities-4.5.0.tgz 37985ms (cache miss)
4615 http fetch GET 200 https://registry.npmjs.org/@babel/types/-/types-7.29.0.tgz 38116ms (cache miss)
4616 http fetch GET 200 https://registry.npmjs.org/@babel/types/-/types-7.29.0.tgz 38138ms (cache miss)
4617 http fetch GET 200 https://registry.npmjs.org/@babel/parser/-/parser-7.29.2.tgz 38323ms (cache miss)
4618 http fetch GET 200 https://registry.npmjs.org/@babel/types/-/types-7.29.0.tgz 39075ms (cache miss)
4619 http fetch GET 200 https://registry.npmjs.org/@babel/types/-/types-7.29.0.tgz 39520ms (cache miss)
4620 http fetch GET 200 https://registry.npmjs.org/@babel/parser/-/parser-7.29.2.tgz 39641ms (cache miss)
4621 http fetch GET 200 https://registry.npmjs.org/@dcloudio/uni-cli-shared/-/uni-cli-shared-3.0.0-5000320260312001.tgz 43973ms (cache miss)
4622 http fetch GET 200 https://registry.npmjs.org/@esbuild/win32-x64/-/win32-x64-0.20.2.tgz 52406ms (cache miss)
4623 verbose stack Error: read ECONNRESET
4623 verbose stack     at TLSWrap.onStreamRead (node:internal/stream_base_commons:216:20)
4624 error code ECONNRESET
4625 error syscall read
4626 error errno -4077
4627 error network read ECONNRESET
4628 error network This is a problem related to network connectivity.
4628 error network In most cases you are behind a proxy or have bad network settings.
4628 error network
4628 error network If you are behind a proxy, please make sure that the
4628 error network 'proxy' config is set properly.  See: 'npm help config'
4629 silly unfinished npm timer reify 1773732693649
4630 silly unfinished npm timer reify:unpack 1773732843073
4631 silly unfinished npm timer reifyNode:node_modules/@babel/template/node_modules/@babel/parser 1773732843077
4632 verbose cwd C:\Users\86137\Desktop\work\app\Yoom-App\frontend
4633 verbose os Windows_NT 10.0.26200
4634 verbose node v24.14.0
4635 verbose npm  v11.9.0
4636 verbose exit -4077
4637 verbose code -4077
4638 error A complete log of this run can be found in: C:\Users\86137\Desktop\work\app\Yoom-App\frontend\.npm-cache\_logs\2026-03-17T07_31_33_109Z-debug-0.log
