0 verbose cli D:\nodejs\node.exe D:\nodejs\node_modules\npm\bin\npm-cli.js
1 info using npm@11.9.0
2 info using node@v24.14.0
3 silly config load:file:D:\nodejs\node_modules\npm\npmrc
4 silly config load:file:C:\Users\86137\Desktop\work\app\Yoom-App\frontend\.npmrc
5 silly config load:file:C:\Users\86137\.npmrc
6 silly config load:file:D:\nodejs\node_global\etc\npmrc
7 verbose title npm install
8 verbose argv "install" "--cache" ".npm-cache" "--no-audit" "--no-fund"
9 verbose logfile logs-max:10 dir:C:\Users\86137\Desktop\work\app\Yoom-App\frontend\.npm-cache\_logs\2026-03-17T07_36_14_603Z-
10 verbose logfile C:\Users\86137\Desktop\work\app\Yoom-App\frontend\.npm-cache\_logs\2026-03-17T07_36_14_603Z-debug-0.log
11 silly logfile start cleaning logs, removing 1 files
12 silly packumentCache heap:2348810240 maxSize:587202560 maxEntrySize:293601280
13 silly idealTree buildDeps
14 silly fetch manifest @dcloudio/uni-app@3.0.0-5000320260312001
15 silly packumentCache full:https://registry.npmjs.org/@dcloudio%2funi-app cache-miss
16 silly logfile done cleaning log files
17 http fetch GET 200 https://registry.npmjs.org/@dcloudio%2funi-app 774ms (cache revalidated)
18 silly packumentCache full:https://registry.npmjs.org/@dcloudio%2funi-app set size:8595646 disposed:false
19 silly fetch manifest @dcloudio/types@3.4.28
20 silly packumentCache full:https://registry.npmjs.org/@dcloudio%2ftypes cache-miss
21 http fetch GET 200 https://registry.npmjs.org/@dcloudio%2ftypes 210ms (cache revalidated)
22 silly packumentCache full:https://registry.npmjs.org/@dcloudio%2ftypes set size:502202 disposed:false
23 silly fetch manifest @dcloudio/uni-h5@3.0.0-5000320260312001
24 silly packumentCache full:https://registry.npmjs.org/@dcloudio%2funi-h5 cache-miss
25 http fetch GET 200 https://registry.npmjs.org/@dcloudio%2funi-h5 318ms (cache revalidated)
26 silly packumentCache full:https://registry.npmjs.org/@dcloudio%2funi-h5 set size:12513873 disposed:false
27 silly fetch manifest @dcloudio/uni-mp-weixin@3.0.0-5000320260312001
28 silly packumentCache full:https://registry.npmjs.org/@dcloudio%2funi-mp-weixin cache-miss
29 http fetch GET 200 https://registry.npmjs.org/@dcloudio%2funi-mp-weixin 656ms (cache revalidated)
30 silly packumentCache full:https://registry.npmjs.org/@dcloudio%2funi-mp-weixin set size:12130907 disposed:false
31 silly fetch manifest vue@3.4.21
32 silly packumentCache full:https://registry.npmjs.org/vue cache-miss
33 http cache https://registry.npmjs.org/vue 24ms (cache hit)
34 silly packumentCache full:https://registry.npmjs.org/vue set size:2008300 disposed:false
35 silly fetch manifest typescript@*
36 silly packumentCache full:https://registry.npmjs.org/typescript cache-miss
37 http cache https://registry.npmjs.org/typescript 35ms (cache hit)
38 silly packumentCache full:https://registry.npmjs.org/typescript set size:15365987 disposed:false
39 silly fetch manifest @dcloudio/vite-plugin-uni@3.0.0-5000320260312001
40 silly packumentCache full:https://registry.npmjs.org/@dcloudio%2fvite-plugin-uni cache-miss
41 http fetch GET 200 https://registry.npmjs.org/@dcloudio%2fvite-plugin-uni 220ms (cache revalidated)
42 silly packumentCache full:https://registry.npmjs.org/@dcloudio%2fvite-plugin-uni set size:8113126 disposed:false
43 silly fetch manifest vite@5.2.8
44 silly packumentCache full:https://registry.npmjs.org/vite cache-miss
45 http fetch GET 200 https://registry.npmjs.org/vite 261ms (cache revalidated)
46 silly packumentCache full:https://registry.npmjs.org/vite set size:38751751 disposed:false
47 silly fetch manifest @types/node@^18.0.0 || >=20.0.0
48 silly packumentCache full:https://registry.npmjs.org/@types%2fnode cache-miss
49 http fetch GET 200 https://registry.npmjs.org/@types%2fnode 649ms (cache revalidated)
50 silly packumentCache full:https://registry.npmjs.org/@types%2fnode set size:10939971 disposed:false
51 silly fetch manifest less@*
52 silly packumentCache full:https://registry.npmjs.org/less cache-miss
53 http fetch GET 200 https://registry.npmjs.org/less 190ms (cache revalidated)
54 silly packumentCache full:https://registry.npmjs.org/less set size:461684 disposed:false
55 silly fetch manifest lightningcss@^1.21.0
56 silly packumentCache full:https://registry.npmjs.org/lightningcss cache-miss
57 http fetch GET 200 https://registry.npmjs.org/lightningcss 185ms (cache revalidated)
58 silly packumentCache full:https://registry.npmjs.org/lightningcss set size:186753 disposed:false
59 silly fetch manifest sass@*
60 silly packumentCache full:https://registry.npmjs.org/sass cache-miss
61 http fetch GET 200 https://registry.npmjs.org/sass 599ms (cache revalidated)
62 silly packumentCache full:https://registry.npmjs.org/sass set size:724154 disposed:false
63 silly fetch manifest stylus@*
64 silly packumentCache full:https://registry.npmjs.org/stylus cache-miss
65 http fetch GET 200 https://registry.npmjs.org/stylus 194ms (cache revalidated)
66 silly packumentCache full:https://registry.npmjs.org/stylus set size:286766 disposed:false
67 silly fetch manifest sugarss@*
68 silly packumentCache full:https://registry.npmjs.org/sugarss cache-miss
69 http fetch GET 200 https://registry.npmjs.org/sugarss 192ms (cache revalidated)
70 silly packumentCache full:https://registry.npmjs.org/sugarss set size:44975 disposed:false
71 silly fetch manifest postcss@^8.3.3
72 silly packumentCache full:https://registry.npmjs.org/postcss cache-miss
73 http fetch GET 200 https://registry.npmjs.org/postcss 193ms (cache revalidated)
74 silly packumentCache full:https://registry.npmjs.org/postcss set size:702266 disposed:false
75 silly fetch manifest terser@^5.4.0
76 silly packumentCache full:https://registry.npmjs.org/terser cache-miss
77 http fetch GET 200 https://registry.npmjs.org/terser 206ms (cache revalidated)
78 silly packumentCache full:https://registry.npmjs.org/terser set size:789927 disposed:false
79 silly fetch manifest @vue/tsconfig@^0.7.0
80 silly packumentCache full:https://registry.npmjs.org/@vue%2ftsconfig cache-miss
81 http cache https://registry.npmjs.org/@vue%2ftsconfig 8ms (cache hit)
82 silly packumentCache full:https://registry.npmjs.org/@vue%2ftsconfig set size:45925 disposed:false
83 silly fetch manifest typescript@5.x
84 silly packumentCache full:https://registry.npmjs.org/typescript cache-miss
85 http cache https://registry.npmjs.org/typescript 32ms (cache hit)
86 silly packumentCache full:https://registry.npmjs.org/typescript set size:15365987 disposed:false
87 silly placeDep ROOT @dcloudio/types@3.4.28 OK for: yoom-app-frontend@1.0.0 want: 3.4.28
88 silly placeDep ROOT @dcloudio/uni-app@3.0.0-5000320260312001 OK for: yoom-app-frontend@1.0.0 want: 3.0.0-5000320260312001
89 silly placeDep ROOT @dcloudio/uni-h5@3.0.0-5000320260312001 OK for: yoom-app-frontend@1.0.0 want: 3.0.0-5000320260312001
90 silly placeDep ROOT @dcloudio/uni-mp-weixin@3.0.0-5000320260312001 OK for: yoom-app-frontend@1.0.0 want: 3.0.0-5000320260312001
91 silly placeDep ROOT @dcloudio/vite-plugin-uni@3.0.0-5000320260312001 OK for: yoom-app-frontend@1.0.0 want: 3.0.0-5000320260312001
92 silly placeDep ROOT @vue/tsconfig@0.7.0 OK for: yoom-app-frontend@1.0.0 want: ^0.7.0
93 silly placeDep ROOT vue@3.4.21 OK for: yoom-app-frontend@1.0.0 want: 3.4.21
94 silly fetch manifest @vue/shared@3.4.21
95 silly packumentCache full:https://registry.npmjs.org/@vue%2fshared cache-miss
96 silly fetch manifest @dcloudio/uni-i18n@3.0.0-5000320260312001
97 silly packumentCache full:https://registry.npmjs.org/@dcloudio%2funi-i18n cache-miss
98 silly fetch manifest @dcloudio/uni-push@3.0.0-5000320260312001
99 silly packumentCache full:https://registry.npmjs.org/@dcloudio%2funi-push cache-miss
100 silly fetch manifest @dcloudio/uni-stat@3.0.0-5000320260312001
101 silly packumentCache full:https://registry.npmjs.org/@dcloudio%2funi-stat cache-miss
102 silly fetch manifest @dcloudio/uni-cloud@3.0.0-5000320260312001
103 silly packumentCache full:https://registry.npmjs.org/@dcloudio%2funi-cloud cache-miss
104 http cache https://registry.npmjs.org/@vue%2fshared 24ms (cache hit)
105 silly packumentCache full:https://registry.npmjs.org/@vue%2fshared set size:683602 disposed:false
106 silly fetch manifest @dcloudio/uni-shared@3.0.0-5000320260312001
107 silly packumentCache full:https://registry.npmjs.org/@dcloudio%2funi-shared cache-miss
108 http cache https://registry.npmjs.org/@dcloudio%2funi-push 30ms (cache hit)
109 silly packumentCache full:https://registry.npmjs.org/@dcloudio%2funi-push set size:1615274 disposed:false
110 silly fetch manifest @dcloudio/uni-console@3.0.0-5000320260312001
111 silly packumentCache full:https://registry.npmjs.org/@dcloudio%2funi-console cache-miss
112 http cache https://registry.npmjs.org/@dcloudio%2funi-cloud 40ms (cache hit)
113 silly packumentCache full:https://registry.npmjs.org/@dcloudio%2funi-cloud set size:2062417 disposed:false
114 silly fetch manifest @dcloudio/uni-components@3.0.0-5000320260312001
115 silly packumentCache full:https://registry.npmjs.org/@dcloudio%2funi-components cache-miss
116 http cache https://registry.npmjs.org/@dcloudio%2funi-i18n 61ms (cache hit)
117 silly packumentCache full:https://registry.npmjs.org/@dcloudio%2funi-i18n set size:8983898 disposed:false
118 silly fetch manifest debug@4.3.7
119 silly packumentCache full:https://registry.npmjs.org/debug cache-miss
120 http cache https://registry.npmjs.org/@dcloudio%2funi-stat 94ms (cache hit)
121 silly packumentCache full:https://registry.npmjs.org/@dcloudio%2funi-stat set size:6600365 disposed:false
122 silly fetch manifest vue-router@4.4.4
123 silly packumentCache full:https://registry.npmjs.org/vue-router cache-miss
124 http cache https://registry.npmjs.org/@dcloudio%2funi-console 108ms (cache hit)
125 silly packumentCache full:https://registry.npmjs.org/@dcloudio%2funi-console set size:182715 disposed:false
126 silly fetch manifest xmlhttprequest@^1.8.0
127 silly packumentCache full:https://registry.npmjs.org/xmlhttprequest cache-miss
128 http cache https://registry.npmjs.org/@dcloudio%2funi-shared 129ms (cache hit)
129 silly packumentCache full:https://registry.npmjs.org/@dcloudio%2funi-shared set size:7598404 disposed:false
130 silly fetch manifest safe-area-insets@1.4.1
131 silly packumentCache full:https://registry.npmjs.org/safe-area-insets cache-miss
132 http cache https://registry.npmjs.org/@dcloudio%2funi-components 138ms (cache hit)
133 silly packumentCache full:https://registry.npmjs.org/@dcloudio%2funi-components set size:7638317 disposed:false
134 silly fetch manifest @dcloudio/uni-h5-vue@3.0.0-5000320260312001
135 silly packumentCache full:https://registry.npmjs.org/@dcloudio%2funi-h5-vue cache-miss
136 http cache https://registry.npmjs.org/debug 119ms (cache hit)
137 silly packumentCache full:https://registry.npmjs.org/debug set size:195840 disposed:false
138 silly fetch manifest @vue/server-renderer@3.4.21
139 silly packumentCache full:https://registry.npmjs.org/@vue%2fserver-renderer cache-miss
140 http cache https://registry.npmjs.org/vue-router 84ms (cache hit)
141 silly packumentCache full:https://registry.npmjs.org/vue-router set size:962750 disposed:false
142 silly fetch manifest @dcloudio/uni-h5-vite@3.0.0-5000320260312001
143 silly packumentCache full:https://registry.npmjs.org/@dcloudio%2funi-h5-vite cache-miss
144 http cache https://registry.npmjs.org/xmlhttprequest 88ms (cache hit)
145 silly packumentCache full:https://registry.npmjs.org/xmlhttprequest set size:15758 disposed:false
146 silly fetch manifest localstorage-polyfill@^1.0.1
147 silly packumentCache full:https://registry.npmjs.org/localstorage-polyfill cache-miss
148 http cache https://registry.npmjs.org/safe-area-insets 63ms (cache hit)
149 silly packumentCache full:https://registry.npmjs.org/safe-area-insets set size:29808 disposed:false
150 silly fetch manifest postcss-selector-parser@6.1.2
151 silly packumentCache full:https://registry.npmjs.org/postcss-selector-parser cache-miss
152 http cache https://registry.npmjs.org/@vue%2fserver-renderer 32ms (cache hit)
153 silly packumentCache full:https://registry.npmjs.org/@vue%2fserver-renderer set size:777485 disposed:false
154 silly fetch manifest ws@8.18.0
155 silly packumentCache full:https://registry.npmjs.org/ws cache-miss
156 http cache https://registry.npmjs.org/@dcloudio%2funi-h5-vue 60ms (cache hit)
157 silly packumentCache full:https://registry.npmjs.org/@dcloudio%2funi-h5-vue set size:7595975 disposed:false
158 silly fetch manifest jimp@0.10.3
159 silly packumentCache full:https://registry.npmjs.org/jimp cache-miss
160 http cache https://registry.npmjs.org/@dcloudio%2funi-h5-vite 74ms (cache hit)
161 silly packumentCache full:https://registry.npmjs.org/@dcloudio%2funi-h5-vite set size:7861390 disposed:false
162 silly fetch manifest licia@1.41.1
163 silly packumentCache full:https://registry.npmjs.org/licia cache-miss
164 http cache https://registry.npmjs.org/localstorage-polyfill 84ms (cache hit)
165 silly packumentCache full:https://registry.npmjs.org/localstorage-polyfill set size:9514 disposed:false
166 silly fetch manifest qrcode-reader@1.0.4
167 silly packumentCache full:https://registry.npmjs.org/qrcode-reader cache-miss
168 http cache https://registry.npmjs.org/postcss-selector-parser 84ms (cache hit)
169 silly packumentCache full:https://registry.npmjs.org/postcss-selector-parser set size:177140 disposed:false
170 silly fetch manifest qrcode-terminal@0.12.0
171 silly packumentCache full:https://registry.npmjs.org/qrcode-terminal cache-miss
172 http cache https://registry.npmjs.org/ws 81ms (cache hit)
173 silly packumentCache full:https://registry.npmjs.org/ws set size:413307 disposed:false
174 silly fetch manifest @dcloudio/uni-mp-vue@3.0.0-5000320260312001
175 silly packumentCache full:https://registry.npmjs.org/@dcloudio%2funi-mp-vue cache-miss
176 http cache https://registry.npmjs.org/licia 24ms (cache hit)
177 silly packumentCache full:https://registry.npmjs.org/licia set size:171428 disposed:false
178 silly fetch manifest @dcloudio/uni-mp-vite@3.0.0-5000320260312001
179 silly packumentCache full:https://registry.npmjs.org/@dcloudio%2funi-mp-vite cache-miss
180 http cache https://registry.npmjs.org/jimp 61ms (cache hit)
181 silly packumentCache full:https://registry.npmjs.org/jimp set size:1192935 disposed:false
182 silly fetch manifest @dcloudio/uni-cli-shared@3.0.0-5000320260312001
183 silly packumentCache full:https://registry.npmjs.org/@dcloudio%2funi-cli-shared cache-miss
184 http cache https://registry.npmjs.org/qrcode-reader 32ms (cache hit)
185 silly packumentCache full:https://registry.npmjs.org/qrcode-reader set size:29471 disposed:false
186 silly fetch manifest @dcloudio/uni-mp-compiler@3.0.0-5000320260312001
187 silly packumentCache full:https://registry.npmjs.org/@dcloudio%2funi-mp-compiler cache-miss
188 http cache https://registry.npmjs.org/qrcode-terminal 31ms (cache hit)
189 silly packumentCache full:https://registry.npmjs.org/qrcode-terminal set size:29799 disposed:false
190 silly fetch manifest @babel/core@7.25.2
191 silly packumentCache full:https://registry.npmjs.org/@babel%2fcore cache-miss
192 http cache https://registry.npmjs.org/@dcloudio%2funi-mp-vue 43ms (cache hit)
193 silly packumentCache full:https://registry.npmjs.org/@dcloudio%2funi-mp-vue set size:9484590 disposed:false
194 silly fetch manifest @babel/plugin-syntax-import-meta@^7.10.4
195 silly packumentCache full:https://registry.npmjs.org/@babel%2fplugin-syntax-import-meta cache-miss
196 http cache https://registry.npmjs.org/@babel%2fcore 69ms (cache hit)
197 silly packumentCache full:https://registry.npmjs.org/@babel%2fcore set size:760113 disposed:false
198 silly fetch manifest @babel/plugin-transform-typescript@^7.23.3
199 silly packumentCache full:https://registry.npmjs.org/@babel%2fplugin-transform-typescript cache-miss
200 http cache https://registry.npmjs.org/@dcloudio%2funi-mp-vite 97ms (cache hit)
201 silly packumentCache full:https://registry.npmjs.org/@dcloudio%2funi-mp-vite set size:7670640 disposed:false
202 silly fetch manifest @rollup/pluginutils@5.1.0
203 silly packumentCache full:https://registry.npmjs.org/@rollup%2fpluginutils cache-miss
204 http cache https://registry.npmjs.org/@dcloudio%2funi-cli-shared 116ms (cache hit)
205 silly packumentCache full:https://registry.npmjs.org/@dcloudio%2funi-cli-shared set size:7639214 disposed:false
206 silly fetch manifest @vitejs/plugin-legacy@5.3.2
207 silly packumentCache full:https://registry.npmjs.org/@vitejs%2fplugin-legacy cache-miss
208 http cache https://registry.npmjs.org/@dcloudio%2funi-mp-compiler 153ms (cache hit)
209 silly packumentCache full:https://registry.npmjs.org/@dcloudio%2funi-mp-compiler set size:7694370 disposed:false
210 silly fetch manifest @vitejs/plugin-vue@5.2.4
211 silly packumentCache full:https://registry.npmjs.org/@vitejs%2fplugin-vue cache-miss
212 http cache https://registry.npmjs.org/@babel%2fplugin-syntax-import-meta 134ms (cache hit)
213 silly packumentCache full:https://registry.npmjs.org/@babel%2fplugin-syntax-import-meta set size:76236 disposed:false
214 silly fetch manifest @vitejs/plugin-vue-jsx@3.1.0
215 silly packumentCache full:https://registry.npmjs.org/@vitejs%2fplugin-vue-jsx cache-miss
216 http cache https://registry.npmjs.org/@rollup%2fpluginutils 97ms (cache hit)
217 silly packumentCache full:https://registry.npmjs.org/@rollup%2fpluginutils set size:118597 disposed:false
218 silly fetch manifest @vue/compiler-core@3.4.21
219 silly packumentCache full:https://registry.npmjs.org/@vue%2fcompiler-core cache-miss
220 http cache https://registry.npmjs.org/@babel%2fplugin-transform-typescript 127ms (cache hit)
221 silly packumentCache full:https://registry.npmjs.org/@babel%2fplugin-transform-typescript set size:388299 disposed:false
222 silly fetch manifest @vue/compiler-dom@3.4.21
223 silly packumentCache full:https://registry.npmjs.org/@vue%2fcompiler-dom cache-miss
224 http cache https://registry.npmjs.org/@vitejs%2fplugin-vue 32ms (cache hit)
225 silly packumentCache full:https://registry.npmjs.org/@vitejs%2fplugin-vue set size:417348 disposed:false
226 silly fetch manifest @vue/compiler-sfc@3.4.21
227 silly packumentCache full:https://registry.npmjs.org/@vue%2fcompiler-sfc cache-miss
228 http cache https://registry.npmjs.org/@vitejs%2fplugin-legacy 68ms (cache hit)
229 silly packumentCache full:https://registry.npmjs.org/@vitejs%2fplugin-legacy set size:267555 disposed:false
230 silly fetch manifest cac@6.7.9
231 silly packumentCache full:https://registry.npmjs.org/cac cache-miss
232 http cache https://registry.npmjs.org/@vitejs%2fplugin-vue-jsx 30ms (cache hit)
233 silly packumentCache full:https://registry.npmjs.org/@vitejs%2fplugin-vue-jsx set size:176194 disposed:false
234 silly fetch manifest estree-walker@2.0.2
235 silly packumentCache full:https://registry.npmjs.org/estree-walker cache-miss
236 http cache https://registry.npmjs.org/cac 14ms (cache hit)
237 silly packumentCache full:https://registry.npmjs.org/cac set size:375942 disposed:false
238 silly fetch manifest express@4.20.0
239 silly packumentCache full:https://registry.npmjs.org/express cache-miss
240 http cache https://registry.npmjs.org/@vue%2fcompiler-core 30ms (cache hit)
241 silly packumentCache full:https://registry.npmjs.org/@vue%2fcompiler-core set size:804518 disposed:false
242 silly fetch manifest fast-glob@3.3.3
243 silly packumentCache full:https://registry.npmjs.org/fast-glob cache-miss
244 http cache https://registry.npmjs.org/@vue%2fcompiler-dom 33ms (cache hit)
245 silly packumentCache full:https://registry.npmjs.org/@vue%2fcompiler-dom set size:809847 disposed:false
246 silly fetch manifest fs-extra@10.1.0
247 silly packumentCache full:https://registry.npmjs.org/fs-extra cache-miss
248 http cache https://registry.npmjs.org/@vue%2fcompiler-sfc 34ms (cache hit)
249 silly packumentCache full:https://registry.npmjs.org/@vue%2fcompiler-sfc set size:950063 disposed:false
250 silly fetch manifest hash-sum@2.0.0
251 silly packumentCache full:https://registry.npmjs.org/hash-sum cache-miss
252 http cache https://registry.npmjs.org/estree-walker 33ms (cache hit)
253 silly packumentCache full:https://registry.npmjs.org/estree-walker set size:60887 disposed:false
254 silly fetch manifest jsonc-parser@3.3.1
255 silly packumentCache full:https://registry.npmjs.org/jsonc-parser cache-miss
256 http cache https://registry.npmjs.org/express 32ms (cache hit)
257 silly packumentCache full:https://registry.npmjs.org/express set size:801261 disposed:false
258 silly fetch manifest magic-string@0.30.11
259 silly packumentCache full:https://registry.npmjs.org/magic-string cache-miss
260 http cache https://registry.npmjs.org/fast-glob 35ms (cache hit)
261 silly packumentCache full:https://registry.npmjs.org/fast-glob set size:220556 disposed:false
262 silly fetch manifest picocolors@1.1.0
263 silly packumentCache full:https://registry.npmjs.org/picocolors cache-miss
264 http cache https://registry.npmjs.org/fs-extra 32ms (cache hit)
265 silly packumentCache full:https://registry.npmjs.org/fs-extra set size:232595 disposed:false
266 silly fetch manifest unplugin-auto-import@19.1.0
267 silly packumentCache full:https://registry.npmjs.org/unplugin-auto-import cache-miss
268 http cache https://registry.npmjs.org/hash-sum 29ms (cache hit)
269 silly packumentCache full:https://registry.npmjs.org/hash-sum set size:8930 disposed:false
270 silly fetch manifest @dcloudio/uni-nvue-styler@3.0.0-5000320260312001
271 silly packumentCache full:https://registry.npmjs.org/@dcloudio%2funi-nvue-styler cache-miss
272 http cache https://registry.npmjs.org/jsonc-parser 28ms (cache hit)
273 silly packumentCache full:https://registry.npmjs.org/jsonc-parser set size:99919 disposed:false
274 silly fetch manifest @vue/runtime-dom@3.4.21
275 silly packumentCache full:https://registry.npmjs.org/@vue%2fruntime-dom cache-miss
276 http cache https://registry.npmjs.org/magic-string 17ms (cache hit)
277 silly packumentCache full:https://registry.npmjs.org/magic-string set size:331817 disposed:false
278 http cache https://registry.npmjs.org/picocolors 21ms (cache hit)
279 silly packumentCache full:https://registry.npmjs.org/picocolors set size:16648 disposed:false
280 http cache https://registry.npmjs.org/unplugin-auto-import 20ms (cache hit)
281 silly packumentCache full:https://registry.npmjs.org/unplugin-auto-import set size:598703 disposed:false
282 http cache https://registry.npmjs.org/@vue%2fruntime-dom 21ms (cache hit)
283 silly packumentCache full:https://registry.npmjs.org/@vue%2fruntime-dom set size:802443 disposed:false
284 http cache https://registry.npmjs.org/@dcloudio%2funi-nvue-styler 32ms (cache hit)
285 silly packumentCache full:https://registry.npmjs.org/@dcloudio%2funi-nvue-styler set size:1571745 disposed:false
286 silly placeDep ROOT @dcloudio/uni-cloud@3.0.0-5000320260312001 OK for: @dcloudio/uni-app@3.0.0-5000320260312001 want: 3.0.0-5000320260312001
287 silly placeDep ROOT @dcloudio/uni-components@3.0.0-5000320260312001 OK for: @dcloudio/uni-app@3.0.0-5000320260312001 want: 3.0.0-5000320260312001
288 silly placeDep ROOT @dcloudio/uni-console@3.0.0-5000320260312001 OK for: @dcloudio/uni-app@3.0.0-5000320260312001 want: 3.0.0-5000320260312001
289 silly placeDep ROOT @dcloudio/uni-i18n@3.0.0-5000320260312001 OK for: @dcloudio/uni-app@3.0.0-5000320260312001 want: 3.0.0-5000320260312001
290 silly placeDep ROOT @dcloudio/uni-push@3.0.0-5000320260312001 OK for: @dcloudio/uni-app@3.0.0-5000320260312001 want: 3.0.0-5000320260312001
291 silly placeDep ROOT @dcloudio/uni-shared@3.0.0-5000320260312001 OK for: @dcloudio/uni-app@3.0.0-5000320260312001 want: 3.0.0-5000320260312001
292 silly placeDep ROOT @dcloudio/uni-stat@3.0.0-5000320260312001 OK for: @dcloudio/uni-app@3.0.0-5000320260312001 want: 3.0.0-5000320260312001
293 silly placeDep ROOT @vue/shared@3.4.21 OK for: @dcloudio/uni-app@3.0.0-5000320260312001 want: 3.4.21
294 silly placeDep ROOT @dcloudio/uni-cli-shared@3.0.0-5000320260312001 OK for: @dcloudio/uni-cloud@3.0.0-5000320260312001 want: 3.0.0-5000320260312001
295 silly placeDep ROOT fast-glob@3.3.3 OK for: @dcloudio/uni-cloud@3.0.0-5000320260312001 want: 3.3.3
296 silly fetch manifest mime@3.0.0
297 silly packumentCache full:https://registry.npmjs.org/mime cache-miss
298 silly fetch manifest merge@2.1.1
299 silly packumentCache full:https://registry.npmjs.org/merge cache-miss
300 silly fetch manifest adm-zip@0.5.16
301 silly packumentCache full:https://registry.npmjs.org/adm-zip cache-miss
302 silly fetch manifest esbuild@0.20.2
303 silly packumentCache full:https://registry.npmjs.org/esbuild cache-miss
304 silly fetch manifest resolve@1.22.8
305 silly packumentCache full:https://registry.npmjs.org/resolve cache-miss
306 http cache https://registry.npmjs.org/adm-zip 9ms (cache hit)
307 silly packumentCache full:https://registry.npmjs.org/adm-zip set size:84933 disposed:false
308 silly fetch manifest tapable@^2.2.0
309 silly packumentCache full:https://registry.npmjs.org/tapable cache-miss
310 http cache https://registry.npmjs.org/merge 13ms (cache hit)
311 silly packumentCache full:https://registry.npmjs.org/merge set size:17553 disposed:false
312 silly fetch manifest xregexp@5.1.2
313 silly packumentCache full:https://registry.npmjs.org/xregexp cache-miss
314 http cache https://registry.npmjs.org/mime 14ms (cache hit)
315 silly packumentCache full:https://registry.npmjs.org/mime set size:119236 disposed:false
316 silly fetch manifest chokidar@3.6.0
317 silly packumentCache full:https://registry.npmjs.org/chokidar cache-miss
318 http cache https://registry.npmjs.org/resolve 17ms (cache hit)
319 silly packumentCache full:https://registry.npmjs.org/resolve set size:238156 disposed:false
320 silly fetch manifest entities@^7.0.0
321 silly packumentCache full:https://registry.npmjs.org/entities cache-miss
322 http cache https://registry.npmjs.org/esbuild 24ms (cache hit)
323 silly packumentCache full:https://registry.npmjs.org/esbuild set size:1244751 disposed:false
324 silly fetch manifest unimport@4.1.1
325 silly packumentCache full:https://registry.npmjs.org/unimport cache-miss
326 http cache https://registry.npmjs.org/chokidar 22ms (cache hit)
327 silly packumentCache full:https://registry.npmjs.org/chokidar set size:255902 disposed:false
328 silly fetch manifest base64url@^3.0.1
329 silly packumentCache full:https://registry.npmjs.org/base64url cache-miss
330 http cache https://registry.npmjs.org/tapable 31ms (cache hit)
331 silly packumentCache full:https://registry.npmjs.org/tapable set size:110418 disposed:false
332 silly fetch manifest tinycolor2@1.6.0
333 silly packumentCache full:https://registry.npmjs.org/tinycolor2 cache-miss
334 http cache https://registry.npmjs.org/xregexp 32ms (cache hit)
335 silly packumentCache full:https://registry.npmjs.org/xregexp set size:76781 disposed:false
336 silly fetch manifest @babel/types@7.25.6
337 silly packumentCache full:https://registry.npmjs.org/@babel%2ftypes cache-miss
338 http cache https://registry.npmjs.org/entities 28ms (cache hit)
339 silly packumentCache full:https://registry.npmjs.org/entities set size:99036 disposed:false
340 silly fetch manifest autoprefixer@10.4.20
341 silly packumentCache full:https://registry.npmjs.org/autoprefixer cache-miss
342 http cache https://registry.npmjs.org/unimport 22ms (cache hit)
343 silly packumentCache full:https://registry.npmjs.org/unimport set size:432937 disposed:false
344 silly fetch manifest isbinaryfile@5.0.2
345 silly packumentCache full:https://registry.npmjs.org/isbinaryfile cache-miss
346 http cache https://registry.npmjs.org/tinycolor2 20ms (cache hit)
347 silly packumentCache full:https://registry.npmjs.org/tinycolor2 set size:200459 disposed:false
348 silly fetch manifest module-alias@2.2.3
349 silly packumentCache full:https://registry.npmjs.org/module-alias cache-miss
350 http cache https://registry.npmjs.org/base64url 25ms (cache hit)
351 silly packumentCache full:https://registry.npmjs.org/base64url set size:34304 disposed:false
352 silly fetch manifest source-map-js@1.2.1
353 silly packumentCache full:https://registry.npmjs.org/source-map-js cache-miss
354 http cache https://registry.npmjs.org/@babel%2ftypes 23ms (cache hit)
355 silly packumentCache full:https://registry.npmjs.org/@babel%2ftypes set size:487885 disposed:false
356 silly fetch manifest postcss-import@^14.0.2
357 silly packumentCache full:https://registry.npmjs.org/postcss-import cache-miss
358 http cache https://registry.npmjs.org/isbinaryfile 19ms (cache hit)
359 silly packumentCache full:https://registry.npmjs.org/isbinaryfile set size:84537 disposed:false
360 silly fetch manifest @intlify/shared@9.1.9
361 silly packumentCache full:https://registry.npmjs.org/@intlify%2fshared cache-miss
362 http cache https://registry.npmjs.org/autoprefixer 28ms (cache hit)
363 silly packumentCache full:https://registry.npmjs.org/autoprefixer set size:1307925 disposed:false
364 silly fetch manifest es-module-lexer@1.5.4
365 silly packumentCache full:https://registry.npmjs.org/es-module-lexer cache-miss
366 http cache https://registry.npmjs.org/source-map-js 28ms (cache hit)
367 silly packumentCache full:https://registry.npmjs.org/source-map-js set size:62640 disposed:false
368 silly fetch manifest os-locale-s-fix@^1.0.8-fix-1
369 silly packumentCache full:https://registry.npmjs.org/os-locale-s-fix cache-miss
370 http cache https://registry.npmjs.org/module-alias 33ms (cache hit)
371 silly packumentCache full:https://registry.npmjs.org/module-alias set size:64847 disposed:false
372 silly fetch manifest postcss-modules@^4.3.0
373 silly packumentCache full:https://registry.npmjs.org/postcss-modules cache-miss
374 http cache https://registry.npmjs.org/postcss-import 28ms (cache hit)
375 silly packumentCache full:https://registry.npmjs.org/postcss-import set size:120971 disposed:false
376 silly fetch manifest compare-versions@^3.6.0
377 silly packumentCache full:https://registry.npmjs.org/compare-versions cache-miss
378 http cache https://registry.npmjs.org/es-module-lexer 17ms (cache hit)
379 silly packumentCache full:https://registry.npmjs.org/es-module-lexer set size:203341 disposed:false
380 silly fetch manifest @babel/code-frame@7.24.7
381 silly packumentCache full:https://registry.npmjs.org/@babel%2fcode-frame cache-miss
382 http cache https://registry.npmjs.org/@intlify%2fshared 31ms (cache hit)
383 silly packumentCache full:https://registry.npmjs.org/@intlify%2fshared set size:519801 disposed:false
384 silly fetch manifest @vue/compiler-ssr@3.4.21
385 silly packumentCache full:https://registry.npmjs.org/@vue%2fcompiler-ssr cache-miss
386 http cache https://registry.npmjs.org/postcss-modules 22ms (cache hit)
387 silly packumentCache full:https://registry.npmjs.org/postcss-modules set size:131229 disposed:false
388 silly fetch manifest lines-and-columns@^2.0.4
389 silly packumentCache full:https://registry.npmjs.org/lines-and-columns cache-miss
390 http cache https://registry.npmjs.org/os-locale-s-fix 28ms (cache hit)
391 silly packumentCache full:https://registry.npmjs.org/os-locale-s-fix set size:8960 disposed:false
392 silly fetch manifest @intlify/core-base@9.1.9
393 silly packumentCache full:https://registry.npmjs.org/@intlify%2fcore-base cache-miss
394 http cache https://registry.npmjs.org/@babel%2fcode-frame 20ms (cache hit)
395 silly packumentCache full:https://registry.npmjs.org/@babel%2fcode-frame set size:196196 disposed:false
396 silly fetch manifest postcss-load-config@^3.1.1
397 silly packumentCache full:https://registry.npmjs.org/postcss-load-config cache-miss
398 http cache https://registry.npmjs.org/compare-versions 27ms (cache hit)
399 silly packumentCache full:https://registry.npmjs.org/compare-versions set size:84298 disposed:false
400 silly fetch manifest @ampproject/remapping@^2.1.2
401 silly packumentCache full:https://registry.npmjs.org/@ampproject%2fremapping cache-miss
402 http cache https://registry.npmjs.org/@vue%2fcompiler-ssr 23ms (cache hit)
403 silly packumentCache full:https://registry.npmjs.org/@vue%2fcompiler-ssr set size:686852 disposed:false
404 silly fetch manifest @intlify/vue-devtools@9.1.9
405 silly packumentCache full:https://registry.npmjs.org/@intlify%2fvue-devtools cache-miss
406 http cache https://registry.npmjs.org/lines-and-columns 20ms (cache hit)
407 silly packumentCache full:https://registry.npmjs.org/lines-and-columns set size:73796 disposed:false
408 silly fetch manifest @nodelib/fs.stat@^2.0.2
409 silly packumentCache full:https://registry.npmjs.org/@nodelib%2ffs.stat cache-miss
410 http cache https://registry.npmjs.org/postcss-load-config 20ms (cache hit)
411 silly packumentCache full:https://registry.npmjs.org/postcss-load-config set size:86425 disposed:false
412 silly fetch manifest @nodelib/fs.walk@^1.2.3
413 silly packumentCache full:https://registry.npmjs.org/@nodelib%2ffs.walk cache-miss
414 http cache https://registry.npmjs.org/@ampproject%2fremapping 19ms (cache hit)
415 silly packumentCache full:https://registry.npmjs.org/@ampproject%2fremapping set size:88598 disposed:false
416 silly fetch manifest glob-parent@^5.1.2
417 silly packumentCache full:https://registry.npmjs.org/glob-parent cache-miss
418 http cache https://registry.npmjs.org/@intlify%2fcore-base 29ms (cache hit)
419 silly packumentCache full:https://registry.npmjs.org/@intlify%2fcore-base set size:587348 disposed:false
420 silly fetch manifest merge2@^1.3.0
421 silly packumentCache full:https://registry.npmjs.org/merge2 cache-miss
422 http cache https://registry.npmjs.org/@intlify%2fvue-devtools 24ms (cache hit)
423 silly packumentCache full:https://registry.npmjs.org/@intlify%2fvue-devtools set size:377014 disposed:false
424 silly fetch manifest micromatch@^4.0.8
425 silly packumentCache full:https://registry.npmjs.org/micromatch cache-miss
426 http cache https://registry.npmjs.org/@nodelib%2ffs.stat 25ms (cache hit)
427 silly packumentCache full:https://registry.npmjs.org/@nodelib%2ffs.stat set size:36993 disposed:false
428 http cache https://registry.npmjs.org/@nodelib%2ffs.walk 22ms (cache hit)
429 silly packumentCache full:https://registry.npmjs.org/@nodelib%2ffs.walk set size:41589 disposed:false
430 http cache https://registry.npmjs.org/merge2 17ms (cache hit)
431 silly packumentCache full:https://registry.npmjs.org/merge2 set size:46159 disposed:false
432 http cache https://registry.npmjs.org/glob-parent 23ms (cache hit)
433 silly packumentCache full:https://registry.npmjs.org/glob-parent set size:42445 disposed:false
434 http cache https://registry.npmjs.org/micromatch 14ms (cache hit)
435 silly packumentCache full:https://registry.npmjs.org/micromatch set size:240630 disposed:false
436 silly fetch manifest postcss@^8.1.0
437 silly packumentCache full:https://registry.npmjs.org/postcss cache-hit
438 silly fetch manifest postcss@^8.0.0
439 silly packumentCache full:https://registry.npmjs.org/postcss cache-hit
440 silly fetch manifest rollup@^1.20.0||^2.0.0||^3.0.0||^4.0.0
441 silly packumentCache full:https://registry.npmjs.org/rollup cache-miss
442 http cache https://registry.npmjs.org/rollup 28ms (cache hit)
443 silly packumentCache full:https://registry.npmjs.org/rollup set size:6122682 disposed:false
444 silly fetch manifest postcss@>=8.0.9
445 silly packumentCache full:https://registry.npmjs.org/postcss cache-hit
446 silly fetch manifest ts-node@>=9.0.0
447 silly packumentCache full:https://registry.npmjs.org/ts-node cache-miss
448 http cache https://registry.npmjs.org/ts-node 9ms (cache hit)
449 silly packumentCache full:https://registry.npmjs.org/ts-node set size:574573 disposed:false
450 silly fetch manifest @swc/core@>=1.2.50
451 silly packumentCache full:https://registry.npmjs.org/@swc%2fcore cache-miss
452 http cache https://registry.npmjs.org/@swc%2fcore 14ms (cache hit)
453 silly packumentCache full:https://registry.npmjs.org/@swc%2fcore set size:3950353 disposed:false
454 silly fetch manifest @swc/helpers@>=0.5.17
455 silly packumentCache full:https://registry.npmjs.org/@swc%2fhelpers cache-miss
456 http cache https://registry.npmjs.org/@swc%2fhelpers 10ms (cache hit)
457 silly packumentCache full:https://registry.npmjs.org/@swc%2fhelpers set size:678955 disposed:false
458 silly fetch manifest @swc/wasm@>=1.2.50
459 silly packumentCache full:https://registry.npmjs.org/@swc%2fwasm cache-miss
460 http cache https://registry.npmjs.org/@swc%2fwasm 10ms (cache hit)
461 silly packumentCache full:https://registry.npmjs.org/@swc%2fwasm set size:1324765 disposed:false
462 silly fetch manifest @types/node@*
463 silly packumentCache full:https://registry.npmjs.org/@types%2fnode cache-miss
464 http cache https://registry.npmjs.org/@types%2fnode 38ms (cache hit)
465 silly packumentCache full:https://registry.npmjs.org/@types%2fnode set size:10939971 disposed:false
466 silly fetch manifest typescript@>=2.7
467 silly packumentCache full:https://registry.npmjs.org/typescript cache-miss
468 http cache https://registry.npmjs.org/typescript 45ms (cache hit)
469 silly packumentCache full:https://registry.npmjs.org/typescript set size:15365987 disposed:false
470 silly fetch manifest @nuxt/kit@^3.2.2
471 silly packumentCache full:https://registry.npmjs.org/@nuxt%2fkit cache-miss
472 http cache https://registry.npmjs.org/@nuxt%2fkit 13ms (cache hit)
473 silly packumentCache full:https://registry.npmjs.org/@nuxt%2fkit set size:370869 disposed:false
474 silly fetch manifest @vueuse/core@*
475 silly packumentCache full:https://registry.npmjs.org/@vueuse%2fcore cache-miss
476 http cache https://registry.npmjs.org/@vueuse%2fcore 9ms (cache hit)
477 silly packumentCache full:https://registry.npmjs.org/@vueuse%2fcore set size:1145950 disposed:false
478 silly fetch manifest vue@^3.5.0
479 silly packumentCache full:https://registry.npmjs.org/vue cache-miss
480 http cache https://registry.npmjs.org/vue 10ms (cache hit)
481 silly packumentCache full:https://registry.npmjs.org/vue set size:2008300 disposed:false
482 silly placeDep ROOT @ampproject/remapping@2.3.0 OK for: @dcloudio/uni-cli-shared@3.0.0-5000320260312001 want: ^2.1.2
483 silly placeDep ROOT @babel/code-frame@7.24.7 OK for: @dcloudio/uni-cli-shared@3.0.0-5000320260312001 want: 7.24.7
484 silly placeDep ROOT @babel/core@7.25.2 OK for: @dcloudio/uni-cli-shared@3.0.0-5000320260312001 want: 7.25.2
485 silly placeDep ROOT @babel/types@7.25.6 OK for: @dcloudio/uni-cli-shared@3.0.0-5000320260312001 want: 7.25.6
486 silly placeDep ROOT @dcloudio/uni-nvue-styler@3.0.0-5000320260312001 OK for: @dcloudio/uni-cli-shared@3.0.0-5000320260312001 want: 3.0.0-5000320260312001
487 silly placeDep ROOT @intlify/core-base@9.1.9 OK for: @dcloudio/uni-cli-shared@3.0.0-5000320260312001 want: 9.1.9
488 silly placeDep ROOT @intlify/shared@9.1.9 OK for: @dcloudio/uni-cli-shared@3.0.0-5000320260312001 want: 9.1.9
489 silly placeDep ROOT @intlify/vue-devtools@9.1.9 OK for: @dcloudio/uni-cli-shared@3.0.0-5000320260312001 want: 9.1.9
490 silly placeDep ROOT @rollup/pluginutils@5.1.0 OK for: @dcloudio/uni-cli-shared@3.0.0-5000320260312001 want: 5.1.0
491 silly placeDep ROOT @vue/compiler-core@3.4.21 OK for: @dcloudio/uni-cli-shared@3.0.0-5000320260312001 want: 3.4.21
492 silly placeDep ROOT @vue/compiler-dom@3.4.21 OK for: @dcloudio/uni-cli-shared@3.0.0-5000320260312001 want: 3.4.21
493 silly placeDep ROOT @vue/compiler-sfc@3.4.21 OK for: @dcloudio/uni-cli-shared@3.0.0-5000320260312001 want: 3.4.21
494 silly placeDep ROOT @vue/compiler-ssr@3.4.21 OK for: @dcloudio/uni-cli-shared@3.0.0-5000320260312001 want: 3.4.21
495 silly placeDep ROOT @vue/server-renderer@3.4.21 OK for: @dcloudio/uni-cli-shared@3.0.0-5000320260312001 want: 3.4.21
496 silly placeDep ROOT adm-zip@0.5.16 OK for: @dcloudio/uni-cli-shared@3.0.0-5000320260312001 want: 0.5.16
497 silly placeDep ROOT autoprefixer@10.4.20 OK for: @dcloudio/uni-cli-shared@3.0.0-5000320260312001 want: 10.4.20
498 silly placeDep ROOT postcss@8.5.8 OK for: autoprefixer@10.4.20 want: ^8.1.0
499 silly placeDep ROOT base64url@3.0.1 OK for: @dcloudio/uni-cli-shared@3.0.0-5000320260312001 want: ^3.0.1
500 silly placeDep ROOT chokidar@3.6.0 OK for: @dcloudio/uni-cli-shared@3.0.0-5000320260312001 want: 3.6.0
501 silly placeDep ROOT compare-versions@3.6.0 OK for: @dcloudio/uni-cli-shared@3.0.0-5000320260312001 want: ^3.6.0
502 silly placeDep ROOT debug@4.3.7 OK for: @dcloudio/uni-cli-shared@3.0.0-5000320260312001 want: 4.3.7
503 silly placeDep ROOT entities@7.0.1 OK for: @dcloudio/uni-cli-shared@3.0.0-5000320260312001 want: ^7.0.0
504 silly placeDep ROOT es-module-lexer@1.5.4 OK for: @dcloudio/uni-cli-shared@3.0.0-5000320260312001 want: 1.5.4
505 silly placeDep ROOT esbuild@0.20.2 OK for: @dcloudio/uni-cli-shared@3.0.0-5000320260312001 want: 0.20.2
506 silly placeDep ROOT estree-walker@2.0.2 OK for: @dcloudio/uni-cli-shared@3.0.0-5000320260312001 want: 2.0.2
507 silly placeDep ROOT fs-extra@10.1.0 OK for: @dcloudio/uni-cli-shared@3.0.0-5000320260312001 want: 10.1.0
508 silly placeDep ROOT hash-sum@2.0.0 OK for: @dcloudio/uni-cli-shared@3.0.0-5000320260312001 want: 2.0.0
509 silly placeDep ROOT isbinaryfile@5.0.2 OK for: @dcloudio/uni-cli-shared@3.0.0-5000320260312001 want: 5.0.2
510 silly placeDep ROOT jsonc-parser@3.3.1 OK for: @dcloudio/uni-cli-shared@3.0.0-5000320260312001 want: 3.3.1
511 silly placeDep ROOT lines-and-columns@2.0.4 OK for: @dcloudio/uni-cli-shared@3.0.0-5000320260312001 want: ^2.0.4
512 silly placeDep ROOT magic-string@0.30.11 OK for: @dcloudio/uni-cli-shared@3.0.0-5000320260312001 want: 0.30.11
513 silly placeDep ROOT merge@2.1.1 OK for: @dcloudio/uni-cli-shared@3.0.0-5000320260312001 want: 2.1.1
514 silly placeDep ROOT mime@3.0.0 OK for: @dcloudio/uni-cli-shared@3.0.0-5000320260312001 want: 3.0.0
515 silly placeDep ROOT module-alias@2.2.3 OK for: @dcloudio/uni-cli-shared@3.0.0-5000320260312001 want: 2.2.3
516 silly placeDep ROOT os-locale-s-fix@1.0.8-fix-1 OK for: @dcloudio/uni-cli-shared@3.0.0-5000320260312001 want: ^1.0.8-fix-1
517 silly placeDep ROOT picocolors@1.1.0 OK for: @dcloudio/uni-cli-shared@3.0.0-5000320260312001 want: 1.1.0
518 silly placeDep ROOT postcss-import@14.1.0 OK for: @dcloudio/uni-cli-shared@3.0.0-5000320260312001 want: ^14.0.2
519 silly placeDep ROOT postcss-load-config@3.1.4 OK for: @dcloudio/uni-cli-shared@3.0.0-5000320260312001 want: ^3.1.1
520 silly placeDep ROOT postcss-modules@4.3.1 OK for: @dcloudio/uni-cli-shared@3.0.0-5000320260312001 want: ^4.3.0
521 silly placeDep ROOT postcss-selector-parser@6.1.2 OK for: @dcloudio/uni-cli-shared@3.0.0-5000320260312001 want: 6.1.2
522 silly placeDep ROOT resolve@1.22.8 OK for: @dcloudio/uni-cli-shared@3.0.0-5000320260312001 want: 1.22.8
523 silly placeDep ROOT source-map-js@1.2.1 OK for: @dcloudio/uni-cli-shared@3.0.0-5000320260312001 want: 1.2.1
524 silly placeDep ROOT tapable@2.3.0 OK for: @dcloudio/uni-cli-shared@3.0.0-5000320260312001 want: ^2.2.0
525 silly placeDep ROOT tinycolor2@1.6.0 OK for: @dcloudio/uni-cli-shared@3.0.0-5000320260312001 want: 1.6.0
526 silly placeDep ROOT unimport@4.1.1 OK for: @dcloudio/uni-cli-shared@3.0.0-5000320260312001 want: 4.1.1
527 silly placeDep node_modules/@dcloudio/uni-cli-shared unplugin-auto-import@19.1.0 OK for: @dcloudio/uni-cli-shared@3.0.0-5000320260312001 want: 19.1.0
528 silly placeDep ROOT xregexp@5.1.2 OK for: @dcloudio/uni-cli-shared@3.0.0-5000320260312001 want: 5.1.2
529 silly fetch manifest @jridgewell/gen-mapping@^0.3.5
530 silly packumentCache full:https://registry.npmjs.org/@jridgewell%2fgen-mapping cache-miss
531 silly fetch manifest @jridgewell/trace-mapping@^0.3.24
532 silly packumentCache full:https://registry.npmjs.org/@jridgewell%2ftrace-mapping cache-miss
533 silly fetch manifest picocolors@^1.0.0
534 silly packumentCache full:https://registry.npmjs.org/picocolors cache-hit
535 silly fetch manifest @babel/highlight@^7.24.7
536 silly packumentCache full:https://registry.npmjs.org/@babel%2fhighlight cache-miss
537 silly fetch manifest debug@^4.1.0
538 silly packumentCache full:https://registry.npmjs.org/debug cache-hit
539 silly fetch manifest json5@^2.2.3
540 silly packumentCache full:https://registry.npmjs.org/json5 cache-miss
541 silly fetch manifest semver@^6.3.1
542 silly packumentCache full:https://registry.npmjs.org/semver cache-miss
543 http cache https://registry.npmjs.org/@jridgewell%2ftrace-mapping 13ms (cache hit)
544 silly packumentCache full:https://registry.npmjs.org/@jridgewell%2ftrace-mapping set size:170909 disposed:false
545 silly fetch manifest gensync@^1.0.0-beta.2
546 silly packumentCache full:https://registry.npmjs.org/gensync cache-miss
547 http cache https://registry.npmjs.org/@babel%2fhighlight 16ms (cache hit)
548 silly packumentCache full:https://registry.npmjs.org/@babel%2fhighlight set size:154219 disposed:false
549 silly fetch manifest @babel/types@^7.25.2
550 silly packumentCache full:https://registry.npmjs.org/@babel%2ftypes cache-hit
551 silly fetch manifest @babel/helpers@^7.25.0
552 silly packumentCache full:https://registry.npmjs.org/@babel%2fhelpers cache-miss
553 http cache https://registry.npmjs.org/semver 18ms (cache hit)
554 silly packumentCache full:https://registry.npmjs.org/semver set size:229678 disposed:false
555 silly fetch manifest @babel/traverse@^7.25.2
556 silly packumentCache full:https://registry.npmjs.org/@babel%2ftraverse cache-miss
557 http cache https://registry.npmjs.org/json5 22ms (cache hit)
558 silly packumentCache full:https://registry.npmjs.org/json5 set size:86136 disposed:false
559 silly fetch manifest @babel/generator@^7.25.0
560 silly packumentCache full:https://registry.npmjs.org/@babel%2fgenerator cache-miss
561 http cache https://registry.npmjs.org/@jridgewell%2fgen-mapping 27ms (cache hit)
562 silly packumentCache full:https://registry.npmjs.org/@jridgewell%2fgen-mapping set size:80719 disposed:false
563 silly fetch manifest convert-source-map@^2.0.0
564 silly packumentCache full:https://registry.npmjs.org/convert-source-map cache-miss
565 http cache https://registry.npmjs.org/gensync 18ms (cache hit)
566 silly packumentCache full:https://registry.npmjs.org/gensync set size:15068 disposed:false
567 silly fetch manifest @babel/helper-module-transforms@^7.25.2
568 silly packumentCache full:https://registry.npmjs.org/@babel%2fhelper-module-transforms cache-miss
569 http cache https://registry.npmjs.org/@babel%2ftraverse 16ms (cache hit)
570 silly packumentCache full:https://registry.npmjs.org/@babel%2ftraverse set size:548722 disposed:false
571 silly fetch manifest @babel/helper-compilation-targets@^7.25.2
572 silly packumentCache full:https://registry.npmjs.org/@babel%2fhelper-compilation-targets cache-miss
573 http cache https://registry.npmjs.org/@babel%2fhelpers 24ms (cache hit)
574 silly packumentCache full:https://registry.npmjs.org/@babel%2fhelpers set size:388224 disposed:false
575 silly fetch manifest to-fast-properties@^2.0.0
576 silly packumentCache full:https://registry.npmjs.org/to-fast-properties cache-miss
577 http cache https://registry.npmjs.org/convert-source-map 20ms (cache hit)
578 silly packumentCache full:https://registry.npmjs.org/convert-source-map set size:66997 disposed:false
579 silly fetch manifest @babel/helper-string-parser@^7.24.8
580 silly packumentCache full:https://registry.npmjs.org/@babel%2fhelper-string-parser cache-miss
581 http cache https://registry.npmjs.org/@babel%2fgenerator 25ms (cache hit)
582 silly packumentCache full:https://registry.npmjs.org/@babel%2fgenerator set size:507107 disposed:false
583 silly fetch manifest @babel/helper-validator-identifier@^7.24.7
584 silly packumentCache full:https://registry.npmjs.org/@babel%2fhelper-validator-identifier cache-miss
585 http cache https://registry.npmjs.org/@babel%2fhelper-module-transforms 26ms (cache hit)
586 silly packumentCache full:https://registry.npmjs.org/@babel%2fhelper-module-transforms set size:333553 disposed:false
587 silly fetch manifest parse-css-font@^4.0.0
588 silly packumentCache full:https://registry.npmjs.org/parse-css-font cache-miss
589 http cache https://registry.npmjs.org/@babel%2fhelper-compilation-targets 24ms (cache hit)
590 silly packumentCache full:https://registry.npmjs.org/@babel%2fhelper-compilation-targets set size:218757 disposed:false
591 silly fetch manifest postcss@8.4.45
592 silly packumentCache full:https://registry.npmjs.org/postcss cache-hit
593 silly fetch manifest @intlify/runtime@9.1.9
594 silly packumentCache full:https://registry.npmjs.org/@intlify%2fruntime cache-miss
595 http cache https://registry.npmjs.org/to-fast-properties 22ms (cache hit)
596 silly packumentCache full:https://registry.npmjs.org/to-fast-properties set size:17311 disposed:false
597 silly fetch manifest @intlify/devtools-if@9.1.9
598 silly packumentCache full:https://registry.npmjs.org/@intlify%2fdevtools-if cache-miss
599 http cache https://registry.npmjs.org/@babel%2fhelper-string-parser 21ms (cache hit)
600 silly packumentCache full:https://registry.npmjs.org/@babel%2fhelper-string-parser set size:82028 disposed:false
601 silly fetch manifest @intlify/message-compiler@9.1.9
602 silly packumentCache full:https://registry.npmjs.org/@intlify%2fmessage-compiler cache-miss
603 http cache https://registry.npmjs.org/@babel%2fhelper-validator-identifier 19ms (cache hit)
604 silly packumentCache full:https://registry.npmjs.org/@babel%2fhelper-validator-identifier set size:116299 disposed:false
605 silly fetch manifest @intlify/message-resolver@9.1.9
606 silly packumentCache full:https://registry.npmjs.org/@intlify%2fmessage-resolver cache-miss
607 http cache https://registry.npmjs.org/parse-css-font 18ms (cache hit)
608 silly packumentCache full:https://registry.npmjs.org/parse-css-font set size:30911 disposed:false
609 silly fetch manifest @intlify/runtime@9.1.9
610 silly packumentCache full:https://registry.npmjs.org/@intlify%2fruntime cache-miss
611 http cache https://registry.npmjs.org/@intlify%2fruntime 18ms (cache hit)
612 silly packumentCache full:https://registry.npmjs.org/@intlify%2fruntime set size:102060 disposed:false
613 silly fetch manifest @intlify/message-resolver@9.1.9
614 silly packumentCache full:https://registry.npmjs.org/@intlify%2fmessage-resolver cache-miss
615 http cache https://registry.npmjs.org/@intlify%2fdevtools-if 18ms (cache hit)
616 silly packumentCache full:https://registry.npmjs.org/@intlify%2fdevtools-if set size:373495 disposed:false
617 silly fetch manifest picomatch@^2.3.1
618 silly packumentCache full:https://registry.npmjs.org/picomatch cache-miss
619 http cache https://registry.npmjs.org/@intlify%2fmessage-compiler 20ms (cache hit)
620 silly packumentCache full:https://registry.npmjs.org/@intlify%2fmessage-compiler set size:606042 disposed:false
621 silly fetch manifest @types/estree@^1.0.0
622 silly packumentCache full:https://registry.npmjs.org/@types%2festree cache-miss
623 http cache https://registry.npmjs.org/@intlify%2fmessage-resolver 23ms (cache hit)
624 silly packumentCache full:https://registry.npmjs.org/@intlify%2fmessage-resolver set size:98787 disposed:false
625 silly fetch manifest estree-walker@^2.0.2
626 silly packumentCache full:https://registry.npmjs.org/estree-walker cache-hit
627 silly fetch manifest entities@^4.5.0
628 silly packumentCache full:https://registry.npmjs.org/entities cache-hit
629 silly fetch manifest source-map-js@^1.0.2
630 silly packumentCache full:https://registry.npmjs.org/source-map-js cache-hit
631 silly fetch manifest postcss@^8.4.35
632 silly packumentCache full:https://registry.npmjs.org/postcss cache-hit
633 silly fetch manifest magic-string@^0.30.7
634 silly packumentCache full:https://registry.npmjs.org/magic-string cache-hit
635 silly fetch manifest picocolors@^1.0.1
636 silly packumentCache full:https://registry.npmjs.org/picocolors cache-hit
637 silly fetch manifest fraction.js@^4.3.7
638 silly packumentCache full:https://registry.npmjs.org/fraction.js cache-miss
639 http cache https://registry.npmjs.org/@intlify%2fruntime 26ms (cache hit)
640 silly packumentCache full:https://registry.npmjs.org/@intlify%2fruntime set size:102060 disposed:false
641 silly packumentCache full:https://registry.npmjs.org/@intlify%2fruntime dispose
642 silly fetch manifest browserslist@^4.23.3
643 silly packumentCache full:https://registry.npmjs.org/browserslist cache-miss
644 http cache https://registry.npmjs.org/@intlify%2fmessage-resolver 24ms (cache hit)
645 silly packumentCache full:https://registry.npmjs.org/@intlify%2fmessage-resolver set size:98787 disposed:false
646 silly packumentCache full:https://registry.npmjs.org/@intlify%2fmessage-resolver dispose
647 silly fetch manifest caniuse-lite@^1.0.30001646
648 silly packumentCache full:https://registry.npmjs.org/caniuse-lite cache-miss
649 http cache https://registry.npmjs.org/@types%2festree 17ms (cache hit)
650 silly packumentCache full:https://registry.npmjs.org/@types%2festree set size:74091 disposed:false
651 silly fetch manifest normalize-range@^0.1.2
652 silly packumentCache full:https://registry.npmjs.org/normalize-range cache-miss
653 http cache https://registry.npmjs.org/picomatch 24ms (cache hit)
654 silly packumentCache full:https://registry.npmjs.org/picomatch set size:118818 disposed:false
655 silly fetch manifest postcss-value-parser@^4.2.0
656 silly packumentCache full:https://registry.npmjs.org/postcss-value-parser cache-miss
657 http cache https://registry.npmjs.org/fraction.js 19ms (cache hit)
658 silly packumentCache full:https://registry.npmjs.org/fraction.js set size:149386 disposed:false
659 silly fetch manifest nanoid@^3.3.11
660 silly packumentCache full:https://registry.npmjs.org/nanoid cache-miss
661 http cache https://registry.npmjs.org/browserslist 21ms (cache hit)
662 silly packumentCache full:https://registry.npmjs.org/browserslist set size:502989 disposed:false
663 silly fetch manifest picocolors@^1.1.1
664 silly packumentCache full:https://registry.npmjs.org/picocolors cache-hit
665 silly fetch manifest source-map-js@^1.2.1
666 silly packumentCache full:https://registry.npmjs.org/source-map-js cache-hit
667 silly fetch manifest braces@~3.0.2
668 silly packumentCache full:https://registry.npmjs.org/braces cache-miss
669 http cache https://registry.npmjs.org/normalize-range 22ms (cache hit)
670 silly packumentCache full:https://registry.npmjs.org/normalize-range set size:10677 disposed:false
671 silly fetch manifest is-glob@~4.0.1
672 silly packumentCache full:https://registry.npmjs.org/is-glob cache-miss
673 http cache https://registry.npmjs.org/postcss-value-parser 21ms (cache hit)
674 silly packumentCache full:https://registry.npmjs.org/postcss-value-parser set size:73484 disposed:false
675 silly fetch manifest anymatch@~3.1.2
676 silly packumentCache full:https://registry.npmjs.org/anymatch cache-miss
677 http cache https://registry.npmjs.org/nanoid 21ms (cache hit)
678 silly packumentCache full:https://registry.npmjs.org/nanoid set size:300313 disposed:false
679 silly fetch manifest readdirp@~3.6.0
680 silly packumentCache full:https://registry.npmjs.org/readdirp cache-miss
681 http cache https://registry.npmjs.org/caniuse-lite 42ms (cache hit)
682 silly packumentCache full:https://registry.npmjs.org/caniuse-lite set size:2270921 disposed:false
683 silly fetch manifest glob-parent@~5.1.2
684 silly packumentCache full:https://registry.npmjs.org/glob-parent cache-hit
685 silly fetch manifest is-binary-path@~2.1.0
686 silly packumentCache full:https://registry.npmjs.org/is-binary-path cache-miss
687 http cache https://registry.npmjs.org/is-glob 49ms (cache hit)
688 silly packumentCache full:https://registry.npmjs.org/is-glob set size:40530 disposed:false
689 silly fetch manifest normalize-path@~3.0.0
690 silly packumentCache full:https://registry.npmjs.org/normalize-path cache-miss
691 http cache https://registry.npmjs.org/braces 52ms (cache hit)
692 silly packumentCache full:https://registry.npmjs.org/braces set size:114529 disposed:false
693 silly fetch manifest fsevents@~2.3.2
694 silly packumentCache full:https://registry.npmjs.org/fsevents cache-miss
695 http cache https://registry.npmjs.org/anymatch 50ms (cache hit)
696 silly packumentCache full:https://registry.npmjs.org/anymatch set size:42974 disposed:false
697 silly fetch manifest ms@^2.1.3
698 silly packumentCache full:https://registry.npmjs.org/ms cache-miss
699 http cache https://registry.npmjs.org/readdirp 43ms (cache hit)
700 silly packumentCache full:https://registry.npmjs.org/readdirp set size:107589 disposed:false
701 silly fetch manifest @esbuild/aix-ppc64@0.20.2
702 silly packumentCache full:https://registry.npmjs.org/@esbuild%2faix-ppc64 cache-miss
703 http cache https://registry.npmjs.org/is-binary-path 27ms (cache hit)
704 silly packumentCache full:https://registry.npmjs.org/is-binary-path set size:13475 disposed:false
705 silly fetch manifest @esbuild/linux-arm@0.20.2
706 silly packumentCache full:https://registry.npmjs.org/@esbuild%2flinux-arm cache-miss
707 http cache https://registry.npmjs.org/normalize-path 18ms (cache hit)
708 silly packumentCache full:https://registry.npmjs.org/normalize-path set size:28713 disposed:false
709 silly fetch manifest @esbuild/linux-x64@0.20.2
710 silly packumentCache full:https://registry.npmjs.org/@esbuild%2flinux-x64 cache-miss
711 http cache https://registry.npmjs.org/fsevents 17ms (cache hit)
712 silly packumentCache full:https://registry.npmjs.org/fsevents set size:182472 disposed:false
713 silly fetch manifest @esbuild/sunos-x64@0.20.2
714 silly packumentCache full:https://registry.npmjs.org/@esbuild%2fsunos-x64 cache-miss
715 http cache https://registry.npmjs.org/ms 17ms (cache hit)
716 silly packumentCache full:https://registry.npmjs.org/ms set size:92208 disposed:false
717 silly fetch manifest @esbuild/win32-x64@0.20.2
718 silly packumentCache full:https://registry.npmjs.org/@esbuild%2fwin32-x64 cache-miss
719 http cache https://registry.npmjs.org/@esbuild%2faix-ppc64 17ms (cache hit)
720 silly packumentCache full:https://registry.npmjs.org/@esbuild%2faix-ppc64 set size:57686 disposed:false
721 silly fetch manifest @esbuild/darwin-x64@0.20.2
722 silly packumentCache full:https://registry.npmjs.org/@esbuild%2fdarwin-x64 cache-miss
723 http cache https://registry.npmjs.org/@esbuild%2flinux-arm 19ms (cache hit)
724 silly packumentCache full:https://registry.npmjs.org/@esbuild%2flinux-arm set size:188561 disposed:false
725 silly fetch manifest @esbuild/linux-ia32@0.20.2
726 silly packumentCache full:https://registry.npmjs.org/@esbuild%2flinux-ia32 cache-miss
727 http cache https://registry.npmjs.org/@esbuild%2fsunos-x64 18ms (cache hit)
728 silly packumentCache full:https://registry.npmjs.org/@esbuild%2fsunos-x64 set size:189123 disposed:false
729 silly fetch manifest @esbuild/netbsd-x64@0.20.2
730 silly packumentCache full:https://registry.npmjs.org/@esbuild%2fnetbsd-x64 cache-miss
731 http cache https://registry.npmjs.org/@esbuild%2fwin32-x64 17ms (cache hit)
732 silly packumentCache full:https://registry.npmjs.org/@esbuild%2fwin32-x64 set size:189125 disposed:false
733 silly fetch manifest @esbuild/win32-ia32@0.20.2
734 silly packumentCache full:https://registry.npmjs.org/@esbuild%2fwin32-ia32 cache-miss
735 http cache https://registry.npmjs.org/@esbuild%2flinux-x64 25ms (cache hit)
736 silly packumentCache full:https://registry.npmjs.org/@esbuild%2flinux-x64 set size:188891 disposed:false
737 silly fetch manifest @esbuild/android-arm@0.20.2
738 silly packumentCache full:https://registry.npmjs.org/@esbuild%2fandroid-arm cache-miss
739 http cache https://registry.npmjs.org/@esbuild%2flinux-ia32 16ms (cache hit)
740 silly packumentCache full:https://registry.npmjs.org/@esbuild%2flinux-ia32 set size:189532 disposed:false
741 silly fetch manifest @esbuild/android-x64@0.20.2
742 silly packumentCache full:https://registry.npmjs.org/@esbuild%2fandroid-x64 cache-miss
743 http cache https://registry.npmjs.org/@esbuild%2fdarwin-x64 22ms (cache hit)
744 silly packumentCache full:https://registry.npmjs.org/@esbuild%2fdarwin-x64 set size:189577 disposed:false
745 silly fetch manifest @esbuild/freebsd-x64@0.20.2
746 silly packumentCache full:https://registry.npmjs.org/@esbuild%2ffreebsd-x64 cache-miss
747 http cache https://registry.npmjs.org/@esbuild%2fnetbsd-x64 18ms (cache hit)
748 silly packumentCache full:https://registry.npmjs.org/@esbuild%2fnetbsd-x64 set size:187362 disposed:false
749 silly fetch manifest @esbuild/linux-arm64@0.20.2
750 silly packumentCache full:https://registry.npmjs.org/@esbuild%2flinux-arm64 cache-miss
751 http cache https://registry.npmjs.org/@esbuild%2fandroid-arm 16ms (cache hit)
752 silly packumentCache full:https://registry.npmjs.org/@esbuild%2fandroid-arm set size:215153 disposed:false
753 silly fetch manifest @esbuild/linux-ppc64@0.20.2
754 silly packumentCache full:https://registry.npmjs.org/@esbuild%2flinux-ppc64 cache-miss
755 http cache https://registry.npmjs.org/@esbuild%2fandroid-x64 16ms (cache hit)
756 silly packumentCache full:https://registry.npmjs.org/@esbuild%2fandroid-x64 set size:188956 disposed:false
757 silly fetch manifest @esbuild/linux-s390x@0.20.2
758 silly packumentCache full:https://registry.npmjs.org/@esbuild%2flinux-s390x cache-miss
759 http cache https://registry.npmjs.org/@esbuild%2fwin32-ia32 24ms (cache hit)
760 silly packumentCache full:https://registry.npmjs.org/@esbuild%2fwin32-ia32 set size:189750 disposed:false
761 silly fetch manifest @esbuild/openbsd-x64@0.20.2
762 silly packumentCache full:https://registry.npmjs.org/@esbuild%2fopenbsd-x64 cache-miss
763 http cache https://registry.npmjs.org/@esbuild%2ffreebsd-x64 21ms (cache hit)
764 silly packumentCache full:https://registry.npmjs.org/@esbuild%2ffreebsd-x64 set size:190419 disposed:false
765 silly fetch manifest @esbuild/win32-arm64@0.20.2
766 silly packumentCache full:https://registry.npmjs.org/@esbuild%2fwin32-arm64 cache-miss
767 http cache https://registry.npmjs.org/@esbuild%2flinux-ppc64 16ms (cache hit)
768 silly packumentCache full:https://registry.npmjs.org/@esbuild%2flinux-ppc64 set size:192578 disposed:false
769 silly fetch manifest @esbuild/darwin-arm64@0.20.2
770 silly packumentCache full:https://registry.npmjs.org/@esbuild%2fdarwin-arm64 cache-miss
771 http cache https://registry.npmjs.org/@esbuild%2flinux-arm64 21ms (cache hit)
772 silly packumentCache full:https://registry.npmjs.org/@esbuild%2flinux-arm64 set size:190613 disposed:false
773 silly fetch manifest @esbuild/android-arm64@0.20.2
774 silly packumentCache full:https://registry.npmjs.org/@esbuild%2fandroid-arm64 cache-miss
775 http cache https://registry.npmjs.org/@esbuild%2fopenbsd-x64 16ms (cache hit)
776 silly packumentCache full:https://registry.npmjs.org/@esbuild%2fopenbsd-x64 set size:190425 disposed:false
777 silly fetch manifest @esbuild/freebsd-arm64@0.20.2
778 silly packumentCache full:https://registry.npmjs.org/@esbuild%2ffreebsd-arm64 cache-miss
779 http cache https://registry.npmjs.org/@esbuild%2flinux-s390x 21ms (cache hit)
780 silly packumentCache full:https://registry.npmjs.org/@esbuild%2flinux-s390x set size:192070 disposed:false
781 silly fetch manifest @esbuild/linux-loong64@0.20.2
782 silly packumentCache full:https://registry.npmjs.org/@esbuild%2flinux-loong64 cache-miss
783 http cache https://registry.npmjs.org/@esbuild%2fwin32-arm64 19ms (cache hit)
784 silly packumentCache full:https://registry.npmjs.org/@esbuild%2fwin32-arm64 set size:190835 disposed:false
785 silly fetch manifest @esbuild/linux-riscv64@0.20.2
786 silly packumentCache full:https://registry.npmjs.org/@esbuild%2flinux-riscv64 cache-miss
787 http cache https://registry.npmjs.org/@esbuild%2fdarwin-arm64 20ms (cache hit)
788 silly packumentCache full:https://registry.npmjs.org/@esbuild%2fdarwin-arm64 set size:191268 disposed:false
789 silly fetch manifest @esbuild/linux-mips64el@0.20.2
790 silly packumentCache full:https://registry.npmjs.org/@esbuild%2flinux-mips64el cache-miss
791 http cache https://registry.npmjs.org/@esbuild%2ffreebsd-arm64 18ms (cache hit)
792 silly packumentCache full:https://registry.npmjs.org/@esbuild%2ffreebsd-arm64 set size:192128 disposed:false
793 silly fetch manifest jsonfile@^6.0.1
794 silly packumentCache full:https://registry.npmjs.org/jsonfile cache-miss
795 http cache https://registry.npmjs.org/@esbuild%2flinux-loong64 17ms (cache hit)
796 silly packumentCache full:https://registry.npmjs.org/@esbuild%2flinux-loong64 set size:245468 disposed:false
797 silly fetch manifest graceful-fs@^4.2.0
798 silly packumentCache full:https://registry.npmjs.org/graceful-fs cache-miss
799 http cache https://registry.npmjs.org/@esbuild%2fandroid-arm64 24ms (cache hit)
800 silly packumentCache full:https://registry.npmjs.org/@esbuild%2fandroid-arm64 set size:193961 disposed:false
801 silly fetch manifest universalify@^2.0.0
802 silly packumentCache full:https://registry.npmjs.org/universalify cache-miss
803 http cache https://registry.npmjs.org/@esbuild%2flinux-riscv64 20ms (cache hit)
804 silly packumentCache full:https://registry.npmjs.org/@esbuild%2flinux-riscv64 set size:192251 disposed:false
805 silly fetch manifest @jridgewell/sourcemap-codec@^1.5.0
806 silly packumentCache full:https://registry.npmjs.org/@jridgewell%2fsourcemap-codec cache-miss
807 http cache https://registry.npmjs.org/@esbuild%2flinux-mips64el 24ms (cache hit)
808 silly packumentCache full:https://registry.npmjs.org/@esbuild%2flinux-mips64el set size:194259 disposed:false
809 silly fetch manifest lcid@^3.0.0
810 silly packumentCache full:https://registry.npmjs.org/lcid cache-miss
811 http cache https://registry.npmjs.org/jsonfile 25ms (cache hit)
812 silly packumentCache full:https://registry.npmjs.org/jsonfile set size:51505 disposed:false
813 silly fetch manifest resolve@^1.1.7
814 silly packumentCache full:https://registry.npmjs.org/resolve cache-hit
815 silly fetch manifest read-cache@^1.0.0
816 silly packumentCache full:https://registry.npmjs.org/read-cache cache-miss
817 http cache https://registry.npmjs.org/universalify 22ms (cache hit)
818 silly packumentCache full:https://registry.npmjs.org/universalify set size:19431 disposed:false
819 silly fetch manifest postcss-value-parser@^4.0.0
820 silly packumentCache full:https://registry.npmjs.org/postcss-value-parser cache-hit
821 silly fetch manifest yaml@^1.10.2
822 silly packumentCache full:https://registry.npmjs.org/yaml cache-miss
823 http cache https://registry.npmjs.org/@jridgewell%2fsourcemap-codec 21ms (cache hit)
824 silly packumentCache full:https://registry.npmjs.org/@jridgewell%2fsourcemap-codec set size:59275 disposed:false
825 silly fetch manifest lilconfig@^2.0.5
826 silly packumentCache full:https://registry.npmjs.org/lilconfig cache-miss
827 http cache https://registry.npmjs.org/graceful-fs 29ms (cache hit)
828 silly packumentCache full:https://registry.npmjs.org/graceful-fs set size:124285 disposed:false
829 silly fetch manifest string-hash@^1.1.1
830 silly packumentCache full:https://registry.npmjs.org/string-hash cache-miss
831 http cache https://registry.npmjs.org/lcid 21ms (cache hit)
832 silly packumentCache full:https://registry.npmjs.org/lcid set size:20804 disposed:false
833 silly fetch manifest generic-names@^4.0.0
834 silly packumentCache full:https://registry.npmjs.org/generic-names cache-miss
835 http cache https://registry.npmjs.org/yaml 19ms (cache hit)
836 silly packumentCache full:https://registry.npmjs.org/yaml set size:361552 disposed:false
837 silly fetch manifest lodash.camelcase@^4.3.0
838 silly packumentCache full:https://registry.npmjs.org/lodash.camelcase cache-miss
839 http cache https://registry.npmjs.org/lilconfig 21ms (cache hit)
840 silly packumentCache full:https://registry.npmjs.org/lilconfig set size:45636 disposed:false
841 silly fetch manifest icss-replace-symbols@^1.1.0
842 silly packumentCache full:https://registry.npmjs.org/icss-replace-symbols cache-miss
843 http cache https://registry.npmjs.org/read-cache 26ms (cache hit)
844 silly packumentCache full:https://registry.npmjs.org/read-cache set size:3003 disposed:false
845 silly fetch manifest postcss-modules-scope@^3.0.0
846 silly packumentCache full:https://registry.npmjs.org/postcss-modules-scope cache-miss
847 http cache https://registry.npmjs.org/string-hash 22ms (cache hit)
848 silly packumentCache full:https://registry.npmjs.org/string-hash set size:7114 disposed:false
849 silly fetch manifest postcss-modules-values@^4.0.0
850 silly packumentCache full:https://registry.npmjs.org/postcss-modules-values cache-miss
851 http cache https://registry.npmjs.org/generic-names 22ms (cache hit)
852 silly packumentCache full:https://registry.npmjs.org/generic-names set size:18672 disposed:false
853 silly fetch manifest postcss-modules-extract-imports@^3.0.0
854 silly packumentCache full:https://registry.npmjs.org/postcss-modules-extract-imports cache-miss
855 http cache https://registry.npmjs.org/lodash.camelcase 19ms (cache hit)
856 silly packumentCache full:https://registry.npmjs.org/lodash.camelcase set size:16993 disposed:false
857 silly fetch manifest postcss-modules-local-by-default@^4.0.0
858 silly packumentCache full:https://registry.npmjs.org/postcss-modules-local-by-default cache-miss
859 http cache https://registry.npmjs.org/postcss-modules-scope 16ms (cache hit)
860 silly packumentCache full:https://registry.npmjs.org/postcss-modules-scope set size:72581 disposed:false
861 silly fetch manifest cssesc@^3.0.0
862 silly packumentCache full:https://registry.npmjs.org/cssesc cache-miss
863 http cache https://registry.npmjs.org/icss-replace-symbols 22ms (cache hit)
864 silly packumentCache full:https://registry.npmjs.org/icss-replace-symbols set size:8682 disposed:false
865 silly fetch manifest util-deprecate@^1.0.2
866 silly packumentCache full:https://registry.npmjs.org/util-deprecate cache-miss
867 http cache https://registry.npmjs.org/postcss-modules-values 20ms (cache hit)
868 silly packumentCache full:https://registry.npmjs.org/postcss-modules-values set size:56722 disposed:false
869 silly fetch manifest path-parse@^1.0.7
870 silly packumentCache full:https://registry.npmjs.org/path-parse cache-miss
871 http cache https://registry.npmjs.org/postcss-modules-extract-imports 24ms (cache hit)
872 silly packumentCache full:https://registry.npmjs.org/postcss-modules-extract-imports set size:57788 disposed:false
873 silly fetch manifest is-core-module@^2.13.0
874 silly packumentCache full:https://registry.npmjs.org/is-core-module cache-miss
875 http cache https://registry.npmjs.org/postcss-modules-local-by-default 25ms (cache hit)
876 silly packumentCache full:https://registry.npmjs.org/postcss-modules-local-by-default set size:107445 disposed:false
877 silly fetch manifest supports-preserve-symlinks-flag@^1.0.0
878 silly packumentCache full:https://registry.npmjs.org/supports-preserve-symlinks-flag cache-miss
879 http cache https://registry.npmjs.org/cssesc 23ms (cache hit)
880 silly packumentCache full:https://registry.npmjs.org/cssesc set size:18815 disposed:false
881 silly fetch manifest mlly@^1.7.4
882 silly packumentCache full:https://registry.npmjs.org/mlly cache-miss
883 http cache https://registry.npmjs.org/path-parse 22ms (cache hit)
884 silly packumentCache full:https://registry.npmjs.org/path-parse set size:14523 disposed:false
885 silly fetch manifest acorn@^8.14.0
886 silly packumentCache full:https://registry.npmjs.org/acorn cache-miss
887 http cache https://registry.npmjs.org/util-deprecate 26ms (cache hit)
888 silly packumentCache full:https://registry.npmjs.org/util-deprecate set size:6674 disposed:false
889 silly fetch manifest pathe@^2.0.2
890 silly packumentCache full:https://registry.npmjs.org/pathe cache-miss
891 http cache https://registry.npmjs.org/is-core-module 19ms (cache hit)
892 silly packumentCache full:https://registry.npmjs.org/is-core-module set size:71788 disposed:false
893 silly fetch manifest scule@^1.3.0
894 silly packumentCache full:https://registry.npmjs.org/scule cache-miss
895 http cache https://registry.npmjs.org/supports-preserve-symlinks-flag 16ms (cache hit)
896 silly packumentCache full:https://registry.npmjs.org/supports-preserve-symlinks-flag set size:6802 disposed:false
897 silly fetch manifest unplugin@^2.1.2
898 silly packumentCache full:https://registry.npmjs.org/unplugin cache-miss
899 http cache https://registry.npmjs.org/mlly 17ms (cache hit)
900 silly packumentCache full:https://registry.npmjs.org/mlly set size:207021 disposed:false
901 silly fetch manifest local-pkg@^1.0.0
902 silly packumentCache full:https://registry.npmjs.org/local-pkg cache-miss
903 http cache https://registry.npmjs.org/acorn 19ms (cache hit)
904 silly packumentCache full:https://registry.npmjs.org/acorn set size:379626 disposed:false
905 silly fetch manifest picomatch@^4.0.2
906 silly packumentCache full:https://registry.npmjs.org/picomatch cache-hit
907 silly fetch manifest pkg-types@^1.3.1
908 silly packumentCache full:https://registry.npmjs.org/pkg-types cache-miss
909 http cache https://registry.npmjs.org/pathe 22ms (cache hit)
910 silly packumentCache full:https://registry.npmjs.org/pathe set size:68788 disposed:false
911 silly fetch manifest magic-string@^0.30.17
912 silly packumentCache full:https://registry.npmjs.org/magic-string cache-hit
913 silly fetch manifest estree-walker@^3.0.3
914 silly packumentCache full:https://registry.npmjs.org/estree-walker cache-hit
915 silly fetch manifest strip-literal@^3.0.0
916 silly packumentCache full:https://registry.npmjs.org/strip-literal cache-miss
917 http cache https://registry.npmjs.org/scule 21ms (cache hit)
918 silly packumentCache full:https://registry.npmjs.org/scule set size:38557 disposed:false
919 silly fetch manifest unplugin-utils@^0.2.3
920 silly packumentCache full:https://registry.npmjs.org/unplugin-utils cache-miss
921 http cache https://registry.npmjs.org/pkg-types 13ms (cache hit)
922 silly packumentCache full:https://registry.npmjs.org/pkg-types set size:85931 disposed:false
923 silly fetch manifest escape-string-regexp@^5.0.0
924 silly packumentCache full:https://registry.npmjs.org/escape-string-regexp cache-miss
925 http cache https://registry.npmjs.org/unplugin 27ms (cache hit)
926 silly packumentCache full:https://registry.npmjs.org/unplugin set size:405379 disposed:false
927 silly fetch manifest unplugin@^2.2.0
928 silly packumentCache full:https://registry.npmjs.org/unplugin cache-hit
929 silly fetch manifest local-pkg@^1.0.0
930 silly packumentCache full:https://registry.npmjs.org/local-pkg cache-miss
931 http cache https://registry.npmjs.org/local-pkg 29ms (cache hit)
932 silly packumentCache full:https://registry.npmjs.org/local-pkg set size:37432 disposed:false
933 silly fetch manifest unplugin-utils@^0.2.4
934 silly packumentCache full:https://registry.npmjs.org/unplugin-utils cache-miss
935 http cache https://registry.npmjs.org/strip-literal 23ms (cache hit)
936 silly packumentCache full:https://registry.npmjs.org/strip-literal set size:45192 disposed:false
937 silly fetch manifest @babel/runtime-corejs3@^7.26.9
938 silly packumentCache full:https://registry.npmjs.org/@babel%2fruntime-corejs3 cache-miss
939 http cache https://registry.npmjs.org/local-pkg 14ms (cache hit)
940 silly packumentCache full:https://registry.npmjs.org/local-pkg set size:37432 disposed:false
941 silly packumentCache full:https://registry.npmjs.org/local-pkg dispose
942 http cache https://registry.npmjs.org/unplugin-utils 25ms (cache hit)
943 silly packumentCache full:https://registry.npmjs.org/unplugin-utils set size:25826 disposed:false
944 http cache https://registry.npmjs.org/escape-string-regexp 23ms (cache hit)
945 silly packumentCache full:https://registry.npmjs.org/escape-string-regexp set size:22244 disposed:false
946 http cache https://registry.npmjs.org/unplugin-utils 16ms (cache hit)
947 silly packumentCache full:https://registry.npmjs.org/unplugin-utils set size:25826 disposed:false
948 silly packumentCache full:https://registry.npmjs.org/unplugin-utils dispose
949 http cache https://registry.npmjs.org/@babel%2fruntime-corejs3 23ms (cache hit)
950 silly packumentCache full:https://registry.npmjs.org/@babel%2fruntime-corejs3 set size:5723671 disposed:false
951 silly placeDep ROOT @jridgewell/gen-mapping@0.3.13 OK for: @ampproject/remapping@2.3.0 want: ^0.3.5
952 silly placeDep ROOT @jridgewell/trace-mapping@0.3.31 OK for: @ampproject/remapping@2.3.0 want: ^0.3.24
953 silly fetch manifest @jridgewell/resolve-uri@^3.1.0
954 silly packumentCache full:https://registry.npmjs.org/@jridgewell%2fresolve-uri cache-miss
955 silly fetch manifest @jridgewell/sourcemap-codec@^1.4.14
956 silly packumentCache full:https://registry.npmjs.org/@jridgewell%2fsourcemap-codec cache-hit
957 http cache https://registry.npmjs.org/@jridgewell%2fresolve-uri 13ms (cache hit)
958 silly packumentCache full:https://registry.npmjs.org/@jridgewell%2fresolve-uri set size:57361 disposed:false
959 silly placeDep ROOT @babel/highlight@7.25.9 OK for: @babel/code-frame@7.24.7 want: ^7.24.7
960 silly fetch manifest @babel/helper-validator-identifier@^7.25.9
961 silly packumentCache full:https://registry.npmjs.org/@babel%2fhelper-validator-identifier cache-hit
962 silly fetch manifest chalk@^2.4.2
963 silly packumentCache full:https://registry.npmjs.org/chalk cache-miss
964 silly fetch manifest js-tokens@^4.0.0
965 silly packumentCache full:https://registry.npmjs.org/js-tokens cache-miss
966 http cache https://registry.npmjs.org/chalk 19ms (cache hit)
967 silly packumentCache full:https://registry.npmjs.org/chalk set size:117861 disposed:false
968 http cache https://registry.npmjs.org/js-tokens 20ms (cache hit)
969 silly packumentCache full:https://registry.npmjs.org/js-tokens set size:41947 disposed:false
970 silly fetch manifest @babel/core@^7.0.0
971 silly packumentCache full:https://registry.npmjs.org/@babel%2fcore cache-hit
972 silly placeDep ROOT @babel/generator@7.29.1 OK for: @babel/core@7.25.2 want: ^7.25.0
973 silly placeDep ROOT @babel/helper-compilation-targets@7.28.6 OK for: @babel/core@7.25.2 want: ^7.25.2
974 silly placeDep ROOT @babel/helper-module-transforms@7.28.6 OK for: @babel/core@7.25.2 want: ^7.25.2
975 silly placeDep ROOT @babel/helpers@7.29.2 OK for: @babel/core@7.25.2 want: ^7.25.0
976 silly placeDep ROOT @babel/traverse@7.29.0 OK for: @babel/core@7.25.2 want: ^7.25.2
977 silly placeDep ROOT convert-source-map@2.0.0 OK for: @babel/core@7.25.2 want: ^2.0.0
978 silly placeDep ROOT gensync@1.0.0-beta.2 OK for: @babel/core@7.25.2 want: ^1.0.0-beta.2
979 silly placeDep ROOT json5@2.2.3 OK for: @babel/core@7.25.2 want: ^2.2.3
980 silly placeDep ROOT semver@6.3.1 OK for: @babel/core@7.25.2 want: ^6.3.1
981 silly fetch manifest jsesc@^3.0.2
982 silly packumentCache full:https://registry.npmjs.org/jsesc cache-miss
983 silly fetch manifest @babel/types@^7.29.0
984 silly packumentCache full:https://registry.npmjs.org/@babel%2ftypes cache-hit
985 silly fetch manifest @babel/parser@^7.29.0
986 silly packumentCache full:https://registry.npmjs.org/@babel%2fparser cache-miss
987 silly fetch manifest lru-cache@^5.1.1
988 silly packumentCache full:https://registry.npmjs.org/lru-cache cache-miss
989 silly fetch manifest browserslist@^4.24.0
990 silly packumentCache full:https://registry.npmjs.org/browserslist cache-hit
991 silly fetch manifest @babel/compat-data@^7.28.6
992 silly packumentCache full:https://registry.npmjs.org/@babel%2fcompat-data cache-miss
993 silly fetch manifest @babel/helper-validator-option@^7.27.1
994 silly packumentCache full:https://registry.npmjs.org/@babel%2fhelper-validator-option cache-miss
995 http cache https://registry.npmjs.org/lru-cache 12ms (cache hit)
996 silly packumentCache full:https://registry.npmjs.org/lru-cache set size:416454 disposed:false
997 silly fetch manifest @babel/traverse@^7.28.6
998 silly packumentCache full:https://registry.npmjs.org/@babel%2ftraverse cache-hit
999 silly fetch manifest @babel/helper-module-imports@^7.28.6
1000 silly packumentCache full:https://registry.npmjs.org/@babel%2fhelper-module-imports cache-miss
1001 http cache https://registry.npmjs.org/jsesc 19ms (cache hit)
1002 silly packumentCache full:https://registry.npmjs.org/jsesc set size:61512 disposed:false
1003 silly fetch manifest @babel/helper-validator-identifier@^7.28.5
1004 silly packumentCache full:https://registry.npmjs.org/@babel%2fhelper-validator-identifier cache-hit
1005 silly fetch manifest @babel/parser@^7.29.0
1006 silly packumentCache full:https://registry.npmjs.org/@babel%2fparser cache-miss
1007 http cache https://registry.npmjs.org/@babel%2fcompat-data 18ms (cache hit)
1008 silly packumentCache full:https://registry.npmjs.org/@babel%2fcompat-data set size:305632 disposed:false
1009 silly fetch manifest @babel/code-frame@^7.29.0
1010 silly packumentCache full:https://registry.npmjs.org/@babel%2fcode-frame cache-hit
1011 silly fetch manifest @babel/helper-globals@^7.28.0
1012 silly packumentCache full:https://registry.npmjs.org/@babel%2fhelper-globals cache-miss
1013 http cache https://registry.npmjs.org/@babel%2fparser 24ms (cache hit)
1014 silly packumentCache full:https://registry.npmjs.org/@babel%2fparser set size:718758 disposed:false
1015 http cache https://registry.npmjs.org/@babel%2fhelper-validator-option 27ms (cache hit)
1016 silly packumentCache full:https://registry.npmjs.org/@babel%2fhelper-validator-option set size:92248 disposed:false
1017 http cache https://registry.npmjs.org/@babel%2fhelper-module-imports 20ms (cache hit)
1018 silly packumentCache full:https://registry.npmjs.org/@babel%2fhelper-module-imports set size:193449 disposed:false
1019 http cache https://registry.npmjs.org/@babel%2fparser 21ms (cache hit)
1020 silly packumentCache full:https://registry.npmjs.org/@babel%2fparser set size:718758 disposed:false
1021 silly packumentCache full:https://registry.npmjs.org/@babel%2fparser dispose
1022 http cache https://registry.npmjs.org/@babel%2fhelper-globals 22ms (cache hit)
1023 silly packumentCache full:https://registry.npmjs.org/@babel%2fhelper-globals set size:15475 disposed:false
1024 silly placeDep node_modules/@babel/generator @babel/parser@7.29.2 OK for: @babel/generator@7.29.1 want: ^7.29.0
1025 silly placeDep node_modules/@babel/generator @babel/types@7.29.0 OK for: @babel/generator@7.29.1 want: ^7.29.0
1026 silly placeDep ROOT jsesc@3.1.0 OK for: @babel/generator@7.29.1 want: ^3.0.2
1027 silly fetch manifest @babel/helper-string-parser@^7.27.1
1028 silly packumentCache full:https://registry.npmjs.org/@babel%2fhelper-string-parser cache-hit
1029 silly placeDep ROOT @babel/compat-data@7.29.0 OK for: @babel/helper-compilation-targets@7.28.6 want: ^7.28.6
1030 silly placeDep ROOT @babel/helper-validator-option@7.27.1 OK for: @babel/helper-compilation-targets@7.28.6 want: ^7.27.1
1031 silly placeDep ROOT browserslist@4.28.1 OK for: @babel/helper-compilation-targets@7.28.6 want: ^4.24.0
1032 silly placeDep ROOT lru-cache@5.1.1 OK for: @babel/helper-compilation-targets@7.28.6 want: ^5.1.1
1033 silly fetch manifest baseline-browser-mapping@^2.9.0
1034 silly packumentCache full:https://registry.npmjs.org/baseline-browser-mapping cache-miss
1035 silly fetch manifest caniuse-lite@^1.0.30001759
1036 silly packumentCache full:https://registry.npmjs.org/caniuse-lite cache-miss
1037 silly fetch manifest electron-to-chromium@^1.5.263
1038 silly packumentCache full:https://registry.npmjs.org/electron-to-chromium cache-miss
1039 silly fetch manifest node-releases@^2.0.27
1040 silly packumentCache full:https://registry.npmjs.org/node-releases cache-miss
1041 silly fetch manifest update-browserslist-db@^1.2.0
1042 silly packumentCache full:https://registry.npmjs.org/update-browserslist-db cache-miss
1043 http cache https://registry.npmjs.org/electron-to-chromium 31ms (cache hit)
1044 silly packumentCache full:https://registry.npmjs.org/electron-to-chromium set size:4723521 disposed:false
1045 silly fetch manifest yallist@^3.0.2
1046 silly packumentCache full:https://registry.npmjs.org/yallist cache-miss
1047 http cache https://registry.npmjs.org/node-releases 55ms (cache hit)
1048 silly packumentCache full:https://registry.npmjs.org/node-releases set size:270656 disposed:false
1049 http cache https://registry.npmjs.org/baseline-browser-mapping 59ms (cache hit)
1050 silly packumentCache full:https://registry.npmjs.org/baseline-browser-mapping set size:401568 disposed:false
1051 http cache https://registry.npmjs.org/update-browserslist-db 61ms (cache hit)
1052 silly packumentCache full:https://registry.npmjs.org/update-browserslist-db set size:62000 disposed:false
1053 http cache https://registry.npmjs.org/caniuse-lite 66ms (cache hit)
1054 silly packumentCache full:https://registry.npmjs.org/caniuse-lite set size:2270921 disposed:false
1055 http cache https://registry.npmjs.org/yallist 32ms (cache hit)
1056 silly packumentCache full:https://registry.npmjs.org/yallist set size:34610 disposed:false
1057 silly placeDep ROOT @babel/helper-module-imports@7.28.6 OK for: @babel/helper-module-transforms@7.28.6 want: ^7.28.6
1058 silly placeDep ROOT @babel/helper-validator-identifier@7.28.5 OK for: @babel/helper-module-transforms@7.28.6 want: ^7.28.5
1059 silly fetch manifest @babel/types@^7.28.6
1060 silly packumentCache full:https://registry.npmjs.org/@babel%2ftypes cache-hit
1061 silly placeDep node_modules/@babel/helper-module-imports @babel/types@7.29.0 OK for: @babel/helper-module-imports@7.28.6 want: ^7.28.6
1062 silly placeDep node_modules/@babel/helpers @babel/types@7.29.0 OK for: @babel/helpers@7.29.2 want: ^7.29.0
1063 silly placeDep ROOT chalk@2.4.2 OK for: @babel/highlight@7.25.9 want: ^2.4.2
1064 silly placeDep ROOT js-tokens@4.0.0 OK for: @babel/highlight@7.25.9 want: ^4.0.0
1065 silly fetch manifest ansi-styles@^3.2.1
1066 silly packumentCache full:https://registry.npmjs.org/ansi-styles cache-miss
1067 silly fetch manifest supports-color@^5.3.0
1068 silly packumentCache full:https://registry.npmjs.org/supports-color cache-miss
1069 silly fetch manifest escape-string-regexp@^1.0.5
1070 silly packumentCache full:https://registry.npmjs.org/escape-string-regexp cache-hit
1071 http cache https://registry.npmjs.org/ansi-styles 8ms (cache hit)
1072 silly packumentCache full:https://registry.npmjs.org/ansi-styles set size:63233 disposed:false
1073 http cache https://registry.npmjs.org/supports-color 10ms (cache hit)
1074 silly packumentCache full:https://registry.npmjs.org/supports-color set size:118680 disposed:false
1075 silly fetch manifest @babel/parser@^7.28.6
1076 silly packumentCache full:https://registry.npmjs.org/@babel%2fparser cache-hit
1077 silly placeDep node_modules/@babel/template @babel/parser@7.29.2 REPLACE for: @babel/template@7.28.6 want: ^7.28.6
1078 silly placeDep node_modules/@babel/template @babel/types@7.29.0 OK for: @babel/template@7.28.6 want: ^7.28.6
1079 silly placeDep node_modules/@babel/traverse @babel/code-frame@7.29.0 OK for: @babel/traverse@7.29.0 want: ^7.29.0
1080 silly placeDep ROOT @babel/helper-globals@7.28.0 OK for: @babel/traverse@7.29.0 want: ^7.28.0
1081 silly placeDep node_modules/@babel/traverse @babel/parser@7.29.2 OK for: @babel/traverse@7.29.0 want: ^7.29.0
1082 silly placeDep node_modules/@babel/traverse @babel/types@7.29.0 OK for: @babel/traverse@7.29.0 want: ^7.29.0
1083 silly placeDep ROOT @babel/helper-string-parser@7.27.1 OK for: @babel/types@7.25.6 want: ^7.24.8
1084 silly placeDep ROOT to-fast-properties@2.0.0 OK for: @babel/types@7.25.6 want: ^2.0.0
1085 silly fetch manifest vue@^3.2.0
1086 silly packumentCache full:https://registry.npmjs.org/vue cache-miss
1087 http cache https://registry.npmjs.org/vue 9ms (cache hit)
1088 silly packumentCache full:https://registry.npmjs.org/vue set size:2008300 disposed:false
1089 silly placeDep ROOT @dcloudio/uni-h5-vite@3.0.0-5000320260312001 OK for: @dcloudio/uni-h5@3.0.0-5000320260312001 want: 3.0.0-5000320260312001
1090 silly placeDep ROOT @dcloudio/uni-h5-vue@3.0.0-5000320260312001 OK for: @dcloudio/uni-h5@3.0.0-5000320260312001 want: 3.0.0-5000320260312001
1091 silly placeDep ROOT localstorage-polyfill@1.0.1 OK for: @dcloudio/uni-h5@3.0.0-5000320260312001 want: ^1.0.1
1092 silly placeDep ROOT safe-area-insets@1.4.1 OK for: @dcloudio/uni-h5@3.0.0-5000320260312001 want: 1.4.1
1093 silly placeDep ROOT vue-router@4.4.4 OK for: @dcloudio/uni-h5@3.0.0-5000320260312001 want: 4.4.4
1094 silly placeDep ROOT xmlhttprequest@1.8.0 OK for: @dcloudio/uni-h5@3.0.0-5000320260312001 want: ^1.8.0
1095 silly fetch manifest @vue/devtools-api@^6.6.4
1096 silly packumentCache full:https://registry.npmjs.org/@vue%2fdevtools-api cache-miss
1097 http cache https://registry.npmjs.org/@vue%2fdevtools-api 76ms (cache hit)
1098 silly packumentCache full:https://registry.npmjs.org/@vue%2fdevtools-api set size:346541 disposed:false
1099 silly fetch manifest bufferutil@^4.0.1
1100 silly packumentCache full:https://registry.npmjs.org/bufferutil cache-miss
1101 http cache https://registry.npmjs.org/bufferutil 9ms (cache hit)
1102 silly packumentCache full:https://registry.npmjs.org/bufferutil set size:52763 disposed:false
1103 silly fetch manifest utf-8-validate@>=5.0.2
1104 silly packumentCache full:https://registry.npmjs.org/utf-8-validate cache-miss
1105 http cache https://registry.npmjs.org/utf-8-validate 7ms (cache hit)
1106 silly packumentCache full:https://registry.npmjs.org/utf-8-validate set size:77148 disposed:false
1107 silly placeDep ROOT @dcloudio/uni-mp-compiler@3.0.0-5000320260312001 OK for: @dcloudio/uni-mp-weixin@3.0.0-5000320260312001 want: 3.0.0-5000320260312001
1108 silly placeDep ROOT @dcloudio/uni-mp-vite@3.0.0-5000320260312001 OK for: @dcloudio/uni-mp-weixin@3.0.0-5000320260312001 want: 3.0.0-5000320260312001
1109 silly placeDep ROOT @dcloudio/uni-mp-vue@3.0.0-5000320260312001 OK for: @dcloudio/uni-mp-weixin@3.0.0-5000320260312001 want: 3.0.0-5000320260312001
1110 silly placeDep ROOT jimp@0.10.3 OK for: @dcloudio/uni-mp-weixin@3.0.0-5000320260312001 want: 0.10.3
1111 silly placeDep ROOT licia@1.41.1 OK for: @dcloudio/uni-mp-weixin@3.0.0-5000320260312001 want: 1.41.1
1112 silly placeDep ROOT qrcode-reader@1.0.4 OK for: @dcloudio/uni-mp-weixin@3.0.0-5000320260312001 want: 1.0.4
1113 silly placeDep ROOT qrcode-terminal@0.12.0 OK for: @dcloudio/uni-mp-weixin@3.0.0-5000320260312001 want: 0.12.0
1114 silly placeDep ROOT ws@8.18.0 OK for: @dcloudio/uni-mp-weixin@3.0.0-5000320260312001 want: 8.18.0
1115 silly fetch manifest @babel/generator@7.25.6
1116 silly packumentCache full:https://registry.npmjs.org/@babel%2fgenerator cache-hit
1117 silly fetch manifest core-js@^3.4.1
1118 silly packumentCache full:https://registry.npmjs.org/core-js cache-miss
1119 silly fetch manifest @jimp/types@^0.10.3
1120 silly packumentCache full:https://registry.npmjs.org/@jimp%2ftypes cache-miss
1121 silly fetch manifest @jimp/custom@^0.10.3
1122 silly packumentCache full:https://registry.npmjs.org/@jimp%2fcustom cache-miss
1123 silly fetch manifest @jimp/plugins@^0.10.3
1124 silly packumentCache full:https://registry.npmjs.org/@jimp%2fplugins cache-miss
1125 silly fetch manifest @babel/runtime@^7.7.2
1126 silly packumentCache full:https://registry.npmjs.org/@babel%2fruntime cache-miss
1127 http cache https://registry.npmjs.org/@jimp%2ftypes 21ms (cache hit)
1128 silly packumentCache full:https://registry.npmjs.org/@jimp%2ftypes set size:746867 disposed:false
1129 silly fetch manifest regenerator-runtime@^0.13.3
1130 silly packumentCache full:https://registry.npmjs.org/regenerator-runtime cache-miss
1131 http cache https://registry.npmjs.org/@jimp%2fplugins 29ms (cache hit)
1132 silly packumentCache full:https://registry.npmjs.org/@jimp%2fplugins set size:931271 disposed:false
1133 http cache https://registry.npmjs.org/@jimp%2fcustom 36ms (cache hit)
1134 silly packumentCache full:https://registry.npmjs.org/@jimp%2fcustom set size:1162364 disposed:false
1135 http cache https://registry.npmjs.org/core-js 44ms (cache hit)
1136 silly packumentCache full:https://registry.npmjs.org/core-js set size:778467 disposed:false
1137 http cache https://registry.npmjs.org/@babel%2fruntime 51ms (cache hit)
1138 silly packumentCache full:https://registry.npmjs.org/@babel%2fruntime set size:3372292 disposed:false
1139 http cache https://registry.npmjs.org/regenerator-runtime 49ms (cache hit)
1140 silly packumentCache full:https://registry.npmjs.org/regenerator-runtime set size:59671 disposed:false
1141 silly placeDep node_modules/@dcloudio/uni-mp-compiler @babel/generator@7.25.6 OK for: @dcloudio/uni-mp-compiler@3.0.0-5000320260312001 want: 7.25.6
1142 silly fetch manifest jsesc@^2.5.1
1143 silly packumentCache full:https://registry.npmjs.org/jsesc cache-hit
1144 silly placeDep ROOT parse-css-font@4.0.0 OK for: @dcloudio/uni-nvue-styler@3.0.0-5000320260312001 want: ^4.0.0
1145 silly placeDep node_modules/@dcloudio/uni-nvue-styler postcss@8.4.45 OK for: @dcloudio/uni-nvue-styler@3.0.0-5000320260312001 want: 8.4.45
1146 silly fetch manifest css-font-size-keywords@^1.0.0
1147 silly packumentCache full:https://registry.npmjs.org/css-font-size-keywords cache-miss
1148 silly fetch manifest css-font-stretch-keywords@^1.0.1
1149 silly packumentCache full:https://registry.npmjs.org/css-font-stretch-keywords cache-miss
1150 silly fetch manifest css-font-style-keywords@^1.0.1
1151 silly packumentCache full:https://registry.npmjs.org/css-font-style-keywords cache-miss
1152 silly fetch manifest css-font-weight-keywords@^1.0.0
1153 silly packumentCache full:https://registry.npmjs.org/css-font-weight-keywords cache-miss
1154 silly fetch manifest css-list-helpers@^2.0.0
1155 silly packumentCache full:https://registry.npmjs.org/css-list-helpers cache-miss
1156 http cache https://registry.npmjs.org/css-font-size-keywords 14ms (cache hit)
1157 silly packumentCache full:https://registry.npmjs.org/css-font-size-keywords set size:2653 disposed:false
1158 silly fetch manifest css-system-font-keywords@^1.0.0
1159 silly packumentCache full:https://registry.npmjs.org/css-system-font-keywords cache-miss
1160 http cache https://registry.npmjs.org/css-font-style-keywords 17ms (cache hit)
1161 silly packumentCache full:https://registry.npmjs.org/css-font-style-keywords set size:3833 disposed:false
1162 silly fetch manifest unquote@^1.1.1
1163 silly packumentCache full:https://registry.npmjs.org/unquote cache-miss
1164 http cache https://registry.npmjs.org/css-font-stretch-keywords 19ms (cache hit)
1165 silly packumentCache full:https://registry.npmjs.org/css-font-stretch-keywords set size:4181 disposed:false
1166 silly fetch manifest nanoid@^3.3.7
1167 silly packumentCache full:https://registry.npmjs.org/nanoid cache-hit
1168 http cache https://registry.npmjs.org/css-font-weight-keywords 22ms (cache hit)
1169 silly packumentCache full:https://registry.npmjs.org/css-font-weight-keywords set size:2703 disposed:false
1170 http cache https://registry.npmjs.org/css-list-helpers 23ms (cache hit)
1171 silly packumentCache full:https://registry.npmjs.org/css-list-helpers set size:8740 disposed:false
1172 http cache https://registry.npmjs.org/css-system-font-keywords 14ms (cache hit)
1173 silly packumentCache full:https://registry.npmjs.org/css-system-font-keywords set size:2570 disposed:false
1174 http cache https://registry.npmjs.org/unquote 11ms (cache hit)
1175 silly packumentCache full:https://registry.npmjs.org/unquote set size:5131 disposed:false
1176 silly fetch manifest vue@^3.2.25
1177 silly packumentCache full:https://registry.npmjs.org/vue cache-miss
1178 http cache https://registry.npmjs.org/vue 9ms (cache hit)
1179 silly packumentCache full:https://registry.npmjs.org/vue set size:2008300 disposed:false
1180 silly fetch manifest vue@^3.0.0
1181 silly packumentCache full:https://registry.npmjs.org/vue cache-miss
1182 http cache https://registry.npmjs.org/vue 10ms (cache hit)
1183 silly packumentCache full:https://registry.npmjs.org/vue set size:2008300 disposed:false
1184 silly placeDep ROOT @babel/plugin-syntax-import-meta@7.10.4 OK for: @dcloudio/vite-plugin-uni@3.0.0-5000320260312001 want: ^7.10.4
1185 silly placeDep ROOT @babel/plugin-transform-typescript@7.28.6 OK for: @dcloudio/vite-plugin-uni@3.0.0-5000320260312001 want: ^7.23.3
1186 silly placeDep ROOT @vitejs/plugin-legacy@5.3.2 OK for: @dcloudio/vite-plugin-uni@3.0.0-5000320260312001 want: 5.3.2
1187 silly placeDep ROOT terser@5.46.1 OK for: @vitejs/plugin-legacy@5.3.2 want: ^5.4.0
1188 silly placeDep ROOT @vitejs/plugin-vue@5.2.4 OK for: @dcloudio/vite-plugin-uni@3.0.0-5000320260312001 want: 5.2.4
1189 silly placeDep ROOT @vitejs/plugin-vue-jsx@3.1.0 OK for: @dcloudio/vite-plugin-uni@3.0.0-5000320260312001 want: 3.1.0
1190 silly placeDep ROOT cac@6.7.9 OK for: @dcloudio/vite-plugin-uni@3.0.0-5000320260312001 want: 6.7.9
1191 silly placeDep ROOT express@4.20.0 OK for: @dcloudio/vite-plugin-uni@3.0.0-5000320260312001 want: 4.20.0
1192 silly placeDep node_modules/@dcloudio/vite-plugin-uni unplugin-auto-import@19.1.0 OK for: @dcloudio/vite-plugin-uni@3.0.0-5000320260312001 want: 19.1.0
1193 silly fetch manifest @babel/helper-plugin-utils@^7.10.4
1194 silly packumentCache full:https://registry.npmjs.org/@babel%2fhelper-plugin-utils cache-miss
1195 silly fetch manifest @babel/helper-plugin-utils@^7.28.6
1196 silly packumentCache full:https://registry.npmjs.org/@babel%2fhelper-plugin-utils cache-miss
1197 silly fetch manifest @babel/helper-annotate-as-pure@^7.27.3
1198 silly packumentCache full:https://registry.npmjs.org/@babel%2fhelper-annotate-as-pure cache-miss
1199 silly fetch manifest @babel/plugin-syntax-typescript@^7.28.6
1200 silly packumentCache full:https://registry.npmjs.org/@babel%2fplugin-syntax-typescript cache-miss
1201 silly fetch manifest @babel/helper-create-class-features-plugin@^7.28.6
1202 silly packumentCache full:https://registry.npmjs.org/@babel%2fhelper-create-class-features-plugin cache-miss
1203 http cache https://registry.npmjs.org/@babel%2fhelper-annotate-as-pure 11ms (cache hit)
1204 silly packumentCache full:https://registry.npmjs.org/@babel%2fhelper-annotate-as-pure set size:171595 disposed:false
1205 silly fetch manifest @babel/helper-skip-transparent-expression-wrappers@^7.27.1
1206 silly packumentCache full:https://registry.npmjs.org/@babel%2fhelper-skip-transparent-expression-wrappers cache-miss
1207 http cache https://registry.npmjs.org/@babel%2fhelper-plugin-utils 14ms (cache hit)
1208 silly packumentCache full:https://registry.npmjs.org/@babel%2fhelper-plugin-utils set size:163951 disposed:false
1209 silly fetch manifest core-js@^3.36.0
1210 silly packumentCache full:https://registry.npmjs.org/core-js cache-hit
1211 silly fetch manifest systemjs@^6.14.3
1212 silly packumentCache full:https://registry.npmjs.org/systemjs cache-miss
1213 http cache https://registry.npmjs.org/@babel%2fplugin-syntax-typescript 16ms (cache hit)
1214 silly packumentCache full:https://registry.npmjs.org/@babel%2fplugin-syntax-typescript set size:206321 disposed:false
1215 silly fetch manifest @babel/preset-env@^7.23.9
1216 silly packumentCache full:https://registry.npmjs.org/@babel%2fpreset-env cache-miss
1217 http cache https://registry.npmjs.org/@babel%2fhelper-plugin-utils 21ms (cache hit)
1218 silly packumentCache full:https://registry.npmjs.org/@babel%2fhelper-plugin-utils set size:163951 disposed:false
1219 silly packumentCache full:https://registry.npmjs.org/@babel%2fhelper-plugin-utils dispose
1220 silly fetch manifest regenerator-runtime@^0.14.1
1221 silly packumentCache full:https://registry.npmjs.org/regenerator-runtime cache-hit
1222 silly fetch manifest browserslist-to-esbuild@^2.1.1
1223 silly packumentCache full:https://registry.npmjs.org/browserslist-to-esbuild cache-miss
1224 http cache https://registry.npmjs.org/@babel%2fhelper-create-class-features-plugin 23ms (cache hit)
1225 silly packumentCache full:https://registry.npmjs.org/@babel%2fhelper-create-class-features-plugin set size:365053 disposed:false
1226 silly fetch manifest @jridgewell/source-map@^0.3.3
1227 silly packumentCache full:https://registry.npmjs.org/@jridgewell%2fsource-map cache-miss
1228 http cache https://registry.npmjs.org/@babel%2fhelper-skip-transparent-expression-wrappers 21ms (cache hit)
1229 silly packumentCache full:https://registry.npmjs.org/@babel%2fhelper-skip-transparent-expression-wrappers set size:95565 disposed:false
1230 silly fetch manifest acorn@^8.15.0
1231 silly packumentCache full:https://registry.npmjs.org/acorn cache-hit
1232 silly fetch manifest commander@^2.20.0
1233 silly packumentCache full:https://registry.npmjs.org/commander cache-miss
1234 http cache https://registry.npmjs.org/systemjs 23ms (cache hit)
1235 silly packumentCache full:https://registry.npmjs.org/systemjs set size:603186 disposed:false
1236 silly fetch manifest source-map-support@~0.5.20
1237 silly packumentCache full:https://registry.npmjs.org/source-map-support cache-miss
1238 http cache https://registry.npmjs.org/@babel%2fpreset-env 26ms (cache hit)
1239 silly packumentCache full:https://registry.npmjs.org/@babel%2fpreset-env set size:1156645 disposed:false
1240 silly fetch manifest @vue/babel-plugin-jsx@^1.1.5
1241 silly packumentCache full:https://registry.npmjs.org/@vue%2fbabel-plugin-jsx cache-miss
1242 http cache https://registry.npmjs.org/browserslist-to-esbuild 31ms (cache hit)
1243 silly packumentCache full:https://registry.npmjs.org/browserslist-to-esbuild set size:20193 disposed:false
1244 silly fetch manifest qs@6.11.0
1245 silly packumentCache full:https://registry.npmjs.org/qs cache-miss
1246 http cache https://registry.npmjs.org/@jridgewell%2fsource-map 30ms (cache hit)
1247 silly packumentCache full:https://registry.npmjs.org/@jridgewell%2fsource-map set size:45204 disposed:false
1248 silly fetch manifest depd@2.0.0
1249 silly packumentCache full:https://registry.npmjs.org/depd cache-miss
1250 http cache https://registry.npmjs.org/commander 27ms (cache hit)
1251 silly packumentCache full:https://registry.npmjs.org/commander set size:306325 disposed:false
1252 silly fetch manifest etag@~1.8.1
1253 silly packumentCache full:https://registry.npmjs.org/etag cache-miss
1254 http cache https://registry.npmjs.org/source-map-support 29ms (cache hit)
1255 silly packumentCache full:https://registry.npmjs.org/source-map-support set size:125488 disposed:false
1256 silly fetch manifest send@0.19.0
1257 silly packumentCache full:https://registry.npmjs.org/send cache-miss
1258 http cache https://registry.npmjs.org/@vue%2fbabel-plugin-jsx 23ms (cache hit)
1259 silly packumentCache full:https://registry.npmjs.org/@vue%2fbabel-plugin-jsx set size:97289 disposed:false
1260 silly fetch manifest vary@~1.1.2
1261 silly packumentCache full:https://registry.npmjs.org/vary cache-miss
1262 http cache https://registry.npmjs.org/depd 22ms (cache hit)
1263 silly packumentCache full:https://registry.npmjs.org/depd set size:40182 disposed:false
1264 silly fetch manifest debug@2.6.9
1265 silly packumentCache full:https://registry.npmjs.org/debug cache-hit
1266 silly fetch manifest fresh@0.5.2
1267 silly packumentCache full:https://registry.npmjs.org/fresh cache-miss
1268 http cache https://registry.npmjs.org/qs 26ms (cache hit)
1269 silly packumentCache full:https://registry.npmjs.org/qs set size:350258 disposed:false
1270 silly fetch manifest cookie@0.6.0
1271 silly packumentCache full:https://registry.npmjs.org/cookie cache-miss
1272 http cache https://registry.npmjs.org/etag 37ms (cache hit)
1273 silly packumentCache full:https://registry.npmjs.org/etag set size:30032 disposed:false
1274 silly fetch manifest accepts@~1.3.8
1275 silly packumentCache full:https://registry.npmjs.org/accepts cache-miss
1276 http cache https://registry.npmjs.org/send 34ms (cache hit)
1277 silly packumentCache full:https://registry.npmjs.org/send set size:152810 disposed:false
1278 silly fetch manifest methods@~1.1.2
1279 silly packumentCache full:https://registry.npmjs.org/methods cache-miss
1280 http cache https://registry.npmjs.org/vary 33ms (cache hit)
1281 silly packumentCache full:https://registry.npmjs.org/vary set size:16018 disposed:false
1282 silly fetch manifest type-is@~1.6.18
1283 silly packumentCache full:https://registry.npmjs.org/type-is cache-miss
1284 http cache https://registry.npmjs.org/fresh 34ms (cache hit)
1285 silly packumentCache full:https://registry.npmjs.org/fresh set size:25427 disposed:false
1286 silly fetch manifest parseurl@~1.3.3
1287 silly packumentCache full:https://registry.npmjs.org/parseurl cache-miss
1288 http cache https://registry.npmjs.org/cookie 29ms (cache hit)
1289 silly packumentCache full:https://registry.npmjs.org/cookie set size:72891 disposed:false
1290 silly fetch manifest statuses@2.0.1
1291 silly packumentCache full:https://registry.npmjs.org/statuses cache-miss
1292 http cache https://registry.npmjs.org/accepts 25ms (cache hit)
1293 silly packumentCache full:https://registry.npmjs.org/accepts set size:77054 disposed:false
1294 silly fetch manifest encodeurl@~2.0.0
1295 silly packumentCache full:https://registry.npmjs.org/encodeurl cache-miss
1296 http cache https://registry.npmjs.org/methods 24ms (cache hit)
1297 silly packumentCache full:https://registry.npmjs.org/methods set size:12600 disposed:false
1298 silly fetch manifest proxy-addr@~2.0.7
1299 silly packumentCache full:https://registry.npmjs.org/proxy-addr cache-miss
1300 http cache https://registry.npmjs.org/parseurl 21ms (cache hit)
1301 silly packumentCache full:https://registry.npmjs.org/parseurl set size:24148 disposed:false
1302 silly fetch manifest body-parser@1.20.3
1303 silly packumentCache full:https://registry.npmjs.org/body-parser cache-miss
1304 http cache https://registry.npmjs.org/type-is 25ms (cache hit)
1305 silly packumentCache full:https://registry.npmjs.org/type-is set size:86196 disposed:false
1306 silly fetch manifest escape-html@~1.0.3
1307 silly packumentCache full:https://registry.npmjs.org/escape-html cache-miss
1308 http cache https://registry.npmjs.org/statuses 24ms (cache hit)
1309 silly packumentCache full:https://registry.npmjs.org/statuses set size:37117 disposed:false
1310 silly fetch manifest http-errors@2.0.0
1311 silly packumentCache full:https://registry.npmjs.org/http-errors cache-miss
1312 http cache https://registry.npmjs.org/encodeurl 20ms (cache hit)
1313 silly packumentCache full:https://registry.npmjs.org/encodeurl set size:12296 disposed:false
1314 silly fetch manifest on-finished@2.4.1
1315 silly packumentCache full:https://registry.npmjs.org/on-finished cache-miss
1316 http cache https://registry.npmjs.org/proxy-addr 20ms (cache hit)
1317 silly packumentCache full:https://registry.npmjs.org/proxy-addr set size:61619 disposed:false
1318 silly fetch manifest safe-buffer@5.2.1
1319 silly packumentCache full:https://registry.npmjs.org/safe-buffer cache-miss
1320 http cache https://registry.npmjs.org/escape-html 17ms (cache hit)
1321 silly packumentCache full:https://registry.npmjs.org/escape-html set size:7345 disposed:false
1322 silly fetch manifest utils-merge@1.0.1
1323 silly packumentCache full:https://registry.npmjs.org/utils-merge cache-miss
1324 http cache https://registry.npmjs.org/body-parser 22ms (cache hit)
1325 silly packumentCache full:https://registry.npmjs.org/body-parser set size:216830 disposed:false
1326 silly fetch manifest content-type@~1.0.4
1327 silly packumentCache full:https://registry.npmjs.org/content-type cache-miss
1328 http cache https://registry.npmjs.org/http-errors 22ms (cache hit)
1329 silly packumentCache full:https://registry.npmjs.org/http-errors set size:71987 disposed:false
1330 silly fetch manifest finalhandler@1.2.0
1331 silly packumentCache full:https://registry.npmjs.org/finalhandler cache-miss
1332 http cache https://registry.npmjs.org/on-finished 21ms (cache hit)
1333 silly packumentCache full:https://registry.npmjs.org/on-finished set size:23212 disposed:false
1334 silly fetch manifest range-parser@~1.2.1
1335 silly packumentCache full:https://registry.npmjs.org/range-parser cache-miss
1336 http cache https://registry.npmjs.org/utils-merge 22ms (cache hit)
1337 silly packumentCache full:https://registry.npmjs.org/utils-merge set size:5237 disposed:false
1338 silly fetch manifest serve-static@1.16.0
1339 silly packumentCache full:https://registry.npmjs.org/serve-static cache-miss
1340 http cache https://registry.npmjs.org/safe-buffer 25ms (cache hit)
1341 silly packumentCache full:https://registry.npmjs.org/safe-buffer set size:41183 disposed:false
1342 silly fetch manifest array-flatten@1.1.1
1343 silly packumentCache full:https://registry.npmjs.org/array-flatten cache-miss
1344 http cache https://registry.npmjs.org/content-type 28ms (cache hit)
1345 silly packumentCache full:https://registry.npmjs.org/content-type set size:17311 disposed:false
1346 silly fetch manifest path-to-regexp@0.1.10
1347 silly packumentCache full:https://registry.npmjs.org/path-to-regexp cache-miss
1348 http cache https://registry.npmjs.org/finalhandler 27ms (cache hit)
1349 silly packumentCache full:https://registry.npmjs.org/finalhandler set size:79291 disposed:false
1350 silly fetch manifest setprototypeof@1.2.0
1351 silly packumentCache full:https://registry.npmjs.org/setprototypeof cache-miss
1352 http cache https://registry.npmjs.org/range-parser 22ms (cache hit)
1353 silly packumentCache full:https://registry.npmjs.org/range-parser set size:22228 disposed:false
1354 silly fetch manifest cookie-signature@1.0.6
1355 silly packumentCache full:https://registry.npmjs.org/cookie-signature cache-miss
1356 http cache https://registry.npmjs.org/array-flatten 21ms (cache hit)
1357 silly packumentCache full:https://registry.npmjs.org/array-flatten set size:24005 disposed:false
1358 silly fetch manifest merge-descriptors@1.0.3
1359 silly packumentCache full:https://registry.npmjs.org/merge-descriptors cache-miss
1360 http cache https://registry.npmjs.org/path-to-regexp 14ms (cache hit)
1361 silly packumentCache full:https://registry.npmjs.org/path-to-regexp set size:207142 disposed:false
1362 silly fetch manifest content-disposition@0.5.4
1363 silly packumentCache full:https://registry.npmjs.org/content-disposition cache-miss
1364 http cache https://registry.npmjs.org/serve-static 27ms (cache hit)
1365 silly packumentCache full:https://registry.npmjs.org/serve-static set size:150391 disposed:false
1366 http cache https://registry.npmjs.org/setprototypeof 18ms (cache hit)
1367 silly packumentCache full:https://registry.npmjs.org/setprototypeof set size:14532 disposed:false
1368 http cache https://registry.npmjs.org/cookie-signature 22ms (cache hit)
1369 silly packumentCache full:https://registry.npmjs.org/cookie-signature set size:21777 disposed:false
1370 http cache https://registry.npmjs.org/content-disposition 15ms (cache hit)
1371 silly packumentCache full:https://registry.npmjs.org/content-disposition set size:34469 disposed:false
1372 http cache https://registry.npmjs.org/merge-descriptors 19ms (cache hit)
1373 silly packumentCache full:https://registry.npmjs.org/merge-descriptors set size:16527 disposed:false
1374 silly placeDep ROOT @babel/helper-plugin-utils@7.28.6 OK for: @babel/plugin-syntax-import-meta@7.10.4 want: ^7.10.4
1375 silly fetch manifest @babel/core@^7.0.0-0
1376 silly packumentCache full:https://registry.npmjs.org/@babel%2fcore cache-hit
1377 silly placeDep ROOT @babel/helper-annotate-as-pure@7.27.3 OK for: @babel/plugin-transform-typescript@7.28.6 want: ^7.27.3
1378 silly placeDep ROOT @babel/helper-create-class-features-plugin@7.28.6 OK for: @babel/plugin-transform-typescript@7.28.6 want: ^7.28.6
1379 silly placeDep ROOT @babel/helper-skip-transparent-expression-wrappers@7.27.1 OK for: @babel/plugin-transform-typescript@7.28.6 want: ^7.27.1
1380 silly placeDep ROOT @babel/plugin-syntax-typescript@7.28.6 OK for: @babel/plugin-transform-typescript@7.28.6 want: ^7.28.6
1381 silly fetch manifest @babel/types@^7.27.3
1382 silly packumentCache full:https://registry.npmjs.org/@babel%2ftypes cache-hit
1383 silly fetch manifest @babel/helper-replace-supers@^7.28.6
1384 silly packumentCache full:https://registry.npmjs.org/@babel%2fhelper-replace-supers cache-miss
1385 silly fetch manifest @babel/helper-optimise-call-expression@^7.27.1
1386 silly packumentCache full:https://registry.npmjs.org/@babel%2fhelper-optimise-call-expression cache-miss
1387 silly fetch manifest @babel/helper-member-expression-to-functions@^7.28.5
1388 silly packumentCache full:https://registry.npmjs.org/@babel%2fhelper-member-expression-to-functions cache-miss
1389 silly fetch manifest @babel/types@^7.27.1
1390 silly packumentCache full:https://registry.npmjs.org/@babel%2ftypes cache-hit
1391 http cache https://registry.npmjs.org/@babel%2fhelper-replace-supers 12ms (cache hit)
1392 silly packumentCache full:https://registry.npmjs.org/@babel%2fhelper-replace-supers set size:257551 disposed:false
1393 http cache https://registry.npmjs.org/@babel%2fhelper-member-expression-to-functions 14ms (cache hit)
1394 silly packumentCache full:https://registry.npmjs.org/@babel%2fhelper-member-expression-to-functions set size:218792 disposed:false
1395 http cache https://registry.npmjs.org/@babel%2fhelper-optimise-call-expression 17ms (cache hit)
1396 silly packumentCache full:https://registry.npmjs.org/@babel%2fhelper-optimise-call-expression set size:182706 disposed:false
1397 silly placeDep node_modules/@babel/helper-annotate-as-pure @babel/types@7.29.0 OK for: @babel/helper-annotate-as-pure@7.27.3 want: ^7.27.3
1398 silly placeDep ROOT @babel/helper-member-expression-to-functions@7.28.5 OK for: @babel/helper-create-class-features-plugin@7.28.6 want: ^7.28.5
1399 silly placeDep ROOT @babel/helper-optimise-call-expression@7.27.1 OK for: @babel/helper-create-class-features-plugin@7.28.6 want: ^7.27.1
1400 silly placeDep ROOT @babel/helper-replace-supers@7.28.6 OK for: @babel/helper-create-class-features-plugin@7.28.6 want: ^7.28.6
1401 silly fetch manifest @babel/types@^7.28.5
1402 silly packumentCache full:https://registry.npmjs.org/@babel%2ftypes cache-hit
1403 silly placeDep node_modules/@babel/helper-member-expression-to-functions @babel/types@7.29.0 OK for: @babel/helper-member-expression-to-functions@7.28.5 want: ^7.28.5
1404 silly placeDep node_modules/@babel/helper-optimise-call-expression @babel/types@7.29.0 OK for: @babel/helper-optimise-call-expression@7.27.1 want: ^7.27.1
1405 silly placeDep node_modules/@babel/helper-skip-transparent-expression-wrappers @babel/types@7.29.0 OK for: @babel/helper-skip-transparent-expression-wrappers@7.27.1 want: ^7.27.1
1406 silly placeDep ROOT @intlify/devtools-if@9.1.9 OK for: @intlify/core-base@9.1.9 want: 9.1.9
1407 silly placeDep ROOT @intlify/message-compiler@9.1.9 OK for: @intlify/core-base@9.1.9 want: 9.1.9
1408 silly placeDep ROOT @intlify/message-resolver@9.1.9 OK for: @intlify/core-base@9.1.9 want: 9.1.9
1409 silly placeDep ROOT @intlify/runtime@9.1.9 OK for: @intlify/core-base@9.1.9 want: 9.1.9
1410 silly fetch manifest source-map@0.6.1
1411 silly packumentCache full:https://registry.npmjs.org/source-map cache-miss
1412 http cache https://registry.npmjs.org/source-map 6ms (cache hit)
1413 silly packumentCache full:https://registry.npmjs.org/source-map set size:226141 disposed:false
1414 silly placeDep ROOT source-map@0.6.1 OK for: @intlify/message-compiler@9.1.9 want: 0.6.1
1415 silly placeDep ROOT @jridgewell/sourcemap-codec@1.5.5 OK for: @jridgewell/gen-mapping@0.3.13 want: ^1.5.0
1416 silly placeDep ROOT @jridgewell/resolve-uri@3.1.2 OK for: @jridgewell/trace-mapping@0.3.31 want: ^3.1.0
1417 silly placeDep ROOT @types/estree@1.0.8 OK for: @rollup/pluginutils@5.1.0 want: ^1.0.0
1418 silly placeDep ROOT picomatch@2.3.1 OK for: @rollup/pluginutils@5.1.0 want: ^2.3.1
1419 silly fetch manifest @babel/core@^7.23.9
1420 silly packumentCache full:https://registry.npmjs.org/@babel%2fcore cache-hit
1421 silly fetch manifest browserslist@^4.23.0
1422 silly packumentCache full:https://registry.npmjs.org/browserslist cache-hit
1423 silly placeDep ROOT @babel/preset-env@7.29.2 OK for: @vitejs/plugin-legacy@5.3.2 want: ^7.23.9
1424 silly placeDep ROOT browserslist-to-esbuild@2.1.1 OK for: @vitejs/plugin-legacy@5.3.2 want: ^2.1.1
1425 silly placeDep ROOT core-js@3.49.0 OK for: @vitejs/plugin-legacy@5.3.2 want: ^3.36.0
1426 silly placeDep ROOT regenerator-runtime@0.14.1 OK for: @vitejs/plugin-legacy@5.3.2 want: ^0.14.1
1427 silly placeDep ROOT systemjs@6.15.1 OK for: @vitejs/plugin-legacy@5.3.2 want: ^6.14.3
1428 silly fetch manifest @babel/plugin-bugfix-firefox-class-in-computed-class-key@^7.28.5
1429 silly packumentCache full:https://registry.npmjs.org/@babel%2fplugin-bugfix-firefox-class-in-computed-class-key cache-miss
1430 silly fetch manifest @babel/plugin-bugfix-safari-class-field-initializer-scope@^7.27.1
1431 silly packumentCache full:https://registry.npmjs.org/@babel%2fplugin-bugfix-safari-class-field-initializer-scope cache-miss
1432 silly fetch manifest @babel/plugin-bugfix-safari-id-destructuring-collision-in-function-expression@^7.27.1
1433 silly packumentCache full:https://registry.npmjs.org/@babel%2fplugin-bugfix-safari-id-destructuring-collision-in-function-expression cache-miss
1434 silly fetch manifest @babel/plugin-bugfix-v8-spread-parameters-in-optional-chaining@^7.27.1
1435 silly packumentCache full:https://registry.npmjs.org/@babel%2fplugin-bugfix-v8-spread-parameters-in-optional-chaining cache-miss
1436 silly fetch manifest @babel/plugin-bugfix-v8-static-class-fields-redefine-readonly@^7.28.6
1437 silly packumentCache full:https://registry.npmjs.org/@babel%2fplugin-bugfix-v8-static-class-fields-redefine-readonly cache-miss
1438 http cache https://registry.npmjs.org/@babel%2fplugin-bugfix-safari-class-field-initializer-scope 18ms (cache hit)
1439 silly packumentCache full:https://registry.npmjs.org/@babel%2fplugin-bugfix-safari-class-field-initializer-scope set size:41504 disposed:false
1440 silly fetch manifest @babel/plugin-proposal-private-property-in-object@7.21.0-placeholder-for-preset-env.2
1441 silly packumentCache full:https://registry.npmjs.org/@babel%2fplugin-proposal-private-property-in-object cache-miss
1442 http cache https://registry.npmjs.org/@babel%2fplugin-bugfix-v8-static-class-fields-redefine-readonly 19ms (cache hit)
1443 silly packumentCache full:https://registry.npmjs.org/@babel%2fplugin-bugfix-v8-static-class-fields-redefine-readonly set size:73973 disposed:false
1444 silly fetch manifest @babel/plugin-syntax-import-assertions@^7.28.6
1445 silly packumentCache full:https://registry.npmjs.org/@babel%2fplugin-syntax-import-assertions cache-miss
1446 http cache https://registry.npmjs.org/@babel%2fplugin-bugfix-v8-spread-parameters-in-optional-chaining 20ms (cache hit)
1447 silly packumentCache full:https://registry.npmjs.org/@babel%2fplugin-bugfix-v8-spread-parameters-in-optional-chaining set size:133975 disposed:false
1448 silly fetch manifest @babel/plugin-syntax-import-attributes@^7.28.6
1449 silly packumentCache full:https://registry.npmjs.org/@babel%2fplugin-syntax-import-attributes cache-miss
1450 http cache https://registry.npmjs.org/@babel%2fplugin-bugfix-safari-id-destructuring-collision-in-function-expression 23ms (cache hit)
1451 silly packumentCache full:https://registry.npmjs.org/@babel%2fplugin-bugfix-safari-id-destructuring-collision-in-function-expression set size:118949 disposed:false
1452 silly fetch manifest @babel/plugin-syntax-unicode-sets-regex@^7.18.6
1453 silly packumentCache full:https://registry.npmjs.org/@babel%2fplugin-syntax-unicode-sets-regex cache-miss
1454 http cache https://registry.npmjs.org/@babel%2fplugin-bugfix-firefox-class-in-computed-class-key 26ms (cache hit)
1455 silly packumentCache full:https://registry.npmjs.org/@babel%2fplugin-bugfix-firefox-class-in-computed-class-key set size:64505 disposed:false
1456 silly fetch manifest @babel/plugin-transform-arrow-functions@^7.27.1
1457 silly packumentCache full:https://registry.npmjs.org/@babel%2fplugin-transform-arrow-functions cache-miss
1458 http cache https://registry.npmjs.org/@babel%2fplugin-syntax-import-assertions 19ms (cache hit)
1459 silly packumentCache full:https://registry.npmjs.org/@babel%2fplugin-syntax-import-assertions set size:103172 disposed:false
1460 silly fetch manifest @babel/plugin-transform-async-generator-functions@^7.29.0
1461 silly packumentCache full:https://registry.npmjs.org/@babel%2fplugin-transform-async-generator-functions cache-miss
1462 http cache https://registry.npmjs.org/@babel%2fplugin-proposal-private-property-in-object 23ms (cache hit)
1463 silly packumentCache full:https://registry.npmjs.org/@babel%2fplugin-proposal-private-property-in-object set size:80252 disposed:false
1464 silly fetch manifest @babel/plugin-transform-async-to-generator@^7.28.6
1465 silly packumentCache full:https://registry.npmjs.org/@babel%2fplugin-transform-async-to-generator cache-miss
1466 http cache https://registry.npmjs.org/@babel%2fplugin-syntax-unicode-sets-regex 20ms (cache hit)
1467 silly packumentCache full:https://registry.npmjs.org/@babel%2fplugin-syntax-unicode-sets-regex set size:22903 disposed:false
1468 silly fetch manifest @babel/plugin-transform-block-scoped-functions@^7.27.1
1469 silly packumentCache full:https://registry.npmjs.org/@babel%2fplugin-transform-block-scoped-functions cache-miss
1470 http cache https://registry.npmjs.org/@babel%2fplugin-transform-arrow-functions 19ms (cache hit)
1471 silly packumentCache full:https://registry.npmjs.org/@babel%2fplugin-transform-arrow-functions set size:205700 disposed:false
1472 silly fetch manifest @babel/plugin-transform-block-scoping@^7.28.6
1473 silly packumentCache full:https://registry.npmjs.org/@babel%2fplugin-transform-block-scoping cache-miss
1474 http cache https://registry.npmjs.org/@babel%2fplugin-syntax-import-attributes 26ms (cache hit)
1475 silly packumentCache full:https://registry.npmjs.org/@babel%2fplugin-syntax-import-attributes set size:71194 disposed:false
1476 silly fetch manifest @babel/plugin-transform-class-properties@^7.28.6
1477 silly packumentCache full:https://registry.npmjs.org/@babel%2fplugin-transform-class-properties cache-miss
1478 http cache https://registry.npmjs.org/@babel%2fplugin-transform-async-generator-functions 21ms (cache hit)
1479 silly packumentCache full:https://registry.npmjs.org/@babel%2fplugin-transform-async-generator-functions set size:115661 disposed:false
1480 silly fetch manifest @babel/plugin-transform-class-static-block@^7.28.6
1481 silly packumentCache full:https://registry.npmjs.org/@babel%2fplugin-transform-class-static-block cache-miss
1482 http cache https://registry.npmjs.org/@babel%2fplugin-transform-block-scoping 20ms (cache hit)
1483 silly packumentCache full:https://registry.npmjs.org/@babel%2fplugin-transform-block-scoping set size:312769 disposed:false
1484 silly fetch manifest @babel/plugin-transform-classes@^7.28.6
1485 silly packumentCache full:https://registry.npmjs.org/@babel%2fplugin-transform-classes cache-miss
1486 http cache https://registry.npmjs.org/@babel%2fplugin-transform-async-to-generator 27ms (cache hit)
1487 silly packumentCache full:https://registry.npmjs.org/@babel%2fplugin-transform-async-to-generator set size:235159 disposed:false
1488 silly fetch manifest @babel/plugin-transform-computed-properties@^7.28.6
1489 silly packumentCache full:https://registry.npmjs.org/@babel%2fplugin-transform-computed-properties cache-miss
1490 http cache https://registry.npmjs.org/@babel%2fplugin-transform-class-properties 24ms (cache hit)
1491 silly packumentCache full:https://registry.npmjs.org/@babel%2fplugin-transform-class-properties set size:81346 disposed:false
1492 silly fetch manifest @babel/plugin-transform-destructuring@^7.28.5
1493 silly packumentCache full:https://registry.npmjs.org/@babel%2fplugin-transform-destructuring cache-miss
1494 http cache https://registry.npmjs.org/@babel%2fplugin-transform-block-scoped-functions 31ms (cache hit)
1495 silly packumentCache full:https://registry.npmjs.org/@babel%2fplugin-transform-block-scoped-functions set size:199948 disposed:false
1496 silly fetch manifest @babel/plugin-transform-dotall-regex@^7.28.6
1497 silly packumentCache full:https://registry.npmjs.org/@babel%2fplugin-transform-dotall-regex cache-miss
1498 http cache https://registry.npmjs.org/@babel%2fplugin-transform-class-static-block 20ms (cache hit)
1499 silly packumentCache full:https://registry.npmjs.org/@babel%2fplugin-transform-class-static-block set size:95182 disposed:false
1500 silly fetch manifest @babel/plugin-transform-duplicate-keys@^7.27.1
1501 silly packumentCache full:https://registry.npmjs.org/@babel%2fplugin-transform-duplicate-keys cache-miss
1502 http cache https://registry.npmjs.org/@babel%2fplugin-transform-computed-properties 15ms (cache hit)
1503 silly packumentCache full:https://registry.npmjs.org/@babel%2fplugin-transform-computed-properties set size:213271 disposed:false
1504 silly fetch manifest @babel/plugin-transform-duplicate-named-capturing-groups-regex@^7.29.0
1505 silly packumentCache full:https://registry.npmjs.org/@babel%2fplugin-transform-duplicate-named-capturing-groups-regex cache-miss
1506 http cache https://registry.npmjs.org/@babel%2fplugin-transform-classes 21ms (cache hit)
1507 silly packumentCache full:https://registry.npmjs.org/@babel%2fplugin-transform-classes set size:326173 disposed:false
1508 silly fetch manifest @babel/plugin-transform-dynamic-import@^7.27.1
1509 silly packumentCache full:https://registry.npmjs.org/@babel%2fplugin-transform-dynamic-import cache-miss
1510 http cache https://registry.npmjs.org/@babel%2fplugin-transform-dotall-regex 18ms (cache hit)
1511 silly packumentCache full:https://registry.npmjs.org/@babel%2fplugin-transform-dotall-regex set size:213255 disposed:false
1512 silly fetch manifest @babel/plugin-transform-explicit-resource-management@^7.28.6
1513 silly packumentCache full:https://registry.npmjs.org/@babel%2fplugin-transform-explicit-resource-management cache-miss
1514 http cache https://registry.npmjs.org/@babel%2fplugin-transform-destructuring 24ms (cache hit)
1515 silly packumentCache full:https://registry.npmjs.org/@babel%2fplugin-transform-destructuring set size:288677 disposed:false
1516 silly fetch manifest @babel/plugin-transform-exponentiation-operator@^7.28.6
1517 silly packumentCache full:https://registry.npmjs.org/@babel%2fplugin-transform-exponentiation-operator cache-miss
1518 http cache https://registry.npmjs.org/@babel%2fplugin-transform-duplicate-keys 21ms (cache hit)
1519 silly packumentCache full:https://registry.npmjs.org/@babel%2fplugin-transform-duplicate-keys set size:199790 disposed:false
1520 silly fetch manifest @babel/plugin-transform-export-namespace-from@^7.27.1
1521 silly packumentCache full:https://registry.npmjs.org/@babel%2fplugin-transform-export-namespace-from cache-miss
1522 http cache https://registry.npmjs.org/@babel%2fplugin-transform-duplicate-named-capturing-groups-regex 21ms (cache hit)
1523 silly packumentCache full:https://registry.npmjs.org/@babel%2fplugin-transform-duplicate-named-capturing-groups-regex set size:49242 disposed:false
1524 silly fetch manifest @babel/plugin-transform-for-of@^7.27.1
1525 silly packumentCache full:https://registry.npmjs.org/@babel%2fplugin-transform-for-of cache-miss
1526 http cache https://registry.npmjs.org/@babel%2fplugin-transform-explicit-resource-management 14ms (cache hit)
1527 silly packumentCache full:https://registry.npmjs.org/@babel%2fplugin-transform-explicit-resource-management set size:23278 disposed:false
1528 silly fetch manifest @babel/plugin-transform-function-name@^7.27.1
1529 silly packumentCache full:https://registry.npmjs.org/@babel%2fplugin-transform-function-name cache-miss
1530 http cache https://registry.npmjs.org/@babel%2fplugin-transform-dynamic-import 20ms (cache hit)
1531 silly packumentCache full:https://registry.npmjs.org/@babel%2fplugin-transform-dynamic-import set size:74250 disposed:false
1532 silly fetch manifest @babel/plugin-transform-json-strings@^7.28.6
1533 silly packumentCache full:https://registry.npmjs.org/@babel%2fplugin-transform-json-strings cache-miss
1534 http cache https://registry.npmjs.org/@babel%2fplugin-transform-exponentiation-operator 15ms (cache hit)
1535 silly packumentCache full:https://registry.npmjs.org/@babel%2fplugin-transform-exponentiation-operator set size:210129 disposed:false
1536 silly fetch manifest @babel/plugin-transform-literals@^7.27.1
1537 silly packumentCache full:https://registry.npmjs.org/@babel%2fplugin-transform-literals cache-miss
1538 http cache https://registry.npmjs.org/@babel%2fplugin-transform-export-namespace-from 16ms (cache hit)
1539 silly packumentCache full:https://registry.npmjs.org/@babel%2fplugin-transform-export-namespace-from set size:79709 disposed:false
1540 silly fetch manifest @babel/plugin-transform-logical-assignment-operators@^7.28.6
1541 silly packumentCache full:https://registry.npmjs.org/@babel%2fplugin-transform-logical-assignment-operators cache-miss
1542 http cache https://registry.npmjs.org/@babel%2fplugin-transform-for-of 17ms (cache hit)
1543 silly packumentCache full:https://registry.npmjs.org/@babel%2fplugin-transform-for-of set size:232987 disposed:false
1544 silly fetch manifest @babel/plugin-transform-member-expression-literals@^7.27.1
1545 silly packumentCache full:https://registry.npmjs.org/@babel%2fplugin-transform-member-expression-literals cache-miss
1546 http cache https://registry.npmjs.org/@babel%2fplugin-transform-json-strings 17ms (cache hit)
1547 silly packumentCache full:https://registry.npmjs.org/@babel%2fplugin-transform-json-strings set size:80617 disposed:false
1548 silly fetch manifest @babel/plugin-transform-modules-amd@^7.27.1
1549 silly packumentCache full:https://registry.npmjs.org/@babel%2fplugin-transform-modules-amd cache-miss
1550 http cache https://registry.npmjs.org/@babel%2fplugin-transform-literals 16ms (cache hit)
1551 silly packumentCache full:https://registry.npmjs.org/@babel%2fplugin-transform-literals set size:195330 disposed:false
1552 silly fetch manifest @babel/plugin-transform-modules-commonjs@^7.28.6
1553 silly packumentCache full:https://registry.npmjs.org/@babel%2fplugin-transform-modules-commonjs cache-miss
1554 http cache https://registry.npmjs.org/@babel%2fplugin-transform-function-name 24ms (cache hit)
1555 silly packumentCache full:https://registry.npmjs.org/@babel%2fplugin-transform-function-name set size:216895 disposed:false
1556 silly fetch manifest @babel/plugin-transform-modules-systemjs@^7.29.0
1557 silly packumentCache full:https://registry.npmjs.org/@babel%2fplugin-transform-modules-systemjs cache-miss
1558 http cache https://registry.npmjs.org/@babel%2fplugin-transform-logical-assignment-operators 20ms (cache hit)
1559 silly packumentCache full:https://registry.npmjs.org/@babel%2fplugin-transform-logical-assignment-operators set size:90500 disposed:false
1560 silly fetch manifest @babel/plugin-transform-modules-umd@^7.27.1
1561 silly packumentCache full:https://registry.npmjs.org/@babel%2fplugin-transform-modules-umd cache-miss
1562 http cache https://registry.npmjs.org/@babel%2fplugin-transform-member-expression-literals 19ms (cache hit)
1563 silly packumentCache full:https://registry.npmjs.org/@babel%2fplugin-transform-member-expression-literals set size:198348 disposed:false
1564 silly fetch manifest @babel/plugin-transform-named-capturing-groups-regex@^7.29.0
1565 silly packumentCache full:https://registry.npmjs.org/@babel%2fplugin-transform-named-capturing-groups-regex cache-miss
1566 http cache https://registry.npmjs.org/@babel%2fplugin-transform-modules-amd 19ms (cache hit)
1567 silly packumentCache full:https://registry.npmjs.org/@babel%2fplugin-transform-modules-amd set size:238430 disposed:false
1568 silly fetch manifest @babel/plugin-transform-new-target@^7.27.1
1569 silly packumentCache full:https://registry.npmjs.org/@babel%2fplugin-transform-new-target cache-miss
1570 http cache https://registry.npmjs.org/@babel%2fplugin-transform-modules-systemjs 16ms (cache hit)
1571 silly packumentCache full:https://registry.npmjs.org/@babel%2fplugin-transform-modules-systemjs set size:294479 disposed:false
1572 silly fetch manifest @babel/plugin-transform-nullish-coalescing-operator@^7.28.6
1573 silly packumentCache full:https://registry.npmjs.org/@babel%2fplugin-transform-nullish-coalescing-operator cache-miss
1574 http cache https://registry.npmjs.org/@babel%2fplugin-transform-modules-commonjs 22ms (cache hit)
1575 silly packumentCache full:https://registry.npmjs.org/@babel%2fplugin-transform-modules-commonjs set size:299727 disposed:false
1576 silly fetch manifest @babel/plugin-transform-numeric-separator@^7.28.6
1577 silly packumentCache full:https://registry.npmjs.org/@babel%2fplugin-transform-numeric-separator cache-miss
1578 http cache https://registry.npmjs.org/@babel%2fplugin-transform-modules-umd 20ms (cache hit)
1579 silly packumentCache full:https://registry.npmjs.org/@babel%2fplugin-transform-modules-umd set size:215745 disposed:false
1580 silly fetch manifest @babel/plugin-transform-object-rest-spread@^7.28.6
1581 silly packumentCache full:https://registry.npmjs.org/@babel%2fplugin-transform-object-rest-spread cache-miss
1582 http cache https://registry.npmjs.org/@babel%2fplugin-transform-named-capturing-groups-regex 22ms (cache hit)
1583 silly packumentCache full:https://registry.npmjs.org/@babel%2fplugin-transform-named-capturing-groups-regex set size:182298 disposed:false
1584 silly fetch manifest @babel/plugin-transform-object-super@^7.27.1
1585 silly packumentCache full:https://registry.npmjs.org/@babel%2fplugin-transform-object-super cache-miss
1586 http cache https://registry.npmjs.org/@babel%2fplugin-transform-numeric-separator 15ms (cache hit)
1587 silly packumentCache full:https://registry.npmjs.org/@babel%2fplugin-transform-numeric-separator set size:84467 disposed:false
1588 silly fetch manifest @babel/plugin-transform-optional-catch-binding@^7.28.6
1589 silly packumentCache full:https://registry.npmjs.org/@babel%2fplugin-transform-optional-catch-binding cache-miss
1590 http cache https://registry.npmjs.org/@babel%2fplugin-transform-new-target 23ms (cache hit)
1591 silly packumentCache full:https://registry.npmjs.org/@babel%2fplugin-transform-new-target set size:210493 disposed:false
1592 silly fetch manifest @babel/plugin-transform-optional-chaining@^7.28.6
1593 silly packumentCache full:https://registry.npmjs.org/@babel%2fplugin-transform-optional-chaining cache-miss
1594 http cache https://registry.npmjs.org/@babel%2fplugin-transform-nullish-coalescing-operator 22ms (cache hit)
1595 silly packumentCache full:https://registry.npmjs.org/@babel%2fplugin-transform-nullish-coalescing-operator set size:87324 disposed:false
1596 silly fetch manifest @babel/plugin-transform-parameters@^7.27.7
1597 silly packumentCache full:https://registry.npmjs.org/@babel%2fplugin-transform-parameters cache-miss
1598 http cache https://registry.npmjs.org/@babel%2fplugin-transform-object-rest-spread 19ms (cache hit)
1599 silly packumentCache full:https://registry.npmjs.org/@babel%2fplugin-transform-object-rest-spread set size:103914 disposed:false
1600 silly fetch manifest @babel/plugin-transform-private-methods@^7.28.6
1601 silly packumentCache full:https://registry.npmjs.org/@babel%2fplugin-transform-private-methods cache-miss
1602 http cache https://registry.npmjs.org/@babel%2fplugin-transform-object-super 18ms (cache hit)
1603 silly packumentCache full:https://registry.npmjs.org/@babel%2fplugin-transform-object-super set size:198898 disposed:false
1604 silly fetch manifest @babel/plugin-transform-private-property-in-object@^7.28.6
1605 silly packumentCache full:https://registry.npmjs.org/@babel%2fplugin-transform-private-property-in-object cache-miss
1606 http cache https://registry.npmjs.org/@babel%2fplugin-transform-optional-catch-binding 19ms (cache hit)
1607 silly packumentCache full:https://registry.npmjs.org/@babel%2fplugin-transform-optional-catch-binding set size:81867 disposed:false
1608 silly fetch manifest @babel/plugin-transform-property-literals@^7.27.1
1609 silly packumentCache full:https://registry.npmjs.org/@babel%2fplugin-transform-property-literals cache-miss
1610 http cache https://registry.npmjs.org/@babel%2fplugin-transform-optional-chaining 19ms (cache hit)
1611 silly packumentCache full:https://registry.npmjs.org/@babel%2fplugin-transform-optional-chaining set size:104559 disposed:false
1612 silly fetch manifest @babel/plugin-transform-regenerator@^7.29.0
1613 silly packumentCache full:https://registry.npmjs.org/@babel%2fplugin-transform-regenerator cache-miss
1614 http cache https://registry.npmjs.org/@babel%2fplugin-transform-parameters 19ms (cache hit)
1615 silly packumentCache full:https://registry.npmjs.org/@babel%2fplugin-transform-parameters set size:269382 disposed:false
1616 silly fetch manifest @babel/plugin-transform-regexp-modifiers@^7.28.6
1617 silly packumentCache full:https://registry.npmjs.org/@babel%2fplugin-transform-regexp-modifiers cache-miss
1618 http cache https://registry.npmjs.org/@babel%2fplugin-transform-private-methods 17ms (cache hit)
1619 silly packumentCache full:https://registry.npmjs.org/@babel%2fplugin-transform-private-methods set size:78343 disposed:false
1620 silly fetch manifest @babel/plugin-transform-reserved-words@^7.27.1
1621 silly packumentCache full:https://registry.npmjs.org/@babel%2fplugin-transform-reserved-words cache-miss
1622 http cache https://registry.npmjs.org/@babel%2fplugin-transform-property-literals 28ms (cache hit)
1623 silly packumentCache full:https://registry.npmjs.org/@babel%2fplugin-transform-property-literals set size:193530 disposed:false
1624 silly fetch manifest @babel/plugin-transform-shorthand-properties@^7.27.1
1625 silly packumentCache full:https://registry.npmjs.org/@babel%2fplugin-transform-shorthand-properties cache-miss
1626 http cache https://registry.npmjs.org/@babel%2fplugin-transform-private-property-in-object 32ms (cache hit)
1627 silly packumentCache full:https://registry.npmjs.org/@babel%2fplugin-transform-private-property-in-object set size:90853 disposed:false
1628 silly fetch manifest @babel/plugin-transform-spread@^7.28.6
1629 silly packumentCache full:https://registry.npmjs.org/@babel%2fplugin-transform-spread cache-miss
1630 http cache https://registry.npmjs.org/@babel%2fplugin-transform-regexp-modifiers 25ms (cache hit)
1631 silly packumentCache full:https://registry.npmjs.org/@babel%2fplugin-transform-regexp-modifiers set size:35550 disposed:false
1632 silly fetch manifest @babel/plugin-transform-sticky-regex@^7.27.1
1633 silly packumentCache full:https://registry.npmjs.org/@babel%2fplugin-transform-sticky-regex cache-miss
1634 http cache https://registry.npmjs.org/@babel%2fplugin-transform-regenerator 31ms (cache hit)
1635 silly packumentCache full:https://registry.npmjs.org/@babel%2fplugin-transform-regenerator set size:264228 disposed:false
1636 silly fetch manifest @babel/plugin-transform-template-literals@^7.27.1
1637 silly packumentCache full:https://registry.npmjs.org/@babel%2fplugin-transform-template-literals cache-miss
1638 http cache https://registry.npmjs.org/@babel%2fplugin-transform-reserved-words 29ms (cache hit)
1639 silly packumentCache full:https://registry.npmjs.org/@babel%2fplugin-transform-reserved-words set size:192683 disposed:false
1640 silly fetch manifest @babel/plugin-transform-typeof-symbol@^7.27.1
1641 silly packumentCache full:https://registry.npmjs.org/@babel%2fplugin-transform-typeof-symbol cache-miss
1642 http cache https://registry.npmjs.org/@babel%2fplugin-transform-sticky-regex 14ms (cache hit)
1643 silly packumentCache full:https://registry.npmjs.org/@babel%2fplugin-transform-sticky-regex set size:194701 disposed:false
1644 silly fetch manifest @babel/plugin-transform-unicode-escapes@^7.27.1
1645 silly packumentCache full:https://registry.npmjs.org/@babel%2fplugin-transform-unicode-escapes cache-miss
1646 http cache https://registry.npmjs.org/@babel%2fplugin-transform-shorthand-properties 20ms (cache hit)
1647 silly packumentCache full:https://registry.npmjs.org/@babel%2fplugin-transform-shorthand-properties set size:193713 disposed:false
1648 silly fetch manifest @babel/plugin-transform-unicode-property-regex@^7.28.6
1649 silly packumentCache full:https://registry.npmjs.org/@babel%2fplugin-transform-unicode-property-regex cache-miss
1650 http cache https://registry.npmjs.org/@babel%2fplugin-transform-template-literals 17ms (cache hit)
1651 silly packumentCache full:https://registry.npmjs.org/@babel%2fplugin-transform-template-literals set size:216465 disposed:false
1652 silly fetch manifest @babel/plugin-transform-unicode-regex@^7.27.1
1653 silly packumentCache full:https://registry.npmjs.org/@babel%2fplugin-transform-unicode-regex cache-miss
1654 http cache https://registry.npmjs.org/@babel%2fplugin-transform-spread 24ms (cache hit)
1655 silly packumentCache full:https://registry.npmjs.org/@babel%2fplugin-transform-spread set size:219841 disposed:false
1656 silly fetch manifest @babel/plugin-transform-unicode-sets-regex@^7.28.6
1657 silly packumentCache full:https://registry.npmjs.org/@babel%2fplugin-transform-unicode-sets-regex cache-miss
1658 http cache https://registry.npmjs.org/@babel%2fplugin-transform-typeof-symbol 21ms (cache hit)
1659 silly packumentCache full:https://registry.npmjs.org/@babel%2fplugin-transform-typeof-symbol set size:222503 disposed:false
1660 silly fetch manifest @babel/preset-modules@0.1.6-no-external-plugins
1661 silly packumentCache full:https://registry.npmjs.org/@babel%2fpreset-modules cache-miss
1662 http cache https://registry.npmjs.org/@babel%2fplugin-transform-unicode-escapes 23ms (cache hit)
1663 silly packumentCache full:https://registry.npmjs.org/@babel%2fplugin-transform-unicode-escapes set size:117117 disposed:false
1664 silly fetch manifest babel-plugin-polyfill-corejs2@^0.4.15
1665 silly packumentCache full:https://registry.npmjs.org/babel-plugin-polyfill-corejs2 cache-miss
1666 http cache https://registry.npmjs.org/@babel%2fplugin-transform-unicode-property-regex 22ms (cache hit)
1667 silly packumentCache full:https://registry.npmjs.org/@babel%2fplugin-transform-unicode-property-regex set size:83795 disposed:false
1668 silly fetch manifest babel-plugin-polyfill-corejs3@^0.14.0
1669 silly packumentCache full:https://registry.npmjs.org/babel-plugin-polyfill-corejs3 cache-miss
1670 http cache https://registry.npmjs.org/@babel%2fplugin-transform-unicode-sets-regex 18ms (cache hit)
1671 silly packumentCache full:https://registry.npmjs.org/@babel%2fplugin-transform-unicode-sets-regex set size:86161 disposed:false
1672 silly fetch manifest babel-plugin-polyfill-regenerator@^0.6.6
1673 silly packumentCache full:https://registry.npmjs.org/babel-plugin-polyfill-regenerator cache-miss
1674 http cache https://registry.npmjs.org/@babel%2fplugin-transform-unicode-regex 23ms (cache hit)
1675 silly packumentCache full:https://registry.npmjs.org/@babel%2fplugin-transform-unicode-regex set size:207625 disposed:false
1676 silly fetch manifest core-js-compat@^3.48.0
1677 silly packumentCache full:https://registry.npmjs.org/core-js-compat cache-miss
1678 http cache https://registry.npmjs.org/@babel%2fpreset-modules 21ms (cache hit)
1679 silly packumentCache full:https://registry.npmjs.org/@babel%2fpreset-modules set size:44565 disposed:false
1680 silly fetch manifest meow@^13.0.0
1681 silly packumentCache full:https://registry.npmjs.org/meow cache-miss
1682 http cache https://registry.npmjs.org/babel-plugin-polyfill-corejs2 19ms (cache hit)
1683 silly packumentCache full:https://registry.npmjs.org/babel-plugin-polyfill-corejs2 set size:116417 disposed:false
1684 http cache https://registry.npmjs.org/babel-plugin-polyfill-corejs3 18ms (cache hit)
1685 silly packumentCache full:https://registry.npmjs.org/babel-plugin-polyfill-corejs3 set size:147605 disposed:false
1686 http cache https://registry.npmjs.org/babel-plugin-polyfill-regenerator 19ms (cache hit)
1687 silly packumentCache full:https://registry.npmjs.org/babel-plugin-polyfill-regenerator set size:95269 disposed:false
1688 http cache https://registry.npmjs.org/core-js-compat 18ms (cache hit)
1689 silly packumentCache full:https://registry.npmjs.org/core-js-compat set size:345744 disposed:false
1690 http cache https://registry.npmjs.org/meow 14ms (cache hit)
1691 silly packumentCache full:https://registry.npmjs.org/meow set size:128964 disposed:false
1692 silly placeDep ROOT @babel/plugin-bugfix-firefox-class-in-computed-class-key@7.28.5 OK for: @babel/preset-env@7.29.2 want: ^7.28.5
1693 silly placeDep ROOT @babel/plugin-bugfix-safari-class-field-initializer-scope@7.27.1 OK for: @babel/preset-env@7.29.2 want: ^7.27.1
1694 silly placeDep ROOT @babel/plugin-bugfix-safari-id-destructuring-collision-in-function-expression@7.27.1 OK for: @babel/preset-env@7.29.2 want: ^7.27.1
1695 silly placeDep ROOT @babel/plugin-bugfix-v8-spread-parameters-in-optional-chaining@7.27.1 OK for: @babel/preset-env@7.29.2 want: ^7.27.1
1696 silly placeDep ROOT @babel/plugin-bugfix-v8-static-class-fields-redefine-readonly@7.28.6 OK for: @babel/preset-env@7.29.2 want: ^7.28.6
1697 silly placeDep ROOT @babel/plugin-proposal-private-property-in-object@7.21.0-placeholder-for-preset-env.2 OK for: @babel/preset-env@7.29.2 want: 7.21.0-placeholder-for-preset-env.2
1698 silly placeDep ROOT @babel/plugin-syntax-import-assertions@7.28.6 OK for: @babel/preset-env@7.29.2 want: ^7.28.6
1699 silly placeDep ROOT @babel/plugin-syntax-import-attributes@7.28.6 OK for: @babel/preset-env@7.29.2 want: ^7.28.6
1700 silly placeDep ROOT @babel/plugin-syntax-unicode-sets-regex@7.18.6 OK for: @babel/preset-env@7.29.2 want: ^7.18.6
1701 silly placeDep ROOT @babel/plugin-transform-arrow-functions@7.27.1 OK for: @babel/preset-env@7.29.2 want: ^7.27.1
1702 silly placeDep ROOT @babel/plugin-transform-async-generator-functions@7.29.0 OK for: @babel/preset-env@7.29.2 want: ^7.29.0
1703 silly placeDep ROOT @babel/plugin-transform-async-to-generator@7.28.6 OK for: @babel/preset-env@7.29.2 want: ^7.28.6
1704 silly placeDep ROOT @babel/plugin-transform-block-scoped-functions@7.27.1 OK for: @babel/preset-env@7.29.2 want: ^7.27.1
1705 silly placeDep ROOT @babel/plugin-transform-block-scoping@7.28.6 OK for: @babel/preset-env@7.29.2 want: ^7.28.6
1706 silly placeDep ROOT @babel/plugin-transform-class-properties@7.28.6 OK for: @babel/preset-env@7.29.2 want: ^7.28.6
1707 silly placeDep ROOT @babel/plugin-transform-class-static-block@7.28.6 OK for: @babel/preset-env@7.29.2 want: ^7.28.6
1708 silly placeDep ROOT @babel/plugin-transform-classes@7.28.6 OK for: @babel/preset-env@7.29.2 want: ^7.28.6
1709 silly placeDep ROOT @babel/plugin-transform-computed-properties@7.28.6 OK for: @babel/preset-env@7.29.2 want: ^7.28.6
1710 silly placeDep ROOT @babel/plugin-transform-destructuring@7.28.5 OK for: @babel/preset-env@7.29.2 want: ^7.28.5
1711 silly placeDep ROOT @babel/plugin-transform-dotall-regex@7.28.6 OK for: @babel/preset-env@7.29.2 want: ^7.28.6
1712 silly placeDep ROOT @babel/plugin-transform-duplicate-keys@7.27.1 OK for: @babel/preset-env@7.29.2 want: ^7.27.1
1713 silly placeDep ROOT @babel/plugin-transform-duplicate-named-capturing-groups-regex@7.29.0 OK for: @babel/preset-env@7.29.2 want: ^7.29.0
1714 silly placeDep ROOT @babel/plugin-transform-dynamic-import@7.27.1 OK for: @babel/preset-env@7.29.2 want: ^7.27.1
1715 silly placeDep ROOT @babel/plugin-transform-explicit-resource-management@7.28.6 OK for: @babel/preset-env@7.29.2 want: ^7.28.6
1716 silly placeDep ROOT @babel/plugin-transform-exponentiation-operator@7.28.6 OK for: @babel/preset-env@7.29.2 want: ^7.28.6
1717 silly placeDep ROOT @babel/plugin-transform-export-namespace-from@7.27.1 OK for: @babel/preset-env@7.29.2 want: ^7.27.1
1718 silly placeDep ROOT @babel/plugin-transform-for-of@7.27.1 OK for: @babel/preset-env@7.29.2 want: ^7.27.1
1719 silly placeDep ROOT @babel/plugin-transform-function-name@7.27.1 OK for: @babel/preset-env@7.29.2 want: ^7.27.1
1720 silly placeDep ROOT @babel/plugin-transform-json-strings@7.28.6 OK for: @babel/preset-env@7.29.2 want: ^7.28.6
1721 silly placeDep ROOT @babel/plugin-transform-literals@7.27.1 OK for: @babel/preset-env@7.29.2 want: ^7.27.1
1722 silly placeDep ROOT @babel/plugin-transform-logical-assignment-operators@7.28.6 OK for: @babel/preset-env@7.29.2 want: ^7.28.6
1723 silly placeDep ROOT @babel/plugin-transform-member-expression-literals@7.27.1 OK for: @babel/preset-env@7.29.2 want: ^7.27.1
1724 silly placeDep ROOT @babel/plugin-transform-modules-amd@7.27.1 OK for: @babel/preset-env@7.29.2 want: ^7.27.1
1725 silly placeDep ROOT @babel/plugin-transform-modules-commonjs@7.28.6 OK for: @babel/preset-env@7.29.2 want: ^7.28.6
1726 silly placeDep ROOT @babel/plugin-transform-modules-systemjs@7.29.0 OK for: @babel/preset-env@7.29.2 want: ^7.29.0
1727 silly placeDep ROOT @babel/plugin-transform-modules-umd@7.27.1 OK for: @babel/preset-env@7.29.2 want: ^7.27.1
1728 silly placeDep ROOT @babel/plugin-transform-named-capturing-groups-regex@7.29.0 OK for: @babel/preset-env@7.29.2 want: ^7.29.0
1729 silly placeDep ROOT @babel/plugin-transform-new-target@7.27.1 OK for: @babel/preset-env@7.29.2 want: ^7.27.1
1730 silly placeDep ROOT @babel/plugin-transform-nullish-coalescing-operator@7.28.6 OK for: @babel/preset-env@7.29.2 want: ^7.28.6
1731 silly placeDep ROOT @babel/plugin-transform-numeric-separator@7.28.6 OK for: @babel/preset-env@7.29.2 want: ^7.28.6
1732 silly placeDep ROOT @babel/plugin-transform-object-rest-spread@7.28.6 OK for: @babel/preset-env@7.29.2 want: ^7.28.6
1733 silly placeDep ROOT @babel/plugin-transform-object-super@7.27.1 OK for: @babel/preset-env@7.29.2 want: ^7.27.1
1734 silly placeDep ROOT @babel/plugin-transform-optional-catch-binding@7.28.6 OK for: @babel/preset-env@7.29.2 want: ^7.28.6
1735 silly placeDep ROOT @babel/plugin-transform-optional-chaining@7.28.6 OK for: @babel/preset-env@7.29.2 want: ^7.28.6
1736 silly placeDep ROOT @babel/plugin-transform-parameters@7.27.7 OK for: @babel/preset-env@7.29.2 want: ^7.27.7
1737 silly placeDep ROOT @babel/plugin-transform-private-methods@7.28.6 OK for: @babel/preset-env@7.29.2 want: ^7.28.6
1738 silly placeDep ROOT @babel/plugin-transform-private-property-in-object@7.28.6 OK for: @babel/preset-env@7.29.2 want: ^7.28.6
1739 silly placeDep ROOT @babel/plugin-transform-property-literals@7.27.1 OK for: @babel/preset-env@7.29.2 want: ^7.27.1
1740 silly placeDep ROOT @babel/plugin-transform-regenerator@7.29.0 OK for: @babel/preset-env@7.29.2 want: ^7.29.0
1741 silly placeDep ROOT @babel/plugin-transform-regexp-modifiers@7.28.6 OK for: @babel/preset-env@7.29.2 want: ^7.28.6
1742 silly placeDep ROOT @babel/plugin-transform-reserved-words@7.27.1 OK for: @babel/preset-env@7.29.2 want: ^7.27.1
1743 silly placeDep ROOT @babel/plugin-transform-shorthand-properties@7.27.1 OK for: @babel/preset-env@7.29.2 want: ^7.27.1
1744 silly placeDep ROOT @babel/plugin-transform-spread@7.28.6 OK for: @babel/preset-env@7.29.2 want: ^7.28.6
1745 silly placeDep ROOT @babel/plugin-transform-sticky-regex@7.27.1 OK for: @babel/preset-env@7.29.2 want: ^7.27.1
1746 silly placeDep ROOT @babel/plugin-transform-template-literals@7.27.1 OK for: @babel/preset-env@7.29.2 want: ^7.27.1
1747 silly placeDep ROOT @babel/plugin-transform-typeof-symbol@7.27.1 OK for: @babel/preset-env@7.29.2 want: ^7.27.1
1748 silly placeDep ROOT @babel/plugin-transform-unicode-escapes@7.27.1 OK for: @babel/preset-env@7.29.2 want: ^7.27.1
1749 silly placeDep ROOT @babel/plugin-transform-unicode-property-regex@7.28.6 OK for: @babel/preset-env@7.29.2 want: ^7.28.6
1750 silly placeDep ROOT @babel/plugin-transform-unicode-regex@7.27.1 OK for: @babel/preset-env@7.29.2 want: ^7.27.1
1751 silly placeDep ROOT @babel/plugin-transform-unicode-sets-regex@7.28.6 OK for: @babel/preset-env@7.29.2 want: ^7.28.6
1752 silly placeDep ROOT @babel/preset-modules@0.1.6-no-external-plugins OK for: @babel/preset-env@7.29.2 want: 0.1.6-no-external-plugins
1753 silly placeDep ROOT babel-plugin-polyfill-corejs2@0.4.17 OK for: @babel/preset-env@7.29.2 want: ^0.4.15
1754 silly placeDep ROOT babel-plugin-polyfill-corejs3@0.14.2 OK for: @babel/preset-env@7.29.2 want: ^0.14.0
1755 silly placeDep ROOT babel-plugin-polyfill-regenerator@0.6.8 OK for: @babel/preset-env@7.29.2 want: ^0.6.6
1756 silly placeDep ROOT core-js-compat@3.49.0 OK for: @babel/preset-env@7.29.2 want: ^3.48.0
1757 silly fetch manifest @babel/plugin-transform-optional-chaining@^7.27.1
1758 silly packumentCache full:https://registry.npmjs.org/@babel%2fplugin-transform-optional-chaining cache-hit
1759 silly fetch manifest @babel/helper-create-regexp-features-plugin@^7.18.6
1760 silly packumentCache full:https://registry.npmjs.org/@babel%2fhelper-create-regexp-features-plugin cache-miss
1761 silly fetch manifest @babel/helper-remap-async-to-generator@^7.27.1
1762 silly packumentCache full:https://registry.npmjs.org/@babel%2fhelper-remap-async-to-generator cache-miss
1763 silly fetch manifest @babel/helper-remap-async-to-generator@^7.27.1
1764 silly packumentCache full:https://registry.npmjs.org/@babel%2fhelper-remap-async-to-generator cache-miss
1765 silly fetch manifest @babel/helper-create-regexp-features-plugin@^7.28.5
1766 silly packumentCache full:https://registry.npmjs.org/@babel%2fhelper-create-regexp-features-plugin cache-miss
1767 silly fetch manifest @babel/helper-create-regexp-features-plugin@^7.28.5
1768 silly packumentCache full:https://registry.npmjs.org/@babel%2fhelper-create-regexp-features-plugin cache-miss
1769 http cache https://registry.npmjs.org/@babel%2fhelper-remap-async-to-generator 41ms (cache hit)
1770 silly packumentCache full:https://registry.npmjs.org/@babel%2fhelper-remap-async-to-generator set size:217576 disposed:false
1771 silly fetch manifest @babel/helper-create-regexp-features-plugin@^7.28.5
1772 silly packumentCache full:https://registry.npmjs.org/@babel%2fhelper-create-regexp-features-plugin cache-miss
1773 http cache https://registry.npmjs.org/@babel%2fhelper-remap-async-to-generator 44ms (cache hit)
1774 silly packumentCache full:https://registry.npmjs.org/@babel%2fhelper-remap-async-to-generator set size:217576 disposed:false
1775 silly packumentCache full:https://registry.npmjs.org/@babel%2fhelper-remap-async-to-generator dispose
1776 silly fetch manifest @babel/helper-create-regexp-features-plugin@^7.28.5
1777 silly packumentCache full:https://registry.npmjs.org/@babel%2fhelper-create-regexp-features-plugin cache-miss
1778 http cache https://registry.npmjs.org/@babel%2fhelper-create-regexp-features-plugin 47ms (cache hit)
1779 silly packumentCache full:https://registry.npmjs.org/@babel%2fhelper-create-regexp-features-plugin set size:176119 disposed:false
1780 silly fetch manifest @babel/helper-create-regexp-features-plugin@^7.28.5
1781 silly packumentCache full:https://registry.npmjs.org/@babel%2fhelper-create-regexp-features-plugin cache-hit
1782 silly fetch manifest @babel/helper-create-regexp-features-plugin@^7.27.1
1783 silly packumentCache full:https://registry.npmjs.org/@babel%2fhelper-create-regexp-features-plugin cache-hit
1784 silly fetch manifest esutils@^2.0.2
1785 silly packumentCache full:https://registry.npmjs.org/esutils cache-miss
1786 http cache https://registry.npmjs.org/@babel%2fhelper-create-regexp-features-plugin 15ms (cache hit)
1787 silly packumentCache full:https://registry.npmjs.org/@babel%2fhelper-create-regexp-features-plugin set size:176119 disposed:false
1788 silly packumentCache full:https://registry.npmjs.org/@babel%2fhelper-create-regexp-features-plugin dispose
1789 silly fetch manifest @babel/helper-define-polyfill-provider@^0.6.8
1790 silly packumentCache full:https://registry.npmjs.org/@babel%2fhelper-define-polyfill-provider cache-miss
1791 http cache https://registry.npmjs.org/esutils 16ms (cache hit)
1792 silly packumentCache full:https://registry.npmjs.org/esutils set size:29522 disposed:false
1793 silly fetch manifest @babel/helper-define-polyfill-provider@^0.6.8
1794 silly packumentCache full:https://registry.npmjs.org/@babel%2fhelper-define-polyfill-provider cache-miss
1795 http cache https://registry.npmjs.org/@babel%2fhelper-create-regexp-features-plugin 118ms (cache hit)
1796 silly packumentCache full:https://registry.npmjs.org/@babel%2fhelper-create-regexp-features-plugin set size:176119 disposed:true
1797 silly packumentCache full:https://registry.npmjs.org/@babel%2fhelper-create-regexp-features-plugin dispose
1798 silly fetch manifest @babel/helper-define-polyfill-provider@^0.6.8
1799 silly packumentCache full:https://registry.npmjs.org/@babel%2fhelper-define-polyfill-provider cache-miss
1800 http cache https://registry.npmjs.org/@babel%2fhelper-define-polyfill-provider 60ms (cache hit)
1801 silly packumentCache full:https://registry.npmjs.org/@babel%2fhelper-define-polyfill-provider set size:111648 disposed:false
1802 http cache https://registry.npmjs.org/@babel%2fhelper-create-regexp-features-plugin 126ms (cache hit)
1803 silly packumentCache full:https://registry.npmjs.org/@babel%2fhelper-create-regexp-features-plugin set size:176119 disposed:true
1804 silly packumentCache full:https://registry.npmjs.org/@babel%2fhelper-create-regexp-features-plugin dispose
1805 http cache https://registry.npmjs.org/@babel%2fhelper-create-regexp-features-plugin 87ms (cache hit)
1806 silly packumentCache full:https://registry.npmjs.org/@babel%2fhelper-create-regexp-features-plugin set size:176119 disposed:true
1807 silly packumentCache full:https://registry.npmjs.org/@babel%2fhelper-create-regexp-features-plugin dispose
1808 http cache https://registry.npmjs.org/@babel%2fhelper-define-polyfill-provider 68ms (cache hit)
1809 silly packumentCache full:https://registry.npmjs.org/@babel%2fhelper-define-polyfill-provider set size:111648 disposed:false
1810 silly packumentCache full:https://registry.npmjs.org/@babel%2fhelper-define-polyfill-provider dispose
1811 http cache https://registry.npmjs.org/@babel%2fhelper-define-polyfill-provider 23ms (cache hit)
1812 silly packumentCache full:https://registry.npmjs.org/@babel%2fhelper-define-polyfill-provider set size:111648 disposed:true
1813 silly packumentCache full:https://registry.npmjs.org/@babel%2fhelper-define-polyfill-provider dispose
1814 silly placeDep ROOT @babel/helper-create-regexp-features-plugin@7.28.5 OK for: @babel/plugin-syntax-unicode-sets-regex@7.18.6 want: ^7.18.6
1815 silly fetch manifest regexpu-core@^6.3.1
1816 silly packumentCache full:https://registry.npmjs.org/regexpu-core cache-miss
1817 http cache https://registry.npmjs.org/regexpu-core 12ms (cache hit)
1818 silly packumentCache full:https://registry.npmjs.org/regexpu-core set size:156240 disposed:false
1819 silly placeDep ROOT regexpu-core@6.4.0 OK for: @babel/helper-create-regexp-features-plugin@7.28.5 want: ^6.3.1
1820 silly fetch manifest regenerate@^1.4.2
1821 silly packumentCache full:https://registry.npmjs.org/regenerate cache-miss
1822 silly fetch manifest regenerate-unicode-properties@^10.2.2
1823 silly packumentCache full:https://registry.npmjs.org/regenerate-unicode-properties cache-miss
1824 silly fetch manifest regjsgen@^0.8.0
1825 silly packumentCache full:https://registry.npmjs.org/regjsgen cache-miss
1826 silly fetch manifest regjsparser@^0.13.0
1827 silly packumentCache full:https://registry.npmjs.org/regjsparser cache-miss
1828 silly fetch manifest unicode-match-property-ecmascript@^2.0.0
1829 silly packumentCache full:https://registry.npmjs.org/unicode-match-property-ecmascript cache-miss
1830 http cache https://registry.npmjs.org/regenerate 21ms (cache hit)
1831 silly packumentCache full:https://registry.npmjs.org/regenerate set size:56872 disposed:false
1832 silly fetch manifest unicode-match-property-value-ecmascript@^2.2.1
1833 silly packumentCache full:https://registry.npmjs.org/unicode-match-property-value-ecmascript cache-miss
1834 http cache https://registry.npmjs.org/unicode-match-property-ecmascript 23ms (cache hit)
1835 silly packumentCache full:https://registry.npmjs.org/unicode-match-property-ecmascript set size:16934 disposed:false
1836 http cache https://registry.npmjs.org/regjsgen 24ms (cache hit)
1837 silly packumentCache full:https://registry.npmjs.org/regjsgen set size:26409 disposed:false
1838 http cache https://registry.npmjs.org/regenerate-unicode-properties 25ms (cache hit)
1839 silly packumentCache full:https://registry.npmjs.org/regenerate-unicode-properties set size:78166 disposed:false
1840 http cache https://registry.npmjs.org/regjsparser 26ms (cache hit)
1841 silly packumentCache full:https://registry.npmjs.org/regjsparser set size:81745 disposed:false
1842 http cache https://registry.npmjs.org/unicode-match-property-value-ecmascript 11ms (cache hit)
1843 silly packumentCache full:https://registry.npmjs.org/unicode-match-property-value-ecmascript set size:26439 disposed:false
1844 silly placeDep ROOT @babel/helper-remap-async-to-generator@7.27.1 OK for: @babel/plugin-transform-async-generator-functions@7.29.0 want: ^7.27.1
1845 silly fetch manifest @babel/helper-wrap-function@^7.27.1
1846 silly packumentCache full:https://registry.npmjs.org/@babel%2fhelper-wrap-function cache-miss
1847 http cache https://registry.npmjs.org/@babel%2fhelper-wrap-function 8ms (cache hit)
1848 silly packumentCache full:https://registry.npmjs.org/@babel%2fhelper-wrap-function set size:215044 disposed:false
1849 silly placeDep ROOT @babel/helper-wrap-function@7.28.6 OK for: @babel/helper-remap-async-to-generator@7.27.1 want: ^7.27.1
1850 silly placeDep node_modules/@babel/helper-wrap-function @babel/types@7.29.0 OK for: @babel/helper-wrap-function@7.28.6 want: ^7.28.6
1851 silly placeDep ROOT esutils@2.0.3 OK for: @babel/preset-modules@0.1.6-no-external-plugins want: ^2.0.2
1852 silly fetch manifest @babel/core@^7.23.3
1853 silly packumentCache full:https://registry.npmjs.org/@babel%2fcore cache-hit
1854 silly placeDep ROOT @vue/babel-plugin-jsx@1.5.0 OK for: @vitejs/plugin-vue-jsx@3.1.0 want: ^1.1.5
1855 silly fetch manifest @vue/shared@^3.5.18
1856 silly packumentCache full:https://registry.npmjs.org/@vue%2fshared cache-hit
1857 silly fetch manifest @babel/types@^7.28.2
1858 silly packumentCache full:https://registry.npmjs.org/@babel%2ftypes cache-hit
1859 silly fetch manifest @babel/plugin-syntax-jsx@^7.27.1
1860 silly packumentCache full:https://registry.npmjs.org/@babel%2fplugin-syntax-jsx cache-miss
1861 silly fetch manifest @vue/babel-plugin-resolve-type@1.5.0
1862 silly packumentCache full:https://registry.npmjs.org/@vue%2fbabel-plugin-resolve-type cache-miss
1863 silly fetch manifest @vue/babel-helper-vue-transform-on@1.5.0
1864 silly packumentCache full:https://registry.npmjs.org/@vue%2fbabel-helper-vue-transform-on cache-miss
1865 http cache https://registry.npmjs.org/@vue%2fbabel-helper-vue-transform-on 12ms (cache hit)
1866 silly packumentCache full:https://registry.npmjs.org/@vue%2fbabel-helper-vue-transform-on set size:41676 disposed:false
1867 http cache https://registry.npmjs.org/@babel%2fplugin-syntax-jsx 19ms (cache hit)
1868 silly packumentCache full:https://registry.npmjs.org/@babel%2fplugin-syntax-jsx set size:182973 disposed:false
1869 http cache https://registry.npmjs.org/@vue%2fbabel-plugin-resolve-type 20ms (cache hit)
1870 silly packumentCache full:https://registry.npmjs.org/@vue%2fbabel-plugin-resolve-type set size:38783 disposed:false
1871 silly placeDep ROOT @babel/plugin-syntax-jsx@7.28.6 OK for: @vue/babel-plugin-jsx@1.5.0 want: ^7.27.1
1872 silly placeDep node_modules/@vue/babel-plugin-jsx @babel/types@7.29.0 OK for: @vue/babel-plugin-jsx@1.5.0 want: ^7.28.2
1873 silly placeDep ROOT @vue/babel-helper-vue-transform-on@1.5.0 OK for: @vue/babel-plugin-jsx@1.5.0 want: 1.5.0
1874 silly placeDep ROOT @vue/babel-plugin-resolve-type@1.5.0 OK for: @vue/babel-plugin-jsx@1.5.0 want: 1.5.0
1875 silly placeDep node_modules/@vue/babel-plugin-jsx @vue/shared@3.5.30 OK for: @vue/babel-plugin-jsx@1.5.0 want: ^3.5.18
1876 silly fetch manifest @babel/parser@^7.28.0
1877 silly packumentCache full:https://registry.npmjs.org/@babel%2fparser cache-hit
1878 silly fetch manifest @babel/code-frame@^7.27.1
1879 silly packumentCache full:https://registry.npmjs.org/@babel%2fcode-frame cache-hit
1880 silly fetch manifest @vue/compiler-sfc@^3.5.18
1881 silly packumentCache full:https://registry.npmjs.org/@vue%2fcompiler-sfc cache-hit
1882 silly placeDep node_modules/@vue/babel-plugin-resolve-type @babel/code-frame@7.29.0 OK for: @vue/babel-plugin-resolve-type@1.5.0 want: ^7.27.1
1883 silly placeDep node_modules/@vue/babel-plugin-resolve-type @babel/parser@7.29.2 OK for: @vue/babel-plugin-resolve-type@1.5.0 want: ^7.28.0
1884 silly placeDep node_modules/@vue/babel-plugin-resolve-type @vue/compiler-sfc@3.5.30 OK for: @vue/babel-plugin-resolve-type@1.5.0 want: ^3.5.18
1885 silly fetch manifest @vue/shared@3.5.30
1886 silly packumentCache full:https://registry.npmjs.org/@vue%2fshared cache-hit
1887 silly fetch manifest magic-string@^0.30.21
1888 silly packumentCache full:https://registry.npmjs.org/magic-string cache-hit
1889 silly fetch manifest @vue/compiler-dom@3.5.30
1890 silly packumentCache full:https://registry.npmjs.org/@vue%2fcompiler-dom cache-hit
1891 silly fetch manifest @vue/compiler-ssr@3.5.30
1892 silly packumentCache full:https://registry.npmjs.org/@vue%2fcompiler-ssr cache-hit
1893 silly fetch manifest @vue/compiler-core@3.5.30
1894 silly packumentCache full:https://registry.npmjs.org/@vue%2fcompiler-core cache-hit
1895 silly placeDep node_modules/@vue/compiler-core entities@4.5.0 OK for: @vue/compiler-core@3.4.21 want: ^4.5.0
1896 silly placeDep ROOT caniuse-lite@1.0.30001780 OK for: autoprefixer@10.4.20 want: ^1.0.30001646
1897 silly placeDep ROOT fraction.js@4.3.7 OK for: autoprefixer@10.4.20 want: ^4.3.7
1898 silly placeDep ROOT normalize-range@0.1.2 OK for: autoprefixer@10.4.20 want: ^0.1.2
1899 silly placeDep ROOT postcss-value-parser@4.2.0 OK for: autoprefixer@10.4.20 want: ^4.2.0
1900 silly fetch manifest @babel/core@^7.4.0 || ^8.0.0-0 <8.0.0
1901 silly packumentCache full:https://registry.npmjs.org/@babel%2fcore cache-hit
1902 silly placeDep ROOT @babel/helper-define-polyfill-provider@0.6.8 OK for: babel-plugin-polyfill-corejs2@0.4.17 want: ^0.6.8
1903 silly fetch manifest debug@^4.4.3
1904 silly packumentCache full:https://registry.npmjs.org/debug cache-hit
1905 silly fetch manifest lodash.debounce@^4.0.8
1906 silly packumentCache full:https://registry.npmjs.org/lodash.debounce cache-miss
1907 silly fetch manifest resolve@^1.22.11
1908 silly packumentCache full:https://registry.npmjs.org/resolve cache-hit
1909 http cache https://registry.npmjs.org/lodash.debounce 13ms (cache hit)
1910 silly packumentCache full:https://registry.npmjs.org/lodash.debounce set size:44123 disposed:false
1911 silly placeDep node_modules/@babel/helper-define-polyfill-provider debug@4.4.3 OK for: @babel/helper-define-polyfill-provider@0.6.8 want: ^4.4.3
1912 silly placeDep ROOT lodash.debounce@4.0.8 OK for: @babel/helper-define-polyfill-provider@0.6.8 want: ^4.0.8
1913 silly placeDep node_modules/@babel/helper-define-polyfill-provider resolve@1.22.11 OK for: @babel/helper-define-polyfill-provider@0.6.8 want: ^1.22.11
1914 silly fetch manifest is-core-module@^2.16.1
1915 silly packumentCache full:https://registry.npmjs.org/is-core-module cache-hit
1916 silly fetch manifest browserslist@>= 4.21.0
1917 silly packumentCache full:https://registry.npmjs.org/browserslist cache-hit
1918 silly placeDep ROOT baseline-browser-mapping@2.10.8 OK for: browserslist@4.28.1 want: ^2.9.0
1919 silly placeDep ROOT electron-to-chromium@1.5.313 OK for: browserslist@4.28.1 want: ^1.5.263
1920 silly placeDep ROOT node-releases@2.0.36 OK for: browserslist@4.28.1 want: ^2.0.27
1921 silly placeDep ROOT update-browserslist-db@1.2.3 OK for: browserslist@4.28.1 want: ^1.2.0
1922 silly fetch manifest escalade@^3.2.0
1923 silly packumentCache full:https://registry.npmjs.org/escalade cache-miss
1924 http cache https://registry.npmjs.org/escalade 6ms (cache hit)
1925 silly packumentCache full:https://registry.npmjs.org/escalade set size:33724 disposed:false
1926 silly placeDep ROOT meow@13.2.0 OK for: browserslist-to-esbuild@2.1.1 want: ^13.0.0
1927 silly placeDep ROOT ansi-styles@3.2.1 OK for: chalk@2.4.2 want: ^3.2.1
1928 silly placeDep ROOT escape-string-regexp@1.0.5 OK for: chalk@2.4.2 want: ^1.0.5
1929 silly placeDep ROOT supports-color@5.5.0 OK for: chalk@2.4.2 want: ^5.3.0
1930 silly fetch manifest color-convert@^1.9.0
1931 silly packumentCache full:https://registry.npmjs.org/color-convert cache-miss
1932 silly fetch manifest has-flag@^3.0.0
1933 silly packumentCache full:https://registry.npmjs.org/has-flag cache-miss
1934 http cache https://registry.npmjs.org/has-flag 7ms (cache hit)
1935 silly packumentCache full:https://registry.npmjs.org/has-flag set size:15180 disposed:false
1936 http cache https://registry.npmjs.org/color-convert 8ms (cache hit)
1937 silly packumentCache full:https://registry.npmjs.org/color-convert set size:72663 disposed:false
1938 silly placeDep ROOT color-convert@1.9.3 OK for: ansi-styles@3.2.1 want: ^1.9.0
1939 silly fetch manifest color-name@1.1.3
1940 silly packumentCache full:https://registry.npmjs.org/color-name cache-miss
1941 http cache https://registry.npmjs.org/color-name 11ms (cache hit)
1942 silly packumentCache full:https://registry.npmjs.org/color-name set size:19467 disposed:false
1943 silly placeDep ROOT anymatch@3.1.3 OK for: chokidar@3.6.0 want: ~3.1.2
1944 silly placeDep ROOT braces@3.0.3 OK for: chokidar@3.6.0 want: ~3.0.2
1945 silly placeDep ROOT fsevents@2.3.3 OK for: chokidar@3.6.0 want: ~2.3.2
1946 silly placeDep ROOT glob-parent@5.1.2 OK for: chokidar@3.6.0 want: ~5.1.2
1947 silly placeDep ROOT is-binary-path@2.1.0 OK for: chokidar@3.6.0 want: ~2.1.0
1948 silly placeDep ROOT is-glob@4.0.3 OK for: chokidar@3.6.0 want: ~4.0.1
1949 silly placeDep ROOT normalize-path@3.0.0 OK for: chokidar@3.6.0 want: ~3.0.0
1950 silly placeDep ROOT readdirp@3.6.0 OK for: chokidar@3.6.0 want: ~3.6.0
1951 silly fetch manifest normalize-path@^3.0.0
1952 silly packumentCache full:https://registry.npmjs.org/normalize-path cache-hit
1953 silly fetch manifest fill-range@^7.1.1
1954 silly packumentCache full:https://registry.npmjs.org/fill-range cache-miss
1955 silly fetch manifest is-glob@^4.0.1
1956 silly packumentCache full:https://registry.npmjs.org/is-glob cache-hit
1957 silly fetch manifest binary-extensions@^2.0.0
1958 silly packumentCache full:https://registry.npmjs.org/binary-extensions cache-miss
1959 silly fetch manifest is-extglob@^2.1.1
1960 silly packumentCache full:https://registry.npmjs.org/is-extglob cache-miss
1961 http cache https://registry.npmjs.org/fill-range 9ms (cache hit)
1962 silly packumentCache full:https://registry.npmjs.org/fill-range set size:90212 disposed:false
1963 http cache https://registry.npmjs.org/binary-extensions 10ms (cache hit)
1964 silly packumentCache full:https://registry.npmjs.org/binary-extensions set size:51551 disposed:false
1965 http cache https://registry.npmjs.org/is-extglob 11ms (cache hit)
1966 silly packumentCache full:https://registry.npmjs.org/is-extglob set size:11766 disposed:false
1967 silly placeDep ROOT fill-range@7.1.1 OK for: braces@3.0.3 want: ^7.1.1
1968 silly fetch manifest to-regex-range@^5.0.1
1969 silly packumentCache full:https://registry.npmjs.org/to-regex-range cache-miss
1970 http cache https://registry.npmjs.org/to-regex-range 6ms (cache hit)
1971 silly packumentCache full:https://registry.npmjs.org/to-regex-range set size:61569 disposed:false
1972 silly placeDep ROOT color-name@1.1.3 OK for: color-convert@1.9.3 want: 1.1.3
1973 silly placeDep ROOT ms@2.1.3 OK for: debug@4.3.7 want: ^2.1.3
1974 silly placeDep ROOT @esbuild/aix-ppc64@0.20.2 OK for: esbuild@0.20.2 want: 0.20.2
1975 silly placeDep ROOT @esbuild/android-arm@0.20.2 OK for: esbuild@0.20.2 want: 0.20.2
1976 silly placeDep ROOT @esbuild/android-arm64@0.20.2 OK for: esbuild@0.20.2 want: 0.20.2
1977 silly placeDep ROOT @esbuild/android-x64@0.20.2 OK for: esbuild@0.20.2 want: 0.20.2
1978 silly placeDep ROOT @esbuild/darwin-arm64@0.20.2 OK for: esbuild@0.20.2 want: 0.20.2
1979 silly placeDep ROOT @esbuild/darwin-x64@0.20.2 OK for: esbuild@0.20.2 want: 0.20.2
1980 silly placeDep ROOT @esbuild/freebsd-arm64@0.20.2 OK for: esbuild@0.20.2 want: 0.20.2
1981 silly placeDep ROOT @esbuild/freebsd-x64@0.20.2 OK for: esbuild@0.20.2 want: 0.20.2
1982 silly placeDep ROOT @esbuild/linux-arm@0.20.2 OK for: esbuild@0.20.2 want: 0.20.2
1983 silly placeDep ROOT @esbuild/linux-arm64@0.20.2 OK for: esbuild@0.20.2 want: 0.20.2
1984 silly placeDep ROOT @esbuild/linux-ia32@0.20.2 OK for: esbuild@0.20.2 want: 0.20.2
1985 silly placeDep ROOT @esbuild/linux-loong64@0.20.2 OK for: esbuild@0.20.2 want: 0.20.2
1986 silly placeDep ROOT @esbuild/linux-mips64el@0.20.2 OK for: esbuild@0.20.2 want: 0.20.2
1987 silly placeDep ROOT @esbuild/linux-ppc64@0.20.2 OK for: esbuild@0.20.2 want: 0.20.2
1988 silly placeDep ROOT @esbuild/linux-riscv64@0.20.2 OK for: esbuild@0.20.2 want: 0.20.2
1989 silly placeDep ROOT @esbuild/linux-s390x@0.20.2 OK for: esbuild@0.20.2 want: 0.20.2
1990 silly placeDep ROOT @esbuild/linux-x64@0.20.2 OK for: esbuild@0.20.2 want: 0.20.2
1991 silly placeDep ROOT @esbuild/netbsd-x64@0.20.2 OK for: esbuild@0.20.2 want: 0.20.2
1992 silly placeDep ROOT @esbuild/openbsd-x64@0.20.2 OK for: esbuild@0.20.2 want: 0.20.2
1993 silly placeDep ROOT @esbuild/sunos-x64@0.20.2 OK for: esbuild@0.20.2 want: 0.20.2
1994 silly placeDep ROOT @esbuild/win32-arm64@0.20.2 OK for: esbuild@0.20.2 want: 0.20.2
1995 silly placeDep ROOT @esbuild/win32-ia32@0.20.2 OK for: esbuild@0.20.2 want: 0.20.2
1996 silly placeDep ROOT @esbuild/win32-x64@0.20.2 OK for: esbuild@0.20.2 want: 0.20.2
1997 silly placeDep ROOT accepts@1.3.8 OK for: express@4.20.0 want: ~1.3.8
1998 silly placeDep ROOT array-flatten@1.1.1 OK for: express@4.20.0 want: 1.1.1
1999 silly placeDep ROOT body-parser@1.20.3 OK for: express@4.20.0 want: 1.20.3
2000 silly placeDep ROOT content-disposition@0.5.4 OK for: express@4.20.0 want: 0.5.4
2001 silly placeDep ROOT content-type@1.0.5 OK for: express@4.20.0 want: ~1.0.4
2002 silly placeDep ROOT cookie@0.6.0 OK for: express@4.20.0 want: 0.6.0
2003 silly placeDep ROOT cookie-signature@1.0.6 OK for: express@4.20.0 want: 1.0.6
2004 silly placeDep node_modules/express debug@2.6.9 OK for: express@4.20.0 want: 2.6.9
2005 silly placeDep ROOT depd@2.0.0 OK for: express@4.20.0 want: 2.0.0
2006 silly placeDep ROOT encodeurl@2.0.0 OK for: express@4.20.0 want: ~2.0.0
2007 silly placeDep ROOT escape-html@1.0.3 OK for: express@4.20.0 want: ~1.0.3
2008 silly placeDep ROOT etag@1.8.1 OK for: express@4.20.0 want: ~1.8.1
2009 silly placeDep ROOT finalhandler@1.2.0 OK for: express@4.20.0 want: 1.2.0
2010 silly placeDep ROOT fresh@0.5.2 OK for: express@4.20.0 want: 0.5.2
2011 silly placeDep ROOT http-errors@2.0.0 OK for: express@4.20.0 want: 2.0.0
2012 silly placeDep ROOT merge-descriptors@1.0.3 OK for: express@4.20.0 want: 1.0.3
2013 silly placeDep ROOT methods@1.1.2 OK for: express@4.20.0 want: ~1.1.2
2014 silly placeDep ROOT on-finished@2.4.1 OK for: express@4.20.0 want: 2.4.1
2015 silly placeDep ROOT parseurl@1.3.3 OK for: express@4.20.0 want: ~1.3.3
2016 silly placeDep ROOT path-to-regexp@0.1.10 OK for: express@4.20.0 want: 0.1.10
2017 silly placeDep ROOT proxy-addr@2.0.7 OK for: express@4.20.0 want: ~2.0.7
2018 silly placeDep ROOT qs@6.11.0 OK for: express@4.20.0 want: 6.11.0
2019 silly placeDep ROOT range-parser@1.2.1 OK for: express@4.20.0 want: ~1.2.1
2020 silly placeDep ROOT safe-buffer@5.2.1 OK for: express@4.20.0 want: 5.2.1
2021 silly placeDep ROOT send@0.19.0 OK for: express@4.20.0 want: 0.19.0
2022 silly placeDep ROOT serve-static@1.16.0 OK for: express@4.20.0 want: 1.16.0
2023 silly placeDep ROOT setprototypeof@1.2.0 OK for: express@4.20.0 want: 1.2.0
2024 silly placeDep ROOT statuses@2.0.1 OK for: express@4.20.0 want: 2.0.1
2025 silly placeDep ROOT type-is@1.6.18 OK for: express@4.20.0 want: ~1.6.18
2026 silly placeDep ROOT utils-merge@1.0.1 OK for: express@4.20.0 want: 1.0.1
2027 silly placeDep ROOT vary@1.1.2 OK for: express@4.20.0 want: ~1.1.2
2028 silly fetch manifest mime-types@~2.1.34
2029 silly packumentCache full:https://registry.npmjs.org/mime-types cache-miss
2030 silly fetch manifest negotiator@0.6.3
2031 silly packumentCache full:https://registry.npmjs.org/negotiator cache-miss
2032 silly fetch manifest qs@6.13.0
2033 silly packumentCache full:https://registry.npmjs.org/qs cache-hit
2034 silly fetch manifest bytes@3.1.2
2035 silly packumentCache full:https://registry.npmjs.org/bytes cache-miss
2036 silly fetch manifest unpipe@1.0.0
2037 silly packumentCache full:https://registry.npmjs.org/unpipe cache-miss
2038 silly fetch manifest destroy@1.2.0
2039 silly packumentCache full:https://registry.npmjs.org/destroy cache-miss
2040 http cache https://registry.npmjs.org/bytes 13ms (cache hit)
2041 silly packumentCache full:https://registry.npmjs.org/bytes set size:37018 disposed:false
2042 silly fetch manifest raw-body@2.5.2
2043 silly packumentCache full:https://registry.npmjs.org/raw-body cache-miss
2044 http cache https://registry.npmjs.org/negotiator 15ms (cache hit)
2045 silly packumentCache full:https://registry.npmjs.org/negotiator set size:48046 disposed:false
2046 silly fetch manifest iconv-lite@0.4.24
2047 silly packumentCache full:https://registry.npmjs.org/iconv-lite cache-miss
2048 http cache https://registry.npmjs.org/unpipe 17ms (cache hit)
2049 silly packumentCache full:https://registry.npmjs.org/unpipe set size:3609 disposed:false
2050 silly fetch manifest content-type@~1.0.5
2051 silly packumentCache full:https://registry.npmjs.org/content-type cache-hit
2052 silly fetch manifest ms@2.0.0
2053 silly packumentCache full:https://registry.npmjs.org/ms cache-hit
2054 silly fetch manifest unpipe@~1.0.0
2055 silly packumentCache full:https://registry.npmjs.org/unpipe cache-hit
2056 silly fetch manifest encodeurl@~1.0.2
2057 silly packumentCache full:https://registry.npmjs.org/encodeurl cache-hit
2058 silly fetch manifest inherits@2.0.4
2059 silly packumentCache full:https://registry.npmjs.org/inherits cache-miss
2060 http cache https://registry.npmjs.org/mime-types 22ms (cache hit)
2061 silly packumentCache full:https://registry.npmjs.org/mime-types set size:139110 disposed:false
2062 silly fetch manifest toidentifier@1.0.1
2063 silly packumentCache full:https://registry.npmjs.org/toidentifier cache-miss
2064 http cache https://registry.npmjs.org/destroy 23ms (cache hit)
2065 silly packumentCache full:https://registry.npmjs.org/destroy set size:15738 disposed:false
2066 silly fetch manifest ee-first@1.1.1
2067 silly packumentCache full:https://registry.npmjs.org/ee-first cache-miss
2068 http cache https://registry.npmjs.org/raw-body 16ms (cache hit)
2069 silly packumentCache full:https://registry.npmjs.org/raw-body set size:117822 disposed:false
2070 silly fetch manifest forwarded@0.2.0
2071 silly packumentCache full:https://registry.npmjs.org/forwarded cache-miss
2072 http cache https://registry.npmjs.org/iconv-lite 18ms (cache hit)
2073 silly packumentCache full:https://registry.npmjs.org/iconv-lite set size:120557 disposed:false
2074 silly fetch manifest ipaddr.js@1.9.1
2075 silly packumentCache full:https://registry.npmjs.org/ipaddr.js cache-miss
2076 http cache https://registry.npmjs.org/inherits 17ms (cache hit)
2077 silly packumentCache full:https://registry.npmjs.org/inherits set size:12925 disposed:false
2078 silly fetch manifest side-channel@^1.0.4
2079 silly packumentCache full:https://registry.npmjs.org/side-channel cache-miss
2080 http cache https://registry.npmjs.org/ee-first 15ms (cache hit)
2081 silly packumentCache full:https://registry.npmjs.org/ee-first set size:15327 disposed:false
2082 silly fetch manifest mime@1.6.0
2083 silly packumentCache full:https://registry.npmjs.org/mime cache-hit
2084 silly fetch manifest send@0.18.0
2085 silly packumentCache full:https://registry.npmjs.org/send cache-hit
2086 silly fetch manifest mime-types@~2.1.24
2087 silly packumentCache full:https://registry.npmjs.org/mime-types cache-hit
2088 silly fetch manifest media-typer@0.3.0
2089 silly packumentCache full:https://registry.npmjs.org/media-typer cache-miss
2090 http cache https://registry.npmjs.org/toidentifier 20ms (cache hit)
2091 silly packumentCache full:https://registry.npmjs.org/toidentifier set size:12006 disposed:false
2092 http cache https://registry.npmjs.org/forwarded 15ms (cache hit)
2093 silly packumentCache full:https://registry.npmjs.org/forwarded set size:11229 disposed:false
2094 http cache https://registry.npmjs.org/ipaddr.js 15ms (cache hit)
2095 silly packumentCache full:https://registry.npmjs.org/ipaddr.js set size:67857 disposed:false
2096 http cache https://registry.npmjs.org/media-typer 9ms (cache hit)
2097 silly packumentCache full:https://registry.npmjs.org/media-typer set size:20873 disposed:false
2098 http cache https://registry.npmjs.org/side-channel 14ms (cache hit)
2099 silly packumentCache full:https://registry.npmjs.org/side-channel set size:24660 disposed:false
2100 silly placeDep ROOT mime-types@2.1.35 OK for: accepts@1.3.8 want: ~2.1.34
2101 silly placeDep ROOT negotiator@0.6.3 OK for: accepts@1.3.8 want: 0.6.3
2102 silly fetch manifest mime-db@1.52.0
2103 silly packumentCache full:https://registry.npmjs.org/mime-db cache-miss
2104 http cache https://registry.npmjs.org/mime-db 7ms (cache hit)
2105 silly packumentCache full:https://registry.npmjs.org/mime-db set size:164953 disposed:false
2106 silly placeDep ROOT bytes@3.1.2 OK for: body-parser@1.20.3 want: 3.1.2
2107 silly placeDep node_modules/body-parser debug@2.6.9 OK for: body-parser@1.20.3 want: 2.6.9
2108 silly placeDep ROOT destroy@1.2.0 OK for: body-parser@1.20.3 want: 1.2.0
2109 silly placeDep ROOT iconv-lite@0.4.24 OK for: body-parser@1.20.3 want: 0.4.24
2110 silly placeDep node_modules/body-parser qs@6.13.0 OK for: body-parser@1.20.3 want: 6.13.0
2111 silly placeDep ROOT raw-body@2.5.2 OK for: body-parser@1.20.3 want: 2.5.2
2112 silly placeDep ROOT unpipe@1.0.0 OK for: body-parser@1.20.3 want: 1.0.0
2113 silly fetch manifest safer-buffer@>= 2.1.2 < 3
2114 silly packumentCache full:https://registry.npmjs.org/safer-buffer cache-miss
2115 silly fetch manifest side-channel@^1.0.6
2116 silly packumentCache full:https://registry.npmjs.org/side-channel cache-hit
2117 http cache https://registry.npmjs.org/safer-buffer 12ms (cache hit)
2118 silly packumentCache full:https://registry.npmjs.org/safer-buffer set size:18521 disposed:false
2119 silly placeDep ROOT @nodelib/fs.stat@2.0.5 OK for: fast-glob@3.3.3 want: ^2.0.2
2120 silly placeDep ROOT @nodelib/fs.walk@1.2.8 OK for: fast-glob@3.3.3 want: ^1.2.3
2121 silly placeDep ROOT merge2@1.4.1 OK for: fast-glob@3.3.3 want: ^1.3.0
2122 silly placeDep ROOT micromatch@4.0.8 OK for: fast-glob@3.3.3 want: ^4.0.8
2123 silly fetch manifest fastq@^1.6.0
2124 silly packumentCache full:https://registry.npmjs.org/fastq cache-miss
2125 silly fetch manifest @nodelib/fs.scandir@2.1.5
2126 silly packumentCache full:https://registry.npmjs.org/@nodelib%2ffs.scandir cache-miss
2127 http cache https://registry.npmjs.org/fastq 8ms (cache hit)
2128 silly packumentCache full:https://registry.npmjs.org/fastq set size:78301 disposed:false
2129 http cache https://registry.npmjs.org/@nodelib%2ffs.scandir 9ms (cache hit)
2130 silly packumentCache full:https://registry.npmjs.org/@nodelib%2ffs.scandir set size:49256 disposed:false
2131 silly placeDep ROOT @nodelib/fs.scandir@2.1.5 OK for: @nodelib/fs.walk@1.2.8 want: 2.1.5
2132 silly placeDep ROOT fastq@1.20.1 OK for: @nodelib/fs.walk@1.2.8 want: ^1.6.0
2133 silly fetch manifest run-parallel@^1.1.9
2134 silly packumentCache full:https://registry.npmjs.org/run-parallel cache-miss
2135 silly fetch manifest reusify@^1.0.4
2136 silly packumentCache full:https://registry.npmjs.org/reusify cache-miss
2137 http cache https://registry.npmjs.org/reusify 7ms (cache hit)
2138 silly packumentCache full:https://registry.npmjs.org/reusify set size:14249 disposed:false
2139 http cache https://registry.npmjs.org/run-parallel 9ms (cache hit)
2140 silly packumentCache full:https://registry.npmjs.org/run-parallel set size:35172 disposed:false
2141 silly placeDep ROOT run-parallel@1.2.0 OK for: @nodelib/fs.scandir@2.1.5 want: ^1.1.9
2142 silly fetch manifest queue-microtask@^1.2.2
2143 silly packumentCache full:https://registry.npmjs.org/queue-microtask cache-miss
2144 http cache https://registry.npmjs.org/queue-microtask 7ms (cache hit)
2145 silly packumentCache full:https://registry.npmjs.org/queue-microtask set size:36088 disposed:false
2146 silly placeDep ROOT reusify@1.1.0 OK for: fastq@1.20.1 want: ^1.0.4
2147 silly placeDep ROOT to-regex-range@5.0.1 OK for: fill-range@7.1.1 want: ^5.0.1
2148 silly fetch manifest is-number@^7.0.0
2149 silly packumentCache full:https://registry.npmjs.org/is-number cache-miss
2150 http cache https://registry.npmjs.org/is-number 7ms (cache hit)
2151 silly packumentCache full:https://registry.npmjs.org/is-number set size:36183 disposed:false
2152 silly placeDep node_modules/finalhandler debug@2.6.9 OK for: finalhandler@1.2.0 want: 2.6.9
2153 silly placeDep node_modules/finalhandler encodeurl@1.0.2 OK for: finalhandler@1.2.0 want: ~1.0.2
2154 silly placeDep ROOT graceful-fs@4.2.11 OK for: fs-extra@10.1.0 want: ^4.2.0
2155 silly placeDep ROOT jsonfile@6.2.0 OK for: fs-extra@10.1.0 want: ^6.0.1
2156 silly placeDep ROOT universalify@2.0.1 OK for: fs-extra@10.1.0 want: ^2.0.0
2157 silly placeDep ROOT inherits@2.0.4 OK for: http-errors@2.0.0 want: 2.0.4
2158 silly placeDep ROOT toidentifier@1.0.1 OK for: http-errors@2.0.0 want: 1.0.1
2159 silly placeDep ROOT safer-buffer@2.1.2 OK for: iconv-lite@0.4.24 want: >= 2.1.2 < 3
2160 silly placeDep ROOT binary-extensions@2.3.0 OK for: is-binary-path@2.1.0 want: ^2.0.0
2161 silly placeDep ROOT is-extglob@2.1.1 OK for: is-glob@4.0.3 want: ^2.1.1
2162 silly placeDep ROOT @babel/runtime@7.29.2 OK for: jimp@0.10.3 want: ^7.7.2
2163 silly placeDep ROOT @jimp/custom@0.10.3 OK for: jimp@0.10.3 want: ^0.10.3
2164 silly placeDep ROOT @jimp/plugins@0.10.3 OK for: jimp@0.10.3 want: ^0.10.3
2165 silly placeDep ROOT @jimp/types@0.10.3 OK for: jimp@0.10.3 want: ^0.10.3
2166 silly placeDep node_modules/jimp regenerator-runtime@0.13.11 OK for: jimp@0.10.3 want: ^0.13.3
2167 silly fetch manifest @jimp/core@^0.10.3
2168 silly packumentCache full:https://registry.npmjs.org/@jimp%2fcore cache-miss
2169 silly fetch manifest @jimp/plugin-blit@^0.10.3
2170 silly packumentCache full:https://registry.npmjs.org/@jimp%2fplugin-blit cache-miss
2171 silly fetch manifest @jimp/plugin-blur@^0.10.3
2172 silly packumentCache full:https://registry.npmjs.org/@jimp%2fplugin-blur cache-miss
2173 silly fetch manifest @jimp/plugin-circle@^0.10.3
2174 silly packumentCache full:https://registry.npmjs.org/@jimp%2fplugin-circle cache-miss
2175 silly fetch manifest @jimp/plugin-color@^0.10.3
2176 silly packumentCache full:https://registry.npmjs.org/@jimp%2fplugin-color cache-miss
2177 http cache https://registry.npmjs.org/@jimp%2fplugin-blit 13ms (cache hit)
2178 silly packumentCache full:https://registry.npmjs.org/@jimp%2fplugin-blit set size:763207 disposed:false
2179 silly fetch manifest @jimp/plugin-contain@^0.10.3
2180 silly packumentCache full:https://registry.npmjs.org/@jimp%2fplugin-contain cache-miss
2181 http cache https://registry.npmjs.org/@jimp%2fplugin-circle 19ms (cache hit)
2182 silly packumentCache full:https://registry.npmjs.org/@jimp%2fplugin-circle set size:732863 disposed:false
2183 silly fetch manifest @jimp/plugin-cover@^0.10.3
2184 silly packumentCache full:https://registry.npmjs.org/@jimp%2fplugin-cover cache-miss
2185 http cache https://registry.npmjs.org/@jimp%2fcore 26ms (cache hit)
2186 silly packumentCache full:https://registry.npmjs.org/@jimp%2fcore set size:810566 disposed:false
2187 silly fetch manifest @jimp/plugin-crop@^0.10.3
2188 silly packumentCache full:https://registry.npmjs.org/@jimp%2fplugin-crop cache-miss
2189 http cache https://registry.npmjs.org/@jimp%2fplugin-blur 33ms (cache hit)
2190 silly packumentCache full:https://registry.npmjs.org/@jimp%2fplugin-blur set size:684227 disposed:false
2191 silly fetch manifest @jimp/plugin-displace@^0.10.3
2192 silly packumentCache full:https://registry.npmjs.org/@jimp%2fplugin-displace cache-miss
2193 http cache https://registry.npmjs.org/@jimp%2fplugin-color 39ms (cache hit)
2194 silly packumentCache full:https://registry.npmjs.org/@jimp%2fplugin-color set size:785309 disposed:false
2195 silly fetch manifest @jimp/plugin-dither@^0.10.3
2196 silly packumentCache full:https://registry.npmjs.org/@jimp%2fplugin-dither cache-miss
2197 http cache https://registry.npmjs.org/@jimp%2fplugin-cover 32ms (cache hit)
2198 silly packumentCache full:https://registry.npmjs.org/@jimp%2fplugin-cover set size:807890 disposed:false
2199 silly fetch manifest @jimp/plugin-fisheye@^0.10.3
2200 silly packumentCache full:https://registry.npmjs.org/@jimp%2fplugin-fisheye cache-miss
2201 http cache https://registry.npmjs.org/@jimp%2fplugin-contain 45ms (cache hit)
2202 silly packumentCache full:https://registry.npmjs.org/@jimp%2fplugin-contain set size:808312 disposed:false
2203 silly fetch manifest @jimp/plugin-flip@^0.10.3
2204 silly packumentCache full:https://registry.npmjs.org/@jimp%2fplugin-flip cache-miss
2205 http cache https://registry.npmjs.org/@jimp%2fplugin-crop 38ms (cache hit)
2206 silly packumentCache full:https://registry.npmjs.org/@jimp%2fplugin-crop set size:757998 disposed:false
2207 silly fetch manifest @jimp/plugin-gaussian@^0.10.3
2208 silly packumentCache full:https://registry.npmjs.org/@jimp%2fplugin-gaussian cache-miss
2209 http cache https://registry.npmjs.org/@jimp%2fplugin-displace 39ms (cache hit)
2210 silly packumentCache full:https://registry.npmjs.org/@jimp%2fplugin-displace set size:686420 disposed:false
2211 silly fetch manifest @jimp/plugin-invert@^0.10.3
2212 silly packumentCache full:https://registry.npmjs.org/@jimp%2fplugin-invert cache-miss
2213 http cache https://registry.npmjs.org/@jimp%2fplugin-dither 38ms (cache hit)
2214 silly packumentCache full:https://registry.npmjs.org/@jimp%2fplugin-dither set size:685568 disposed:false
2215 silly fetch manifest @jimp/plugin-mask@^0.10.3
2216 silly packumentCache full:https://registry.npmjs.org/@jimp%2fplugin-mask cache-miss
2217 http cache https://registry.npmjs.org/@jimp%2fplugin-flip 28ms (cache hit)
2218 silly packumentCache full:https://registry.npmjs.org/@jimp%2fplugin-flip set size:692703 disposed:false
2219 silly fetch manifest @jimp/plugin-normalize@^0.10.3
2220 silly packumentCache full:https://registry.npmjs.org/@jimp%2fplugin-normalize cache-miss
2221 http cache https://registry.npmjs.org/@jimp%2fplugin-fisheye 40ms (cache hit)
2222 silly packumentCache full:https://registry.npmjs.org/@jimp%2fplugin-fisheye set size:734981 disposed:false
2223 silly fetch manifest @jimp/plugin-print@^0.10.3
2224 silly packumentCache full:https://registry.npmjs.org/@jimp%2fplugin-print cache-miss
2225 http cache https://registry.npmjs.org/@jimp%2fplugin-invert 29ms (cache hit)
2226 silly packumentCache full:https://registry.npmjs.org/@jimp%2fplugin-invert set size:709330 disposed:false
2227 silly fetch manifest @jimp/plugin-resize@^0.10.3
2228 silly packumentCache full:https://registry.npmjs.org/@jimp%2fplugin-resize cache-miss
2229 http cache https://registry.npmjs.org/@jimp%2fplugin-gaussian 40ms (cache hit)
2230 silly packumentCache full:https://registry.npmjs.org/@jimp%2fplugin-gaussian set size:726060 disposed:false
2231 silly fetch manifest @jimp/plugin-rotate@^0.10.3
2232 silly packumentCache full:https://registry.npmjs.org/@jimp%2fplugin-rotate cache-miss
2233 http cache https://registry.npmjs.org/@jimp%2fplugin-mask 34ms (cache hit)
2234 silly packumentCache full:https://registry.npmjs.org/@jimp%2fplugin-mask set size:753902 disposed:false
2235 silly fetch manifest @jimp/plugin-scale@^0.10.3
2236 silly packumentCache full:https://registry.npmjs.org/@jimp%2fplugin-scale cache-miss
2237 http cache https://registry.npmjs.org/@jimp%2fplugin-normalize 33ms (cache hit)
2238 silly packumentCache full:https://registry.npmjs.org/@jimp%2fplugin-normalize set size:787221 disposed:false
2239 silly fetch manifest @jimp/plugin-shadow@^0.10.3
2240 silly packumentCache full:https://registry.npmjs.org/@jimp%2fplugin-shadow cache-miss
2241 http cache https://registry.npmjs.org/@jimp%2fplugin-print 46ms (cache hit)
2242 silly packumentCache full:https://registry.npmjs.org/@jimp%2fplugin-print set size:789753 disposed:false
2243 silly fetch manifest @jimp/plugin-threshold@^0.10.3
2244 silly packumentCache full:https://registry.npmjs.org/@jimp%2fplugin-threshold cache-miss
2245 http cache https://registry.npmjs.org/@jimp%2fplugin-resize 47ms (cache hit)
2246 silly packumentCache full:https://registry.npmjs.org/@jimp%2fplugin-resize set size:753726 disposed:false
2247 silly fetch manifest timm@^1.6.1
2248 silly packumentCache full:https://registry.npmjs.org/timm cache-miss
2249 http cache https://registry.npmjs.org/@jimp%2fplugin-scale 44ms (cache hit)
2250 silly packumentCache full:https://registry.npmjs.org/@jimp%2fplugin-scale set size:806348 disposed:false
2251 silly fetch manifest timm@^1.6.1
2252 silly packumentCache full:https://registry.npmjs.org/timm cache-miss
2253 http cache https://registry.npmjs.org/@jimp%2fplugin-rotate 56ms (cache hit)
2254 silly packumentCache full:https://registry.npmjs.org/@jimp%2fplugin-rotate set size:806725 disposed:false
2255 silly fetch manifest @jimp/bmp@^0.10.3
2256 silly packumentCache full:https://registry.npmjs.org/@jimp%2fbmp cache-miss
2257 http cache https://registry.npmjs.org/@jimp%2fbmp 29ms (cache hit)
2258 silly packumentCache full:https://registry.npmjs.org/@jimp%2fbmp set size:735640 disposed:false
2259 silly fetch manifest @jimp/gif@^0.10.3
2260 silly packumentCache full:https://registry.npmjs.org/@jimp%2fgif cache-miss
2261 http cache https://registry.npmjs.org/@jimp%2fplugin-shadow 77ms (cache hit)
2262 silly packumentCache full:https://registry.npmjs.org/@jimp%2fplugin-shadow set size:769257 disposed:false
2263 silly fetch manifest @jimp/png@^0.10.3
2264 silly packumentCache full:https://registry.npmjs.org/@jimp%2fpng cache-miss
2265 http cache https://registry.npmjs.org/@jimp%2fplugin-threshold 67ms (cache hit)
2266 silly packumentCache full:https://registry.npmjs.org/@jimp%2fplugin-threshold set size:778345 disposed:false
2267 silly fetch manifest @jimp/jpeg@^0.10.3
2268 silly packumentCache full:https://registry.npmjs.org/@jimp%2fjpeg cache-miss
2269 http cache https://registry.npmjs.org/timm 56ms (cache hit)
2270 silly packumentCache full:https://registry.npmjs.org/timm set size:133633 disposed:false
2271 silly fetch manifest @jimp/tiff@^0.10.3
2272 silly packumentCache full:https://registry.npmjs.org/@jimp%2ftiff cache-miss
2273 http cache https://registry.npmjs.org/timm 68ms (cache hit)
2274 silly packumentCache full:https://registry.npmjs.org/timm set size:133633 disposed:false
2275 silly packumentCache full:https://registry.npmjs.org/timm dispose
2276 http cache https://registry.npmjs.org/@jimp%2fgif 25ms (cache hit)
2277 silly packumentCache full:https://registry.npmjs.org/@jimp%2fgif set size:680081 disposed:false
2278 http cache https://registry.npmjs.org/@jimp%2fpng 27ms (cache hit)
2279 silly packumentCache full:https://registry.npmjs.org/@jimp%2fpng set size:814665 disposed:false
2280 http cache https://registry.npmjs.org/@jimp%2ftiff 21ms (cache hit)
2281 silly packumentCache full:https://registry.npmjs.org/@jimp%2ftiff set size:732905 disposed:false
2282 http cache https://registry.npmjs.org/@jimp%2fjpeg 30ms (cache hit)
2283 silly packumentCache full:https://registry.npmjs.org/@jimp%2fjpeg set size:753154 disposed:false
2284 silly placeDep ROOT @jimp/core@0.10.3 OK for: @jimp/custom@0.10.3 want: ^0.10.3
2285 silly fetch manifest phin@^2.9.1
2286 silly packumentCache full:https://registry.npmjs.org/phin cache-miss
2287 silly fetch manifest buffer@^5.2.0
2288 silly packumentCache full:https://registry.npmjs.org/buffer cache-miss
2289 silly fetch manifest mkdirp@^0.5.1
2290 silly packumentCache full:https://registry.npmjs.org/mkdirp cache-miss
2291 silly fetch manifest any-base@^1.1.0
2292 silly packumentCache full:https://registry.npmjs.org/any-base cache-miss
2293 silly fetch manifest file-type@^9.0.0
2294 silly packumentCache full:https://registry.npmjs.org/file-type cache-miss
2295 http cache https://registry.npmjs.org/buffer 10ms (cache hit)
2296 silly packumentCache full:https://registry.npmjs.org/buffer set size:280480 disposed:false
2297 silly fetch manifest pixelmatch@^4.0.2
2298 silly packumentCache full:https://registry.npmjs.org/pixelmatch cache-miss
2299 http cache https://registry.npmjs.org/phin 14ms (cache hit)
2300 silly packumentCache full:https://registry.npmjs.org/phin set size:123951 disposed:false
2301 silly fetch manifest @jimp/utils@^0.10.3
2302 silly packumentCache full:https://registry.npmjs.org/@jimp%2futils cache-miss
2303 http cache https://registry.npmjs.org/mkdirp 17ms (cache hit)
2304 silly packumentCache full:https://registry.npmjs.org/mkdirp set size:116455 disposed:false
2305 silly fetch manifest exif-parser@^0.1.12
2306 silly packumentCache full:https://registry.npmjs.org/exif-parser cache-miss
2307 http cache https://registry.npmjs.org/file-type 19ms (cache hit)
2308 silly packumentCache full:https://registry.npmjs.org/file-type set size:548558 disposed:false
2309 silly fetch manifest load-bmfont@^1.3.1
2310 silly packumentCache full:https://registry.npmjs.org/load-bmfont cache-miss
2311 http cache https://registry.npmjs.org/any-base 26ms (cache hit)
2312 silly packumentCache full:https://registry.npmjs.org/any-base set size:6939 disposed:false
2313 http cache https://registry.npmjs.org/pixelmatch 20ms (cache hit)
2314 silly packumentCache full:https://registry.npmjs.org/pixelmatch set size:94050 disposed:false
2315 http cache https://registry.npmjs.org/exif-parser 18ms (cache hit)
2316 silly packumentCache full:https://registry.npmjs.org/exif-parser set size:21912 disposed:false
2317 http cache https://registry.npmjs.org/load-bmfont 12ms (cache hit)
2318 silly packumentCache full:https://registry.npmjs.org/load-bmfont set size:29369 disposed:false
2319 http cache https://registry.npmjs.org/@jimp%2futils 24ms (cache hit)
2320 silly packumentCache full:https://registry.npmjs.org/@jimp%2futils set size:685684 disposed:false
2321 silly placeDep ROOT @jimp/utils@0.10.3 OK for: @jimp/core@0.10.3 want: ^0.10.3
2322 silly placeDep ROOT any-base@1.1.0 OK for: @jimp/core@0.10.3 want: ^1.1.0
2323 silly placeDep ROOT buffer@5.7.1 OK for: @jimp/core@0.10.3 want: ^5.2.0
2324 silly placeDep ROOT exif-parser@0.1.12 OK for: @jimp/core@0.10.3 want: ^0.1.12
2325 silly placeDep ROOT file-type@9.0.0 OK for: @jimp/core@0.10.3 want: ^9.0.0
2326 silly placeDep ROOT load-bmfont@1.4.2 OK for: @jimp/core@0.10.3 want: ^1.3.1
2327 silly placeDep ROOT mkdirp@0.5.6 OK for: @jimp/core@0.10.3 want: ^0.5.1
2328 silly placeDep ROOT phin@2.9.3 OK for: @jimp/core@0.10.3 want: ^2.9.1
2329 silly placeDep ROOT pixelmatch@4.0.2 OK for: @jimp/core@0.10.3 want: ^4.0.2
2330 silly fetch manifest base64-js@^1.3.1
2331 silly packumentCache full:https://registry.npmjs.org/base64-js cache-miss
2332 silly fetch manifest ieee754@^1.1.13
2333 silly packumentCache full:https://registry.npmjs.org/ieee754 cache-miss
2334 silly fetch manifest buffer-equal@0.0.1
2335 silly packumentCache full:https://registry.npmjs.org/buffer-equal cache-miss
2336 silly fetch manifest mime@^1.3.4
2337 silly packumentCache full:https://registry.npmjs.org/mime cache-hit
2338 silly fetch manifest parse-bmfont-ascii@^1.0.3
2339 silly packumentCache full:https://registry.npmjs.org/parse-bmfont-ascii cache-miss
2340 silly fetch manifest parse-bmfont-binary@^1.0.5
2341 silly packumentCache full:https://registry.npmjs.org/parse-bmfont-binary cache-miss
2342 http cache https://registry.npmjs.org/buffer-equal 9ms (cache hit)
2343 silly packumentCache full:https://registry.npmjs.org/buffer-equal set size:11640 disposed:false
2344 silly fetch manifest parse-bmfont-xml@^1.1.4
2345 silly packumentCache full:https://registry.npmjs.org/parse-bmfont-xml cache-miss
2346 http cache https://registry.npmjs.org/base64-js 12ms (cache hit)
2347 silly packumentCache full:https://registry.npmjs.org/base64-js set size:41270 disposed:false
2348 silly fetch manifest phin@^3.7.1
2349 silly packumentCache full:https://registry.npmjs.org/phin cache-hit
2350 silly fetch manifest xhr@^2.0.1
2351 silly packumentCache full:https://registry.npmjs.org/xhr cache-miss
2352 http cache https://registry.npmjs.org/parse-bmfont-ascii 13ms (cache hit)
2353 silly packumentCache full:https://registry.npmjs.org/parse-bmfont-ascii set size:12998 disposed:false
2354 silly fetch manifest xtend@^4.0.0
2355 silly packumentCache full:https://registry.npmjs.org/xtend cache-miss
2356 http cache https://registry.npmjs.org/parse-bmfont-binary 14ms (cache hit)
2357 silly packumentCache full:https://registry.npmjs.org/parse-bmfont-binary set size:6581 disposed:false
2358 silly fetch manifest minimist@^1.2.6
2359 silly packumentCache full:https://registry.npmjs.org/minimist cache-miss
2360 http cache https://registry.npmjs.org/ieee754 17ms (cache hit)
2361 silly packumentCache full:https://registry.npmjs.org/ieee754 set size:34910 disposed:false
2362 silly fetch manifest pngjs@^3.0.0
2363 silly packumentCache full:https://registry.npmjs.org/pngjs cache-miss
2364 http cache https://registry.npmjs.org/xhr 12ms (cache hit)
2365 silly packumentCache full:https://registry.npmjs.org/xhr set size:104936 disposed:false
2366 http cache https://registry.npmjs.org/parse-bmfont-xml 17ms (cache hit)
2367 silly packumentCache full:https://registry.npmjs.org/parse-bmfont-xml set size:20124 disposed:false
2368 http cache https://registry.npmjs.org/minimist 12ms (cache hit)
2369 silly packumentCache full:https://registry.npmjs.org/minimist set size:77063 disposed:false
2370 http cache https://registry.npmjs.org/xtend 15ms (cache hit)
2371 silly packumentCache full:https://registry.npmjs.org/xtend set size:28314 disposed:false
2372 http cache https://registry.npmjs.org/pngjs 14ms (cache hit)
2373 silly packumentCache full:https://registry.npmjs.org/pngjs set size:70154 disposed:false
2374 silly fetch manifest @jimp/custom@>=0.3.5
2375 silly packumentCache full:https://registry.npmjs.org/@jimp%2fcustom cache-miss
2376 http cache https://registry.npmjs.org/@jimp%2fcustom 8ms (cache hit)
2377 silly packumentCache full:https://registry.npmjs.org/@jimp%2fcustom set size:1162364 disposed:false
2378 silly placeDep ROOT @jimp/plugin-blit@0.10.3 OK for: @jimp/plugins@0.10.3 want: ^0.10.3
2379 silly placeDep ROOT @jimp/plugin-blur@0.10.3 OK for: @jimp/plugins@0.10.3 want: ^0.10.3
2380 silly placeDep ROOT @jimp/plugin-circle@0.10.3 OK for: @jimp/plugins@0.10.3 want: ^0.10.3
2381 silly placeDep ROOT @jimp/plugin-color@0.10.3 OK for: @jimp/plugins@0.10.3 want: ^0.10.3
2382 silly placeDep ROOT @jimp/plugin-contain@0.10.3 OK for: @jimp/plugins@0.10.3 want: ^0.10.3
2383 silly placeDep ROOT @jimp/plugin-scale@0.10.3 OK for: @jimp/plugin-contain@0.10.3 want: >=0.3.5
2384 silly placeDep ROOT @jimp/plugin-resize@0.10.3 OK for: @jimp/plugin-scale@0.10.3 want: >=0.3.5
2385 silly placeDep ROOT @jimp/plugin-cover@0.10.3 OK for: @jimp/plugins@0.10.3 want: ^0.10.3
2386 silly placeDep ROOT @jimp/plugin-crop@0.10.3 OK for: @jimp/plugin-cover@0.10.3 want: >=0.3.5
2387 silly placeDep ROOT @jimp/plugin-displace@0.10.3 OK for: @jimp/plugins@0.10.3 want: ^0.10.3
2388 silly placeDep ROOT @jimp/plugin-dither@0.10.3 OK for: @jimp/plugins@0.10.3 want: ^0.10.3
2389 silly placeDep ROOT @jimp/plugin-fisheye@0.10.3 OK for: @jimp/plugins@0.10.3 want: ^0.10.3
2390 silly placeDep ROOT @jimp/plugin-flip@0.10.3 OK for: @jimp/plugins@0.10.3 want: ^0.10.3
2391 silly placeDep ROOT @jimp/plugin-rotate@0.10.3 OK for: @jimp/plugin-flip@0.10.3 want: >=0.3.5
2392 silly placeDep ROOT @jimp/plugin-gaussian@0.10.3 OK for: @jimp/plugins@0.10.3 want: ^0.10.3
2393 silly placeDep ROOT @jimp/plugin-invert@0.10.3 OK for: @jimp/plugins@0.10.3 want: ^0.10.3
2394 silly placeDep ROOT @jimp/plugin-mask@0.10.3 OK for: @jimp/plugins@0.10.3 want: ^0.10.3
2395 silly placeDep ROOT @jimp/plugin-normalize@0.10.3 OK for: @jimp/plugins@0.10.3 want: ^0.10.3
2396 silly placeDep ROOT @jimp/plugin-print@0.10.3 OK for: @jimp/plugins@0.10.3 want: ^0.10.3
2397 silly placeDep ROOT @jimp/plugin-shadow@0.10.3 OK for: @jimp/plugins@0.10.3 want: ^0.10.3
2398 silly placeDep ROOT @jimp/plugin-threshold@0.10.3 OK for: @jimp/plugins@0.10.3 want: ^0.10.3
2399 silly placeDep ROOT timm@1.7.1 OK for: @jimp/plugins@0.10.3 want: ^1.6.1
2400 silly placeDep ROOT @jimp/bmp@0.10.3 OK for: @jimp/types@0.10.3 want: ^0.10.3
2401 silly placeDep ROOT @jimp/gif@0.10.3 OK for: @jimp/types@0.10.3 want: ^0.10.3
2402 silly placeDep ROOT @jimp/jpeg@0.10.3 OK for: @jimp/types@0.10.3 want: ^0.10.3
2403 silly placeDep ROOT @jimp/png@0.10.3 OK for: @jimp/types@0.10.3 want: ^0.10.3
2404 silly placeDep ROOT @jimp/tiff@0.10.3 OK for: @jimp/types@0.10.3 want: ^0.10.3
2405 silly fetch manifest bmp-js@^0.1.0
2406 silly packumentCache full:https://registry.npmjs.org/bmp-js cache-miss
2407 silly fetch manifest omggif@^1.0.9
2408 silly packumentCache full:https://registry.npmjs.org/omggif cache-miss
2409 silly fetch manifest jpeg-js@^0.3.4
2410 silly packumentCache full:https://registry.npmjs.org/jpeg-js cache-miss
2411 silly fetch manifest pngjs@^3.3.3
2412 silly packumentCache full:https://registry.npmjs.org/pngjs cache-hit
2413 silly fetch manifest utif@^2.0.1
2414 silly packumentCache full:https://registry.npmjs.org/utif cache-miss
2415 http cache https://registry.npmjs.org/bmp-js 14ms (cache hit)
2416 silly packumentCache full:https://registry.npmjs.org/bmp-js set size:8273 disposed:false
2417 http cache https://registry.npmjs.org/jpeg-js 14ms (cache hit)
2418 silly packumentCache full:https://registry.npmjs.org/jpeg-js set size:51042 disposed:false
2419 http cache https://registry.npmjs.org/utif 14ms (cache hit)
2420 silly packumentCache full:https://registry.npmjs.org/utif set size:25231 disposed:false
2421 http cache https://registry.npmjs.org/omggif 15ms (cache hit)
2422 silly packumentCache full:https://registry.npmjs.org/omggif set size:9453 disposed:false
2423 silly placeDep ROOT bmp-js@0.1.0 OK for: @jimp/bmp@0.10.3 want: ^0.1.0
2424 silly placeDep ROOT omggif@1.0.10 OK for: @jimp/gif@0.10.3 want: ^1.0.9
2425 silly placeDep ROOT jpeg-js@0.3.7 OK for: @jimp/jpeg@0.10.3 want: ^0.3.4
2426 silly placeDep ROOT pngjs@3.4.0 OK for: @jimp/png@0.10.3 want: ^3.3.3
2427 silly placeDep ROOT utif@2.0.1 OK for: @jimp/tiff@0.10.3 want: ^2.0.1
2428 silly fetch manifest pako@^1.0.5
2429 silly packumentCache full:https://registry.npmjs.org/pako cache-miss
2430 http cache https://registry.npmjs.org/pako 7ms (cache hit)
2431 silly packumentCache full:https://registry.npmjs.org/pako set size:74234 disposed:false
2432 silly placeDep node_modules/@jimp/utils regenerator-runtime@0.13.11 OK for: @jimp/utils@0.10.3 want: ^0.13.3
2433 silly placeDep ROOT base64-js@1.5.1 OK for: buffer@5.7.1 want: ^1.3.1
2434 silly placeDep ROOT ieee754@1.2.1 OK for: buffer@5.7.1 want: ^1.1.13
2435 silly placeDep ROOT buffer-equal@0.0.1 OK for: load-bmfont@1.4.2 want: 0.0.1
2436 silly placeDep node_modules/load-bmfont mime@1.6.0 OK for: load-bmfont@1.4.2 want: ^1.3.4
2437 silly placeDep ROOT parse-bmfont-ascii@1.0.6 OK for: load-bmfont@1.4.2 want: ^1.0.3
2438 silly placeDep ROOT parse-bmfont-binary@1.0.6 OK for: load-bmfont@1.4.2 want: ^1.0.5
2439 silly placeDep ROOT parse-bmfont-xml@1.1.6 OK for: load-bmfont@1.4.2 want: ^1.1.4
2440 silly placeDep node_modules/load-bmfont phin@3.7.1 OK for: load-bmfont@1.4.2 want: ^3.7.1
2441 silly placeDep ROOT xhr@2.6.0 OK for: load-bmfont@1.4.2 want: ^2.0.1
2442 silly placeDep ROOT xtend@4.0.2 OK for: load-bmfont@1.4.2 want: ^4.0.0
2443 silly fetch manifest xml-parse-from-string@^1.0.0
2444 silly packumentCache full:https://registry.npmjs.org/xml-parse-from-string cache-miss
2445 silly fetch manifest xml2js@^0.5.0
2446 silly packumentCache full:https://registry.npmjs.org/xml2js cache-miss
2447 silly fetch manifest centra@^2.7.0
2448 silly packumentCache full:https://registry.npmjs.org/centra cache-miss
2449 silly fetch manifest global@~4.4.0
2450 silly packumentCache full:https://registry.npmjs.org/global cache-miss
2451 silly fetch manifest is-function@^1.0.1
2452 silly packumentCache full:https://registry.npmjs.org/is-function cache-miss
2453 http cache https://registry.npmjs.org/centra 9ms (cache hit)
2454 silly packumentCache full:https://registry.npmjs.org/centra set size:40554 disposed:false
2455 silly fetch manifest parse-headers@^2.0.0
2456 silly packumentCache full:https://registry.npmjs.org/parse-headers cache-miss
2457 http cache https://registry.npmjs.org/xml-parse-from-string 12ms (cache hit)
2458 silly packumentCache full:https://registry.npmjs.org/xml-parse-from-string set size:5550 disposed:false
2459 http cache https://registry.npmjs.org/is-function 13ms (cache hit)
2460 silly packumentCache full:https://registry.npmjs.org/is-function set size:8525 disposed:false
2461 http cache https://registry.npmjs.org/xml2js 15ms (cache hit)
2462 silly packumentCache full:https://registry.npmjs.org/xml2js set size:198018 disposed:false
2463 http cache https://registry.npmjs.org/global 16ms (cache hit)
2464 silly packumentCache full:https://registry.npmjs.org/global set size:38192 disposed:false
2465 http cache https://registry.npmjs.org/parse-headers 14ms (cache hit)
2466 silly packumentCache full:https://registry.npmjs.org/parse-headers set size:22983 disposed:false
2467 silly placeDep ROOT yallist@3.1.1 OK for: lru-cache@5.1.1 want: ^3.0.2
2468 silly placeDep ROOT mime-db@1.52.0 OK for: mime-types@2.1.35 want: 1.52.0
2469 silly placeDep ROOT minimist@1.2.8 OK for: mkdirp@0.5.6 want: ^1.2.6
2470 silly placeDep ROOT ee-first@1.1.1 OK for: on-finished@2.4.1 want: 1.1.1
2471 silly placeDep ROOT lcid@3.1.1 OK for: os-locale-s-fix@1.0.8-fix-1 want: ^3.0.0
2472 silly fetch manifest invert-kv@^3.0.0
2473 silly packumentCache full:https://registry.npmjs.org/invert-kv cache-miss
2474 http cache https://registry.npmjs.org/invert-kv 8ms (cache hit)
2475 silly packumentCache full:https://registry.npmjs.org/invert-kv set size:18789 disposed:false
2476 silly placeDep ROOT invert-kv@3.0.1 OK for: lcid@3.1.1 want: ^3.0.0
2477 silly placeDep ROOT xml-parse-from-string@1.0.1 OK for: parse-bmfont-xml@1.1.6 want: ^1.0.0
2478 silly placeDep ROOT xml2js@0.5.0 OK for: parse-bmfont-xml@1.1.6 want: ^0.5.0
2479 silly fetch manifest sax@>=0.6.0
2480 silly packumentCache full:https://registry.npmjs.org/sax cache-miss
2481 silly fetch manifest xmlbuilder@~11.0.0
2482 silly packumentCache full:https://registry.npmjs.org/xmlbuilder cache-miss
2483 http cache https://registry.npmjs.org/sax 8ms (cache hit)
2484 silly packumentCache full:https://registry.npmjs.org/sax set size:91199 disposed:false
2485 http cache https://registry.npmjs.org/xmlbuilder 10ms (cache hit)
2486 silly packumentCache full:https://registry.npmjs.org/xmlbuilder set size:158707 disposed:false
2487 silly placeDep ROOT css-font-size-keywords@1.0.0 OK for: parse-css-font@4.0.0 want: ^1.0.0
2488 silly placeDep ROOT css-font-stretch-keywords@1.0.1 OK for: parse-css-font@4.0.0 want: ^1.0.1
2489 silly placeDep ROOT css-font-style-keywords@1.0.1 OK for: parse-css-font@4.0.0 want: ^1.0.1
2490 silly placeDep ROOT css-font-weight-keywords@1.0.0 OK for: parse-css-font@4.0.0 want: ^1.0.0
2491 silly placeDep ROOT css-list-helpers@2.0.0 OK for: parse-css-font@4.0.0 want: ^2.0.0
2492 silly placeDep ROOT css-system-font-keywords@1.0.0 OK for: parse-css-font@4.0.0 want: ^1.0.0
2493 silly placeDep ROOT unquote@1.1.1 OK for: parse-css-font@4.0.0 want: ^1.1.1
2494 silly placeDep ROOT nanoid@3.3.11 OK for: postcss@8.5.8 want: ^3.3.11
2495 silly placeDep node_modules/postcss picocolors@1.1.1 OK for: postcss@8.5.8 want: ^1.1.1
2496 silly placeDep ROOT read-cache@1.0.0 OK for: postcss-import@14.1.0 want: ^1.0.0
2497 silly fetch manifest pify@^2.3.0
2498 silly packumentCache full:https://registry.npmjs.org/pify cache-miss
2499 http cache https://registry.npmjs.org/pify 14ms (cache hit)
2500 silly packumentCache full:https://registry.npmjs.org/pify set size:33583 disposed:false
2501 silly placeDep ROOT lilconfig@2.1.0 OK for: postcss-load-config@3.1.4 want: ^2.0.5
2502 silly placeDep ROOT yaml@1.10.2 OK for: postcss-load-config@3.1.4 want: ^1.10.2
2503 silly placeDep ROOT generic-names@4.0.0 OK for: postcss-modules@4.3.1 want: ^4.0.0
2504 silly placeDep ROOT icss-replace-symbols@1.1.0 OK for: postcss-modules@4.3.1 want: ^1.1.0
2505 silly placeDep ROOT lodash.camelcase@4.3.0 OK for: postcss-modules@4.3.1 want: ^4.3.0
2506 silly placeDep ROOT postcss-modules-extract-imports@3.1.0 OK for: postcss-modules@4.3.1 want: ^3.0.0
2507 silly placeDep ROOT postcss-modules-local-by-default@4.2.0 OK for: postcss-modules@4.3.1 want: ^4.0.0
2508 silly placeDep ROOT postcss-modules-scope@3.2.1 OK for: postcss-modules@4.3.1 want: ^3.0.0
2509 silly placeDep ROOT postcss-modules-values@4.0.0 OK for: postcss-modules@4.3.1 want: ^4.0.0
2510 silly placeDep ROOT string-hash@1.1.3 OK for: postcss-modules@4.3.1 want: ^1.1.1
2511 silly fetch manifest loader-utils@^3.2.0
2512 silly packumentCache full:https://registry.npmjs.org/loader-utils cache-miss
2513 silly fetch manifest icss-utils@^5.0.0
2514 silly packumentCache full:https://registry.npmjs.org/icss-utils cache-miss
2515 silly fetch manifest postcss-selector-parser@^7.0.0
2516 silly packumentCache full:https://registry.npmjs.org/postcss-selector-parser cache-hit
2517 silly fetch manifest postcss-selector-parser@^7.0.0
2518 silly packumentCache full:https://registry.npmjs.org/postcss-selector-parser cache-hit
2519 silly fetch manifest icss-utils@^5.0.0
2520 silly packumentCache full:https://registry.npmjs.org/icss-utils cache-miss
2521 http cache https://registry.npmjs.org/loader-utils 30ms (cache hit)
2522 silly packumentCache full:https://registry.npmjs.org/loader-utils set size:168663 disposed:false
2523 http cache https://registry.npmjs.org/icss-utils 32ms (cache hit)
2524 silly packumentCache full:https://registry.npmjs.org/icss-utils set size:31661 disposed:false
2525 http cache https://registry.npmjs.org/icss-utils 32ms (cache hit)
2526 silly packumentCache full:https://registry.npmjs.org/icss-utils set size:31661 disposed:false
2527 silly packumentCache full:https://registry.npmjs.org/icss-utils dispose
2528 silly placeDep ROOT loader-utils@3.3.1 OK for: generic-names@4.0.0 want: ^3.2.0
2529 silly placeDep ROOT icss-utils@5.1.0 OK for: postcss-modules-local-by-default@4.2.0 want: ^5.0.0
2530 silly placeDep node_modules/postcss-modules-local-by-default postcss-selector-parser@7.1.1 OK for: postcss-modules-local-by-default@4.2.0 want: ^7.0.0
2531 silly placeDep node_modules/postcss-modules-scope postcss-selector-parser@7.1.1 OK for: postcss-modules-scope@3.2.1 want: ^7.0.0
2532 silly placeDep ROOT cssesc@3.0.0 OK for: postcss-selector-parser@6.1.2 want: ^3.0.0
2533 silly placeDep ROOT util-deprecate@1.0.2 OK for: postcss-selector-parser@6.1.2 want: ^1.0.2
2534 silly placeDep ROOT forwarded@0.2.0 OK for: proxy-addr@2.0.7 want: 0.2.0
2535 silly placeDep ROOT ipaddr.js@1.9.1 OK for: proxy-addr@2.0.7 want: 1.9.1
2536 silly placeDep ROOT side-channel@1.1.0 OK for: qs@6.11.0 want: ^1.0.4
2537 silly fetch manifest es-errors@^1.3.0
2538 silly packumentCache full:https://registry.npmjs.org/es-errors cache-miss
2539 silly fetch manifest object-inspect@^1.13.3
2540 silly packumentCache full:https://registry.npmjs.org/object-inspect cache-miss
2541 silly fetch manifest side-channel-list@^1.0.0
2542 silly packumentCache full:https://registry.npmjs.org/side-channel-list cache-miss
2543 silly fetch manifest side-channel-map@^1.0.1
2544 silly packumentCache full:https://registry.npmjs.org/side-channel-map cache-miss
2545 silly fetch manifest side-channel-weakmap@^1.0.2
2546 silly packumentCache full:https://registry.npmjs.org/side-channel-weakmap cache-miss
2547 http cache https://registry.npmjs.org/es-errors 10ms (cache hit)
2548 silly packumentCache full:https://registry.npmjs.org/es-errors set size:16918 disposed:false
2549 http cache https://registry.npmjs.org/side-channel-list 11ms (cache hit)
2550 silly packumentCache full:https://registry.npmjs.org/side-channel-list set size:6005 disposed:false
2551 http cache https://registry.npmjs.org/side-channel-map 12ms (cache hit)
2552 silly packumentCache full:https://registry.npmjs.org/side-channel-map set size:9126 disposed:false
2553 http cache https://registry.npmjs.org/object-inspect 13ms (cache hit)
2554 silly packumentCache full:https://registry.npmjs.org/object-inspect set size:101912 disposed:false
2555 http cache https://registry.npmjs.org/side-channel-weakmap 15ms (cache hit)
2556 silly packumentCache full:https://registry.npmjs.org/side-channel-weakmap set size:12620 disposed:false
2557 silly placeDep ROOT pify@2.3.0 OK for: read-cache@1.0.0 want: ^2.3.0
2558 silly placeDep ROOT regenerate@1.4.2 OK for: regexpu-core@6.4.0 want: ^1.4.2
2559 silly placeDep ROOT regenerate-unicode-properties@10.2.2 OK for: regexpu-core@6.4.0 want: ^10.2.2
2560 silly placeDep ROOT regjsgen@0.8.0 OK for: regexpu-core@6.4.0 want: ^0.8.0
2561 silly placeDep ROOT regjsparser@0.13.0 OK for: regexpu-core@6.4.0 want: ^0.13.0
2562 silly placeDep ROOT unicode-match-property-ecmascript@2.0.0 OK for: regexpu-core@6.4.0 want: ^2.0.0
2563 silly placeDep ROOT unicode-match-property-value-ecmascript@2.2.1 OK for: regexpu-core@6.4.0 want: ^2.2.1
2564 silly fetch manifest unicode-canonical-property-names-ecmascript@^2.0.0
2565 silly packumentCache full:https://registry.npmjs.org/unicode-canonical-property-names-ecmascript cache-miss
2566 silly fetch manifest unicode-property-aliases-ecmascript@^2.0.0
2567 silly packumentCache full:https://registry.npmjs.org/unicode-property-aliases-ecmascript cache-miss
2568 http cache https://registry.npmjs.org/unicode-property-aliases-ecmascript 7ms (cache hit)
2569 silly packumentCache full:https://registry.npmjs.org/unicode-property-aliases-ecmascript set size:28095 disposed:false
2570 http cache https://registry.npmjs.org/unicode-canonical-property-names-ecmascript 8ms (cache hit)
2571 silly packumentCache full:https://registry.npmjs.org/unicode-canonical-property-names-ecmascript set size:17227 disposed:false
2572 silly placeDep ROOT is-core-module@2.16.1 OK for: resolve@1.22.8 want: ^2.13.0
2573 silly placeDep ROOT path-parse@1.0.7 OK for: resolve@1.22.8 want: ^1.0.7
2574 silly placeDep ROOT supports-preserve-symlinks-flag@1.0.0 OK for: resolve@1.22.8 want: ^1.0.0
2575 silly fetch manifest hasown@^2.0.2
2576 silly packumentCache full:https://registry.npmjs.org/hasown cache-miss
2577 http cache https://registry.npmjs.org/hasown 6ms (cache hit)
2578 silly packumentCache full:https://registry.npmjs.org/hasown set size:12476 disposed:false
2579 silly placeDep ROOT hasown@2.0.2 OK for: is-core-module@2.16.1 want: ^2.0.2
2580 silly fetch manifest function-bind@^1.1.2
2581 silly packumentCache full:https://registry.npmjs.org/function-bind cache-miss
2582 http cache https://registry.npmjs.org/function-bind 7ms (cache hit)
2583 silly packumentCache full:https://registry.npmjs.org/function-bind set size:15733 disposed:false
2584 silly placeDep ROOT function-bind@1.1.2 OK for: hasown@2.0.2 want: ^1.1.2
2585 silly placeDep ROOT queue-microtask@1.2.3 OK for: run-parallel@1.2.0 want: ^1.2.2
2586 silly placeDep node_modules/send debug@2.6.9 OK for: send@0.19.0 want: 2.6.9
2587 silly placeDep node_modules/send encodeurl@1.0.2 OK for: send@0.19.0 want: ~1.0.2
2588 silly placeDep node_modules/send mime@1.6.0 OK for: send@0.19.0 want: 1.6.0
2589 silly placeDep node_modules/serve-static encodeurl@1.0.2 OK for: serve-static@1.16.0 want: ~1.0.2
2590 silly placeDep node_modules/serve-static send@0.18.0 OK for: serve-static@1.16.0 want: 0.18.0
2591 silly placeDep ROOT es-errors@1.3.0 OK for: side-channel@1.1.0 want: ^1.3.0
2592 silly placeDep ROOT object-inspect@1.13.4 OK for: side-channel@1.1.0 want: ^1.13.3
2593 silly placeDep ROOT side-channel-list@1.0.0 OK for: side-channel@1.1.0 want: ^1.0.0
2594 silly placeDep ROOT side-channel-map@1.0.1 OK for: side-channel@1.1.0 want: ^1.0.1
2595 silly placeDep ROOT side-channel-weakmap@1.0.2 OK for: side-channel@1.1.0 want: ^1.0.2
2596 silly fetch manifest call-bound@^1.0.2
2597 silly packumentCache full:https://registry.npmjs.org/call-bound cache-miss
2598 silly fetch manifest get-intrinsic@^1.2.5
2599 silly packumentCache full:https://registry.npmjs.org/get-intrinsic cache-miss
2600 silly fetch manifest call-bound@^1.0.2
2601 silly packumentCache full:https://registry.npmjs.org/call-bound cache-miss
2602 silly fetch manifest get-intrinsic@^1.2.5
2603 silly packumentCache full:https://registry.npmjs.org/get-intrinsic cache-miss
2604 http cache https://registry.npmjs.org/call-bound 100ms (cache hit)
2605 silly packumentCache full:https://registry.npmjs.org/call-bound set size:15317 disposed:false
2606 http cache https://registry.npmjs.org/get-intrinsic 101ms (cache hit)
2607 silly packumentCache full:https://registry.npmjs.org/get-intrinsic set size:60985 disposed:false
2608 http cache https://registry.npmjs.org/call-bound 122ms (cache hit)
2609 silly packumentCache full:https://registry.npmjs.org/call-bound set size:15317 disposed:false
2610 silly packumentCache full:https://registry.npmjs.org/call-bound dispose
2611 http cache https://registry.npmjs.org/get-intrinsic 124ms (cache hit)
2612 silly packumentCache full:https://registry.npmjs.org/get-intrinsic set size:60985 disposed:false
2613 silly packumentCache full:https://registry.npmjs.org/get-intrinsic dispose
2614 silly placeDep ROOT call-bound@1.0.4 OK for: side-channel-map@1.0.1 want: ^1.0.2
2615 silly placeDep ROOT get-intrinsic@1.3.0 OK for: side-channel-map@1.0.1 want: ^1.2.5
2616 silly fetch manifest call-bind-apply-helpers@^1.0.2
2617 silly packumentCache full:https://registry.npmjs.org/call-bind-apply-helpers cache-miss
2618 silly fetch manifest get-intrinsic@^1.3.0
2619 silly packumentCache full:https://registry.npmjs.org/get-intrinsic cache-hit
2620 silly fetch manifest gopd@^1.2.0
2621 silly packumentCache full:https://registry.npmjs.org/gopd cache-miss
2622 silly fetch manifest get-proto@^1.0.1
2623 silly packumentCache full:https://registry.npmjs.org/get-proto cache-miss
2624 silly fetch manifest has-symbols@^1.1.0
2625 silly packumentCache full:https://registry.npmjs.org/has-symbols cache-miss
2626 silly fetch manifest es-object-atoms@^1.1.1
2627 silly packumentCache full:https://registry.npmjs.org/es-object-atoms cache-miss
2628 http cache https://registry.npmjs.org/call-bind-apply-helpers 26ms (cache hit)
2629 silly packumentCache full:https://registry.npmjs.org/call-bind-apply-helpers set size:12744 disposed:false
2630 silly fetch manifest math-intrinsics@^1.1.0
2631 silly packumentCache full:https://registry.npmjs.org/math-intrinsics cache-miss
2632 http cache https://registry.npmjs.org/get-proto 29ms (cache hit)
2633 silly packumentCache full:https://registry.npmjs.org/get-proto set size:8300 disposed:false
2634 silly fetch manifest es-define-property@^1.0.1
2635 silly packumentCache full:https://registry.npmjs.org/es-define-property cache-miss
2636 http cache https://registry.npmjs.org/gopd 31ms (cache hit)
2637 silly packumentCache full:https://registry.npmjs.org/gopd set size:11458 disposed:false
2638 http cache https://registry.npmjs.org/has-symbols 32ms (cache hit)
2639 silly packumentCache full:https://registry.npmjs.org/has-symbols set size:21550 disposed:false
2640 http cache https://registry.npmjs.org/es-object-atoms 31ms (cache hit)
2641 silly packumentCache full:https://registry.npmjs.org/es-object-atoms set size:15304 disposed:false
2642 http cache https://registry.npmjs.org/math-intrinsics 13ms (cache hit)
2643 silly packumentCache full:https://registry.npmjs.org/math-intrinsics set size:9265 disposed:false
2644 http cache https://registry.npmjs.org/es-define-property 10ms (cache hit)
2645 silly packumentCache full:https://registry.npmjs.org/es-define-property set size:8542 disposed:false
2646 silly placeDep ROOT call-bind-apply-helpers@1.0.2 OK for: call-bound@1.0.4 want: ^1.0.2
2647 silly placeDep ROOT es-define-property@1.0.1 OK for: get-intrinsic@1.3.0 want: ^1.0.1
2648 silly placeDep ROOT es-object-atoms@1.1.1 OK for: get-intrinsic@1.3.0 want: ^1.1.1
2649 silly placeDep ROOT get-proto@1.0.1 OK for: get-intrinsic@1.3.0 want: ^1.0.1
2650 silly placeDep ROOT gopd@1.2.0 OK for: get-intrinsic@1.3.0 want: ^1.2.0
2651 silly placeDep ROOT has-symbols@1.1.0 OK for: get-intrinsic@1.3.0 want: ^1.1.0
2652 silly placeDep ROOT math-intrinsics@1.1.0 OK for: get-intrinsic@1.3.0 want: ^1.1.0
2653 silly fetch manifest dunder-proto@^1.0.1
2654 silly packumentCache full:https://registry.npmjs.org/dunder-proto cache-miss
2655 http cache https://registry.npmjs.org/dunder-proto 6ms (cache hit)
2656 silly packumentCache full:https://registry.npmjs.org/dunder-proto set size:8256 disposed:false
2657 silly placeDep ROOT dunder-proto@1.0.1 OK for: get-proto@1.0.1 want: ^1.0.1
2658 silly placeDep ROOT has-flag@3.0.0 OK for: supports-color@5.5.0 want: ^3.0.0
2659 silly placeDep ROOT @jridgewell/source-map@0.3.11 OK for: terser@5.46.1 want: ^0.3.3
2660 silly placeDep ROOT acorn@8.16.0 OK for: terser@5.46.1 want: ^8.15.0
2661 silly placeDep ROOT commander@2.20.3 OK for: terser@5.46.1 want: ^2.20.0
2662 silly placeDep ROOT source-map-support@0.5.21 OK for: terser@5.46.1 want: ~0.5.20
2663 silly fetch manifest buffer-from@^1.0.0
2664 silly packumentCache full:https://registry.npmjs.org/buffer-from cache-miss
2665 http cache https://registry.npmjs.org/buffer-from 6ms (cache hit)
2666 silly packumentCache full:https://registry.npmjs.org/buffer-from set size:15463 disposed:false
2667 silly placeDep ROOT buffer-from@1.1.2 OK for: source-map-support@0.5.21 want: ^1.0.0
2668 silly placeDep ROOT is-number@7.0.0 OK for: to-regex-range@5.0.1 want: ^7.0.0
2669 silly placeDep ROOT media-typer@0.3.0 OK for: type-is@1.6.18 want: 0.3.0
2670 silly placeDep ROOT unicode-canonical-property-names-ecmascript@2.0.1 OK for: unicode-match-property-ecmascript@2.0.0 want: ^2.0.0
2671 silly placeDep ROOT unicode-property-aliases-ecmascript@2.2.0 OK for: unicode-match-property-ecmascript@2.0.0 want: ^2.0.0
2672 silly placeDep node_modules/unimport escape-string-regexp@5.0.0 OK for: unimport@4.1.1 want: ^5.0.0
2673 silly placeDep node_modules/unimport estree-walker@3.0.3 OK for: unimport@4.1.1 want: ^3.0.3
2674 silly placeDep ROOT local-pkg@1.1.2 OK for: unimport@4.1.1 want: ^1.0.0
2675 silly placeDep node_modules/unimport magic-string@0.30.21 OK for: unimport@4.1.1 want: ^0.30.17
2676 silly placeDep ROOT mlly@1.8.1 OK for: unimport@4.1.1 want: ^1.7.4
2677 silly placeDep ROOT pathe@2.0.3 OK for: unimport@4.1.1 want: ^2.0.2
2678 silly placeDep node_modules/unimport picomatch@4.0.3 OK for: unimport@4.1.1 want: ^4.0.2
2679 silly placeDep ROOT pkg-types@1.3.1 OK for: unimport@4.1.1 want: ^1.3.1
2680 silly placeDep ROOT scule@1.3.0 OK for: unimport@4.1.1 want: ^1.3.0
2681 silly placeDep ROOT strip-literal@3.1.0 OK for: unimport@4.1.1 want: ^3.0.0
2682 silly placeDep ROOT unplugin@2.3.11 OK for: unimport@4.1.1 want: ^2.1.2
2683 silly placeDep ROOT unplugin-utils@0.2.5 OK for: unimport@4.1.1 want: ^0.2.3
2684 silly fetch manifest pkg-types@^2.3.0
2685 silly packumentCache full:https://registry.npmjs.org/pkg-types cache-hit
2686 silly fetch manifest quansync@^0.2.11
2687 silly packumentCache full:https://registry.npmjs.org/quansync cache-miss
2688 silly fetch manifest pathe@^2.0.3
2689 silly packumentCache full:https://registry.npmjs.org/pathe cache-hit
2690 silly fetch manifest ufo@^1.6.3
2691 silly packumentCache full:https://registry.npmjs.org/ufo cache-miss
2692 silly fetch manifest confbox@^0.1.8
2693 silly packumentCache full:https://registry.npmjs.org/confbox cache-miss
2694 silly fetch manifest js-tokens@^9.0.1
2695 silly packumentCache full:https://registry.npmjs.org/js-tokens cache-hit
2696 silly fetch manifest picomatch@^4.0.3
2697 silly packumentCache full:https://registry.npmjs.org/picomatch cache-hit
2698 silly fetch manifest @jridgewell/remapping@^2.3.5
2699 silly packumentCache full:https://registry.npmjs.org/@jridgewell%2fremapping cache-miss
2700 silly fetch manifest webpack-virtual-modules@^0.6.2
2701 silly packumentCache full:https://registry.npmjs.org/webpack-virtual-modules cache-miss
2702 http cache https://registry.npmjs.org/confbox 10ms (cache hit)
2703 silly packumentCache full:https://registry.npmjs.org/confbox set size:44789 disposed:false
2704 http cache https://registry.npmjs.org/quansync 13ms (cache hit)
2705 silly packumentCache full:https://registry.npmjs.org/quansync set size:63829 disposed:false
2706 http cache https://registry.npmjs.org/ufo 15ms (cache hit)
2707 silly packumentCache full:https://registry.npmjs.org/ufo set size:167084 disposed:false
2708 http cache https://registry.npmjs.org/@jridgewell%2fremapping 15ms (cache hit)
2709 silly packumentCache full:https://registry.npmjs.org/@jridgewell%2fremapping set size:23809 disposed:false
2710 http cache https://registry.npmjs.org/webpack-virtual-modules 15ms (cache hit)
2711 silly packumentCache full:https://registry.npmjs.org/webpack-virtual-modules set size:74780 disposed:false
2712 silly placeDep node_modules/local-pkg pkg-types@2.3.0 OK for: local-pkg@1.1.2 want: ^2.3.0
2713 silly placeDep ROOT quansync@0.2.11 OK for: local-pkg@1.1.2 want: ^0.2.11
2714 silly fetch manifest confbox@^0.2.2
2715 silly packumentCache full:https://registry.npmjs.org/confbox cache-hit
2716 silly fetch manifest exsolve@^1.0.7
2717 silly packumentCache full:https://registry.npmjs.org/exsolve cache-miss
2718 http cache https://registry.npmjs.org/exsolve 7ms (cache hit)
2719 silly packumentCache full:https://registry.npmjs.org/exsolve set size:56620 disposed:false
2720 silly placeDep ROOT ufo@1.6.3 OK for: mlly@1.8.1 want: ^1.6.3
2721 silly placeDep ROOT confbox@0.1.8 OK for: pkg-types@1.3.1 want: ^0.1.8
2722 silly placeDep node_modules/strip-literal js-tokens@9.0.1 OK for: strip-literal@3.1.0 want: ^9.0.1
2723 silly placeDep ROOT @jridgewell/remapping@2.3.5 OK for: unplugin@2.3.11 want: ^2.3.5
2724 silly placeDep node_modules/unplugin picomatch@4.0.3 OK for: unplugin@2.3.11 want: ^4.0.3
2725 silly placeDep ROOT webpack-virtual-modules@0.6.2 OK for: unplugin@2.3.11 want: ^0.6.2
2726 silly placeDep node_modules/unplugin-utils picomatch@4.0.3 OK for: unplugin-utils@0.2.5 want: ^4.0.3
2727 silly placeDep ROOT escalade@3.2.0 OK for: update-browserslist-db@1.2.3 want: ^3.2.0
2728 silly placeDep node_modules/update-browserslist-db picocolors@1.1.1 OK for: update-browserslist-db@1.2.3 want: ^1.1.1
2729 silly placeDep ROOT pako@1.0.11 OK for: utif@2.0.1 want: ^1.0.5
2730 silly fetch manifest rollup@^4.13.0
2731 silly packumentCache full:https://registry.npmjs.org/rollup cache-miss
2732 http cache https://registry.npmjs.org/rollup 16ms (cache hit)
2733 silly packumentCache full:https://registry.npmjs.org/rollup set size:6122682 disposed:false
2734 silly placeDep ROOT rollup@4.59.0 OK for: vite@5.2.8 want: ^4.13.0
2735 silly fetch manifest @rollup/rollup-darwin-arm64@4.59.0
2736 silly packumentCache full:https://registry.npmjs.org/@rollup%2frollup-darwin-arm64 cache-miss
2737 silly fetch manifest @rollup/rollup-android-arm64@4.59.0
2738 silly packumentCache full:https://registry.npmjs.org/@rollup%2frollup-android-arm64 cache-miss
2739 silly fetch manifest @rollup/rollup-win32-arm64-msvc@4.59.0
2740 silly packumentCache full:https://registry.npmjs.org/@rollup%2frollup-win32-arm64-msvc cache-miss
2741 silly fetch manifest @rollup/rollup-freebsd-arm64@4.59.0
2742 silly packumentCache full:https://registry.npmjs.org/@rollup%2frollup-freebsd-arm64 cache-miss
2743 silly fetch manifest @rollup/rollup-linux-arm64-gnu@4.59.0
2744 silly packumentCache full:https://registry.npmjs.org/@rollup%2frollup-linux-arm64-gnu cache-miss
2745 http cache https://registry.npmjs.org/@rollup%2frollup-win32-arm64-msvc 20ms (cache hit)
2746 silly packumentCache full:https://registry.npmjs.org/@rollup%2frollup-win32-arm64-msvc set size:331325 disposed:false
2747 silly fetch manifest @rollup/rollup-linux-arm64-musl@4.59.0
2748 silly packumentCache full:https://registry.npmjs.org/@rollup%2frollup-linux-arm64-musl cache-miss
2749 http cache https://registry.npmjs.org/@rollup%2frollup-android-arm64 23ms (cache hit)
2750 silly packumentCache full:https://registry.npmjs.org/@rollup%2frollup-android-arm64 set size:328041 disposed:false
2751 silly fetch manifest @rollup/rollup-android-arm-eabi@4.59.0
2752 silly packumentCache full:https://registry.npmjs.org/@rollup%2frollup-android-arm-eabi cache-miss
2753 http cache https://registry.npmjs.org/@rollup%2frollup-darwin-arm64 27ms (cache hit)
2754 silly packumentCache full:https://registry.npmjs.org/@rollup%2frollup-darwin-arm64 set size:326593 disposed:false
2755 silly fetch manifest @rollup/rollup-linux-arm-gnueabihf@4.59.0
2756 silly packumentCache full:https://registry.npmjs.org/@rollup%2frollup-linux-arm-gnueabihf cache-miss
2757 http cache https://registry.npmjs.org/@rollup%2frollup-freebsd-arm64 30ms (cache hit)
2758 silly packumentCache full:https://registry.npmjs.org/@rollup%2frollup-freebsd-arm64 set size:176248 disposed:false
2759 silly fetch manifest @rollup/rollup-linux-arm-musleabihf@4.59.0
2760 silly packumentCache full:https://registry.npmjs.org/@rollup%2frollup-linux-arm-musleabihf cache-miss
2761 http cache https://registry.npmjs.org/@rollup%2frollup-linux-arm64-gnu 33ms (cache hit)
2762 silly packumentCache full:https://registry.npmjs.org/@rollup%2frollup-linux-arm64-gnu set size:333515 disposed:false
2763 silly fetch manifest @rollup/rollup-win32-ia32-msvc@4.59.0
2764 silly packumentCache full:https://registry.npmjs.org/@rollup%2frollup-win32-ia32-msvc cache-miss
2765 http cache https://registry.npmjs.org/@rollup%2frollup-linux-arm64-musl 24ms (cache hit)
2766 silly packumentCache full:https://registry.npmjs.org/@rollup%2frollup-linux-arm64-musl set size:288863 disposed:false
2767 silly fetch manifest @rollup/rollup-linux-loong64-gnu@4.59.0
2768 silly packumentCache full:https://registry.npmjs.org/@rollup%2frollup-linux-loong64-gnu cache-miss
2769 http cache https://registry.npmjs.org/@rollup%2frollup-linux-arm-gnueabihf 21ms (cache hit)
2770 silly packumentCache full:https://registry.npmjs.org/@rollup%2frollup-linux-arm-gnueabihf set size:336850 disposed:false
2771 silly fetch manifest @rollup/rollup-linux-loong64-musl@4.59.0
2772 silly packumentCache full:https://registry.npmjs.org/@rollup%2frollup-linux-loong64-musl cache-miss
2773 http cache https://registry.npmjs.org/@rollup%2frollup-win32-ia32-msvc 18ms (cache hit)
2774 silly packumentCache full:https://registry.npmjs.org/@rollup%2frollup-win32-ia32-msvc set size:329889 disposed:false
2775 silly fetch manifest @rollup/rollup-linux-riscv64-gnu@4.59.0
2776 silly packumentCache full:https://registry.npmjs.org/@rollup%2frollup-linux-riscv64-gnu cache-miss
2777 http cache https://registry.npmjs.org/@rollup%2frollup-linux-arm-musleabihf 24ms (cache hit)
2778 silly packumentCache full:https://registry.npmjs.org/@rollup%2frollup-linux-arm-musleabihf set size:230992 disposed:false
2779 silly fetch manifest @rollup/rollup-linux-riscv64-musl@4.59.0
2780 silly packumentCache full:https://registry.npmjs.org/@rollup%2frollup-linux-riscv64-musl cache-miss
2781 http cache https://registry.npmjs.org/@rollup%2frollup-android-arm-eabi 34ms (cache hit)
2782 silly packumentCache full:https://registry.npmjs.org/@rollup%2frollup-android-arm-eabi set size:331331 disposed:false
2783 silly fetch manifest @rollup/rollup-linux-ppc64-gnu@4.59.0
2784 silly packumentCache full:https://registry.npmjs.org/@rollup%2frollup-linux-ppc64-gnu cache-miss
2785 http cache https://registry.npmjs.org/@rollup%2frollup-linux-loong64-gnu 21ms (cache hit)
2786 silly packumentCache full:https://registry.npmjs.org/@rollup%2frollup-linux-loong64-gnu set size:57876 disposed:false
2787 silly fetch manifest @rollup/rollup-linux-ppc64-musl@4.59.0
2788 silly packumentCache full:https://registry.npmjs.org/@rollup%2frollup-linux-ppc64-musl cache-miss
2789 http cache https://registry.npmjs.org/@rollup%2frollup-linux-loong64-musl 20ms (cache hit)
2790 silly packumentCache full:https://registry.npmjs.org/@rollup%2frollup-linux-loong64-musl set size:19845 disposed:false
2791 silly fetch manifest @rollup/rollup-linux-s390x-gnu@4.59.0
2792 silly packumentCache full:https://registry.npmjs.org/@rollup%2frollup-linux-s390x-gnu cache-miss
2793 http cache https://registry.npmjs.org/@rollup%2frollup-linux-riscv64-gnu 19ms (cache hit)
2794 silly packumentCache full:https://registry.npmjs.org/@rollup%2frollup-linux-riscv64-gnu set size:259562 disposed:false
2795 silly fetch manifest @rollup/rollup-darwin-x64@4.59.0
2796 silly packumentCache full:https://registry.npmjs.org/@rollup%2frollup-darwin-x64 cache-miss
2797 http cache https://registry.npmjs.org/@rollup%2frollup-linux-riscv64-musl 20ms (cache hit)
2798 silly packumentCache full:https://registry.npmjs.org/@rollup%2frollup-linux-riscv64-musl set size:105510 disposed:false
2799 silly fetch manifest @rollup/rollup-win32-x64-gnu@4.59.0
2800 silly packumentCache full:https://registry.npmjs.org/@rollup%2frollup-win32-x64-gnu cache-miss
2801 http cache https://registry.npmjs.org/@rollup%2frollup-linux-ppc64-gnu 18ms (cache hit)
2802 silly packumentCache full:https://registry.npmjs.org/@rollup%2frollup-linux-ppc64-gnu set size:78190 disposed:false
2803 silly fetch manifest @rollup/rollup-win32-x64-msvc@4.59.0
2804 silly packumentCache full:https://registry.npmjs.org/@rollup%2frollup-win32-x64-msvc cache-miss
2805 http cache https://registry.npmjs.org/@rollup%2frollup-linux-ppc64-musl 18ms (cache hit)
2806 silly packumentCache full:https://registry.npmjs.org/@rollup%2frollup-linux-ppc64-musl set size:19680 disposed:false
2807 silly fetch manifest @rollup/rollup-freebsd-x64@4.59.0
2808 silly packumentCache full:https://registry.npmjs.org/@rollup%2frollup-freebsd-x64 cache-miss
2809 http cache https://registry.npmjs.org/@rollup%2frollup-linux-s390x-gnu 16ms (cache hit)
2810 silly packumentCache full:https://registry.npmjs.org/@rollup%2frollup-linux-s390x-gnu set size:233358 disposed:false
2811 silly fetch manifest @rollup/rollup-linux-x64-gnu@4.59.0
2812 silly packumentCache full:https://registry.npmjs.org/@rollup%2frollup-linux-x64-gnu cache-miss
2813 http cache https://registry.npmjs.org/@rollup%2frollup-darwin-x64 16ms (cache hit)
2814 silly packumentCache full:https://registry.npmjs.org/@rollup%2frollup-darwin-x64 set size:321884 disposed:false
2815 silly fetch manifest @rollup/rollup-linux-x64-musl@4.59.0
2816 silly packumentCache full:https://registry.npmjs.org/@rollup%2frollup-linux-x64-musl cache-miss
2817 http cache https://registry.npmjs.org/@rollup%2frollup-win32-x64-gnu 17ms (cache hit)
2818 silly packumentCache full:https://registry.npmjs.org/@rollup%2frollup-win32-x64-gnu set size:49709 disposed:false
2819 silly fetch manifest @rollup/rollup-openbsd-x64@4.59.0
2820 silly packumentCache full:https://registry.npmjs.org/@rollup%2frollup-openbsd-x64 cache-miss
2821 http cache https://registry.npmjs.org/@rollup%2frollup-win32-x64-msvc 17ms (cache hit)
2822 silly packumentCache full:https://registry.npmjs.org/@rollup%2frollup-win32-x64-msvc set size:326588 disposed:false
2823 silly fetch manifest @rollup/rollup-openharmony-arm64@4.59.0
2824 silly packumentCache full:https://registry.npmjs.org/@rollup%2frollup-openharmony-arm64 cache-miss
2825 http cache https://registry.npmjs.org/@rollup%2frollup-freebsd-x64 20ms (cache hit)
2826 silly packumentCache full:https://registry.npmjs.org/@rollup%2frollup-freebsd-x64 set size:174438 disposed:false
2827 http cache https://registry.npmjs.org/@rollup%2frollup-linux-x64-gnu 20ms (cache hit)
2828 silly packumentCache full:https://registry.npmjs.org/@rollup%2frollup-linux-x64-gnu set size:328744 disposed:false
2829 http cache https://registry.npmjs.org/@rollup%2frollup-linux-x64-musl 19ms (cache hit)
2830 silly packumentCache full:https://registry.npmjs.org/@rollup%2frollup-linux-x64-musl set size:328061 disposed:false
2831 http cache https://registry.npmjs.org/@rollup%2frollup-openbsd-x64 19ms (cache hit)
2832 silly packumentCache full:https://registry.npmjs.org/@rollup%2frollup-openbsd-x64 set size:19171 disposed:false
2833 http cache https://registry.npmjs.org/@rollup%2frollup-openharmony-arm64 16ms (cache hit)
2834 silly packumentCache full:https://registry.npmjs.org/@rollup%2frollup-openharmony-arm64 set size:58833 disposed:false
2835 silly placeDep ROOT @rollup/rollup-android-arm-eabi@4.59.0 OK for: rollup@4.59.0 want: 4.59.0
2836 silly placeDep ROOT @rollup/rollup-android-arm64@4.59.0 OK for: rollup@4.59.0 want: 4.59.0
2837 silly placeDep ROOT @rollup/rollup-darwin-arm64@4.59.0 OK for: rollup@4.59.0 want: 4.59.0
2838 silly placeDep ROOT @rollup/rollup-darwin-x64@4.59.0 OK for: rollup@4.59.0 want: 4.59.0
2839 silly placeDep ROOT @rollup/rollup-freebsd-arm64@4.59.0 OK for: rollup@4.59.0 want: 4.59.0
2840 silly placeDep ROOT @rollup/rollup-freebsd-x64@4.59.0 OK for: rollup@4.59.0 want: 4.59.0
2841 silly placeDep ROOT @rollup/rollup-linux-arm-gnueabihf@4.59.0 OK for: rollup@4.59.0 want: 4.59.0
2842 silly placeDep ROOT @rollup/rollup-linux-arm-musleabihf@4.59.0 OK for: rollup@4.59.0 want: 4.59.0
2843 silly placeDep ROOT @rollup/rollup-linux-arm64-gnu@4.59.0 OK for: rollup@4.59.0 want: 4.59.0
2844 silly placeDep ROOT @rollup/rollup-linux-arm64-musl@4.59.0 OK for: rollup@4.59.0 want: 4.59.0
2845 silly placeDep ROOT @rollup/rollup-linux-loong64-gnu@4.59.0 OK for: rollup@4.59.0 want: 4.59.0
2846 silly placeDep ROOT @rollup/rollup-linux-loong64-musl@4.59.0 OK for: rollup@4.59.0 want: 4.59.0
2847 silly placeDep ROOT @rollup/rollup-linux-ppc64-gnu@4.59.0 OK for: rollup@4.59.0 want: 4.59.0
2848 silly placeDep ROOT @rollup/rollup-linux-ppc64-musl@4.59.0 OK for: rollup@4.59.0 want: 4.59.0
2849 silly placeDep ROOT @rollup/rollup-linux-riscv64-gnu@4.59.0 OK for: rollup@4.59.0 want: 4.59.0
2850 silly placeDep ROOT @rollup/rollup-linux-riscv64-musl@4.59.0 OK for: rollup@4.59.0 want: 4.59.0
2851 silly placeDep ROOT @rollup/rollup-linux-s390x-gnu@4.59.0 OK for: rollup@4.59.0 want: 4.59.0
2852 silly placeDep ROOT @rollup/rollup-linux-x64-gnu@4.59.0 OK for: rollup@4.59.0 want: 4.59.0
2853 silly placeDep ROOT @rollup/rollup-linux-x64-musl@4.59.0 OK for: rollup@4.59.0 want: 4.59.0
2854 silly placeDep ROOT @rollup/rollup-openbsd-x64@4.59.0 OK for: rollup@4.59.0 want: 4.59.0
2855 silly placeDep ROOT @rollup/rollup-openharmony-arm64@4.59.0 OK for: rollup@4.59.0 want: 4.59.0
2856 silly placeDep ROOT @rollup/rollup-win32-arm64-msvc@4.59.0 OK for: rollup@4.59.0 want: 4.59.0
2857 silly placeDep ROOT @rollup/rollup-win32-ia32-msvc@4.59.0 OK for: rollup@4.59.0 want: 4.59.0
2858 silly placeDep ROOT @rollup/rollup-win32-x64-gnu@4.59.0 OK for: rollup@4.59.0 want: 4.59.0
2859 silly placeDep ROOT @rollup/rollup-win32-x64-msvc@4.59.0 OK for: rollup@4.59.0 want: 4.59.0
2860 silly placeDep ROOT @vue/runtime-dom@3.4.21 OK for: vue@3.4.21 want: 3.4.21
2861 silly fetch manifest csstype@^3.1.3
2862 silly packumentCache full:https://registry.npmjs.org/csstype cache-miss
2863 silly fetch manifest @vue/runtime-core@3.4.21
2864 silly packumentCache full:https://registry.npmjs.org/@vue%2fruntime-core cache-miss
2865 http cache https://registry.npmjs.org/csstype 8ms (cache hit)
2866 silly packumentCache full:https://registry.npmjs.org/csstype set size:274189 disposed:false
2867 http cache https://registry.npmjs.org/@vue%2fruntime-core 11ms (cache hit)
2868 silly packumentCache full:https://registry.npmjs.org/@vue%2fruntime-core set size:779289 disposed:false
2869 silly placeDep ROOT @vue/runtime-core@3.4.21 OK for: @vue/runtime-dom@3.4.21 want: 3.4.21
2870 silly placeDep ROOT csstype@3.2.3 OK for: @vue/runtime-dom@3.4.21 want: ^3.1.3
2871 silly fetch manifest @vue/reactivity@3.4.21
2872 silly packumentCache full:https://registry.npmjs.org/@vue%2freactivity cache-miss
2873 http cache https://registry.npmjs.org/@vue%2freactivity 7ms (cache hit)
2874 silly packumentCache full:https://registry.npmjs.org/@vue%2freactivity set size:789952 disposed:false
2875 silly placeDep ROOT @vue/reactivity@3.4.21 OK for: @vue/runtime-core@3.4.21 want: 3.4.21
2876 silly placeDep ROOT @vue/devtools-api@6.6.4 OK for: vue-router@4.4.4 want: ^6.6.4
2877 silly placeDep ROOT global@4.4.0 OK for: xhr@2.6.0 want: ~4.4.0
2878 silly placeDep ROOT is-function@1.0.2 OK for: xhr@2.6.0 want: ^1.0.1
2879 silly placeDep ROOT parse-headers@2.0.6 OK for: xhr@2.6.0 want: ^2.0.0
2880 silly fetch manifest min-document@^2.19.0
2881 silly packumentCache full:https://registry.npmjs.org/min-document cache-miss
2882 silly fetch manifest process@^0.11.10
2883 silly packumentCache full:https://registry.npmjs.org/process cache-miss
2884 http cache https://registry.npmjs.org/min-document 8ms (cache hit)
2885 silly packumentCache full:https://registry.npmjs.org/min-document set size:77278 disposed:false
2886 http cache https://registry.npmjs.org/process 9ms (cache hit)
2887 silly packumentCache full:https://registry.npmjs.org/process set size:31260 disposed:false
2888 silly placeDep ROOT min-document@2.19.2 OK for: global@4.4.0 want: ^2.19.0
2889 silly placeDep ROOT process@0.11.10 OK for: global@4.4.0 want: ^0.11.10
2890 silly fetch manifest dom-walk@^0.1.0
2891 silly packumentCache full:https://registry.npmjs.org/dom-walk cache-miss
2892 http cache https://registry.npmjs.org/dom-walk 8ms (cache hit)
2893 silly packumentCache full:https://registry.npmjs.org/dom-walk set size:7213 disposed:false
2894 silly placeDep ROOT dom-walk@0.1.2 OK for: min-document@2.19.2 want: ^0.1.0
2895 silly placeDep ROOT sax@1.6.0 OK for: xml2js@0.5.0 want: >=0.6.0
2896 silly placeDep ROOT xmlbuilder@11.0.1 OK for: xml2js@0.5.0 want: ~11.0.0
2897 silly placeDep ROOT @babel/runtime-corejs3@7.29.2 OK for: xregexp@5.1.2 want: ^7.26.9
2898 silly fetch manifest core-js-pure@^3.48.0
2899 silly packumentCache full:https://registry.npmjs.org/core-js-pure cache-miss
2900 http cache https://registry.npmjs.org/core-js-pure 8ms (cache hit)
2901 silly packumentCache full:https://registry.npmjs.org/core-js-pure set size:476031 disposed:false
2902 silly placeDep ROOT core-js-pure@3.49.0 OK for: @babel/runtime-corejs3@7.29.2 want: ^3.48.0
2903 silly placeDep node_modules/@babel/traverse picocolors@1.1.1 OK for: @babel/code-frame@7.29.0 want: ^1.1.1
2904 silly placeDep node_modules/@dcloudio/uni-cli-shared/node_modules/unplugin-auto-import magic-string@0.30.21 OK for: unplugin-auto-import@19.1.0 want: ^0.30.17
2905 silly placeDep node_modules/@dcloudio/uni-cli-shared picomatch@4.0.3 OK for: unplugin-auto-import@19.1.0 want: ^4.0.2
2906 silly placeDep node_modules/@dcloudio/uni-mp-compiler jsesc@2.5.2 OK for: @babel/generator@7.25.6 want: ^2.5.1
2907 silly placeDep node_modules/@dcloudio/vite-plugin-uni/node_modules/unplugin-auto-import magic-string@0.30.21 OK for: unplugin-auto-import@19.1.0 want: ^0.30.17
2908 silly placeDep node_modules/@dcloudio/vite-plugin-uni picomatch@4.0.3 OK for: unplugin-auto-import@19.1.0 want: ^4.0.2
2909 silly placeDep node_modules/@vue/babel-plugin-resolve-type picocolors@1.1.1 OK for: @babel/code-frame@7.29.0 want: ^1.1.1
2910 silly placeDep node_modules/@vue/babel-plugin-resolve-type @babel/types@7.29.0 OK for: @babel/parser@7.29.2 want: ^7.29.0
2911 silly placeDep node_modules/@vue/babel-plugin-resolve-type @vue/compiler-core@3.5.30 OK for: @vue/compiler-sfc@3.5.30 want: 3.5.30
2912 silly placeDep node_modules/@vue/babel-plugin-resolve-type @vue/compiler-dom@3.5.30 OK for: @vue/compiler-sfc@3.5.30 want: 3.5.30
2913 silly placeDep node_modules/@vue/babel-plugin-resolve-type @vue/compiler-ssr@3.5.30 OK for: @vue/compiler-sfc@3.5.30 want: 3.5.30
2914 silly placeDep node_modules/@vue/babel-plugin-resolve-type @vue/shared@3.5.30 OK for: @vue/compiler-sfc@3.5.30 want: 3.5.30
2915 silly placeDep node_modules/@vue/babel-plugin-resolve-type magic-string@0.30.21 OK for: @vue/compiler-sfc@3.5.30 want: ^0.30.21
2916 silly placeDep node_modules/body-parser ms@2.0.0 OK for: debug@2.6.9 want: 2.0.0
2917 silly placeDep node_modules/express ms@2.0.0 OK for: debug@2.6.9 want: 2.0.0
2918 silly placeDep node_modules/finalhandler ms@2.0.0 OK for: debug@2.6.9 want: 2.0.0
2919 silly placeDep ROOT centra@2.7.0 OK for: phin@3.7.1 want: ^2.7.0
2920 silly fetch manifest follow-redirects@^1.15.6
2921 silly packumentCache full:https://registry.npmjs.org/follow-redirects cache-miss
2922 http cache https://registry.npmjs.org/follow-redirects 7ms (cache hit)
2923 silly packumentCache full:https://registry.npmjs.org/follow-redirects set size:186700 disposed:false
2924 silly placeDep ROOT follow-redirects@1.15.11 OK for: centra@2.7.0 want: ^1.15.6
2925 silly placeDep node_modules/local-pkg confbox@0.2.4 OK for: pkg-types@2.3.0 want: ^0.2.2
2926 silly placeDep ROOT exsolve@1.0.8 OK for: pkg-types@2.3.0 want: ^1.0.7
2927 silly placeDep node_modules/send/node_modules/debug ms@2.0.0 OK for: debug@2.6.9 want: 2.0.0
2928 silly placeDep node_modules/serve-static debug@2.6.9 OK for: send@0.18.0 want: 2.6.9
2929 silly placeDep node_modules/serve-static mime@1.6.0 OK for: send@0.18.0 want: 1.6.0
2930 silly placeDep node_modules/serve-static/node_modules/debug ms@2.0.0 OK for: debug@2.6.9 want: 2.0.0
2931 silly reify mark retired [
2931 silly reify   'C:\\Users\\86137\\Desktop\\work\\app\\Yoom-App\\frontend\\node_modules\\vite',
2931 silly reify   'C:\\Users\\86137\\Desktop\\work\\app\\Yoom-App\\frontend\\node_modules\\.bin\\vite',
2931 silly reify   'C:\\Users\\86137\\Desktop\\work\\app\\Yoom-App\\frontend\\node_modules\\.bin\\vite.cmd',
2931 silly reify   'C:\\Users\\86137\\Desktop\\work\\app\\Yoom-App\\frontend\\node_modules\\.bin\\vite.ps1'
2931 silly reify ]
2932 silly reify mark retired [
2932 silly reify   'C:\\Users\\86137\\Desktop\\work\\app\\Yoom-App\\frontend\\node_modules\\@babel\\parser',
2932 silly reify   'C:\\Users\\86137\\Desktop\\work\\app\\Yoom-App\\frontend\\node_modules\\.bin\\parser',
2932 silly reify   'C:\\Users\\86137\\Desktop\\work\\app\\Yoom-App\\frontend\\node_modules\\.bin\\parser.cmd',
2932 silly reify   'C:\\Users\\86137\\Desktop\\work\\app\\Yoom-App\\frontend\\node_modules\\.bin\\parser.ps1'
2932 silly reify ]
2933 silly reify mark retired [
2933 silly reify   'C:\\Users\\86137\\Desktop\\work\\app\\Yoom-App\\frontend\\node_modules\\@babel\\template\\node_modules\\@babel\\parser'
2933 silly reify ]
2934 silly reify moves {
2934 silly reify   'C:\\Users\\86137\\Desktop\\work\\app\\Yoom-App\\frontend\\node_modules\\vite': 'C:\\Users\\86137\\Desktop\\work\\app\\Yoom-App\\frontend\\node_modules\\.vite-9A4TofKA',
2934 silly reify   'C:\\Users\\86137\\Desktop\\work\\app\\Yoom-App\\frontend\\node_modules\\.bin\\vite': 'C:\\Users\\86137\\Desktop\\work\\app\\Yoom-App\\frontend\\node_modules\\.bin\\.vite-AhAkDkeF',
2934 silly reify   'C:\\Users\\86137\\Desktop\\work\\app\\Yoom-App\\frontend\\node_modules\\.bin\\vite.cmd': 'C:\\Users\\86137\\Desktop\\work\\app\\Yoom-App\\frontend\\node_modules\\.bin\\.vite.cmd-yXSMOZc5',
2934 silly reify   'C:\\Users\\86137\\Desktop\\work\\app\\Yoom-App\\frontend\\node_modules\\.bin\\vite.ps1': 'C:\\Users\\86137\\Desktop\\work\\app\\Yoom-App\\frontend\\node_modules\\.bin\\.vite.ps1-uHHpWzCR',
2934 silly reify   'C:\\Users\\86137\\Desktop\\work\\app\\Yoom-App\\frontend\\node_modules\\@babel\\parser': 'C:\\Users\\86137\\Desktop\\work\\app\\Yoom-App\\frontend\\node_modules\\@babel\\.parser-AzBrPVhO',
2934 silly reify   'C:\\Users\\86137\\Desktop\\work\\app\\Yoom-App\\frontend\\node_modules\\.bin\\parser': 'C:\\Users\\86137\\Desktop\\work\\app\\Yoom-App\\frontend\\node_modules\\.bin\\.parser-cDbB4jvC',
2934 silly reify   'C:\\Users\\86137\\Desktop\\work\\app\\Yoom-App\\frontend\\node_modules\\.bin\\parser.cmd': 'C:\\Users\\86137\\Desktop\\work\\app\\Yoom-App\\frontend\\node_modules\\.bin\\.parser.cmd-DH1dhQ3O',
2934 silly reify   'C:\\Users\\86137\\Desktop\\work\\app\\Yoom-App\\frontend\\node_modules\\.bin\\parser.ps1': 'C:\\Users\\86137\\Desktop\\work\\app\\Yoom-App\\frontend\\node_modules\\.bin\\.parser.ps1-adZgb25h',
2934 silly reify   'C:\\Users\\86137\\Desktop\\work\\app\\Yoom-App\\frontend\\node_modules\\@babel\\template\\node_modules\\@babel\\parser': 'C:\\Users\\86137\\Desktop\\work\\app\\Yoom-App\\frontend\\node_modules\\@babel\\template\\node_modules\\@babel\\.parser-FBf1tznU'
2934 silly reify }
2935 http cache @babel/runtime-corejs3@https://registry.npmjs.org/@babel/runtime-corejs3/-/runtime-corejs3-7.29.2.tgz 0ms (cache hit)
2936 http cache exsolve@https://registry.npmjs.org/exsolve/-/exsolve-1.0.8.tgz 0ms (cache hit)
2937 http cache centra@https://registry.npmjs.org/centra/-/centra-2.7.0.tgz 0ms (cache hit)
2938 http cache sax@https://registry.npmjs.org/sax/-/sax-1.6.0.tgz 0ms (cache hit)
2939 http cache follow-redirects@https://registry.npmjs.org/follow-redirects/-/follow-redirects-1.15.11.tgz 0ms (cache hit)
2940 http cache core-js-pure@https://registry.npmjs.org/core-js-pure/-/core-js-pure-3.49.0.tgz 0ms (cache hit)
2941 http cache dom-walk@https://registry.npmjs.org/dom-walk/-/dom-walk-0.1.2.tgz 0ms (cache hit)
2942 http cache parse-headers@https://registry.npmjs.org/parse-headers/-/parse-headers-2.0.6.tgz 0ms (cache hit)
2943 http cache process@https://registry.npmjs.org/process/-/process-0.11.10.tgz 0ms (cache hit)
2944 http cache is-function@https://registry.npmjs.org/is-function/-/is-function-1.0.2.tgz 0ms (cache hit)
2945 http cache global@https://registry.npmjs.org/global/-/global-4.4.0.tgz 0ms (cache hit)
2946 http cache @vue/reactivity@https://registry.npmjs.org/@vue/reactivity/-/reactivity-3.4.21.tgz 0ms (cache hit)
2947 http cache xmlbuilder@https://registry.npmjs.org/xmlbuilder/-/xmlbuilder-11.0.1.tgz 0ms (cache hit)
2948 http cache @vue/devtools-api@https://registry.npmjs.org/@vue/devtools-api/-/devtools-api-6.6.4.tgz 0ms (cache hit)
2949 http cache @vue/runtime-dom@https://registry.npmjs.org/@vue/runtime-dom/-/runtime-dom-3.4.21.tgz 0ms (cache hit)
2950 http cache min-document@https://registry.npmjs.org/min-document/-/min-document-2.19.2.tgz 0ms (cache hit)
2951 http cache @vue/runtime-core@https://registry.npmjs.org/@vue/runtime-core/-/runtime-core-3.4.21.tgz 0ms (cache hit)
2952 http cache @rollup/rollup-win32-x64-msvc@https://registry.npmjs.org/@rollup/rollup-win32-x64-msvc/-/rollup-win32-x64-msvc-4.59.0.tgz 0ms (cache hit)
2953 http cache csstype@https://registry.npmjs.org/csstype/-/csstype-3.2.3.tgz 0ms (cache hit)
2954 http cache rollup@https://registry.npmjs.org/rollup/-/rollup-4.59.0.tgz 0ms (cache hit)
2955 http cache @rollup/rollup-win32-x64-gnu@https://registry.npmjs.org/@rollup/rollup-win32-x64-gnu/-/rollup-win32-x64-gnu-4.59.0.tgz 0ms (cache hit)
2956 http cache escalade@https://registry.npmjs.org/escalade/-/escalade-3.2.0.tgz 0ms (cache hit)
2957 http cache webpack-virtual-modules@https://registry.npmjs.org/webpack-virtual-modules/-/webpack-virtual-modules-0.6.2.tgz 0ms (cache hit)
2958 http cache pako@https://registry.npmjs.org/pako/-/pako-1.0.11.tgz 0ms (cache hit)
2959 http cache confbox@https://registry.npmjs.org/confbox/-/confbox-0.1.8.tgz 0ms (cache hit)
2960 http cache ufo@https://registry.npmjs.org/ufo/-/ufo-1.6.3.tgz 0ms (cache hit)
2961 http cache @jridgewell/remapping@https://registry.npmjs.org/@jridgewell/remapping/-/remapping-2.3.5.tgz 0ms (cache hit)
2962 http cache unplugin-utils@https://registry.npmjs.org/unplugin-utils/-/unplugin-utils-0.2.5.tgz 0ms (cache hit)
2963 http cache quansync@https://registry.npmjs.org/quansync/-/quansync-0.2.11.tgz 0ms (cache hit)
2964 http cache unplugin@https://registry.npmjs.org/unplugin/-/unplugin-2.3.11.tgz 0ms (cache hit)
2965 http cache strip-literal@https://registry.npmjs.org/strip-literal/-/strip-literal-3.1.0.tgz 0ms (cache hit)
2966 http cache scule@https://registry.npmjs.org/scule/-/scule-1.3.0.tgz 0ms (cache hit)
2967 http cache pkg-types@https://registry.npmjs.org/pkg-types/-/pkg-types-1.3.1.tgz 0ms (cache hit)
2968 http cache pathe@https://registry.npmjs.org/pathe/-/pathe-2.0.3.tgz 0ms (cache hit)
2969 http cache mlly@https://registry.npmjs.org/mlly/-/mlly-1.8.1.tgz 0ms (cache hit)
2970 http cache media-typer@https://registry.npmjs.org/media-typer/-/media-typer-0.3.0.tgz 0ms (cache hit)
2971 http cache local-pkg@https://registry.npmjs.org/local-pkg/-/local-pkg-1.1.2.tgz 0ms (cache hit)
2972 http cache unicode-canonical-property-names-ecmascript@https://registry.npmjs.org/unicode-canonical-property-names-ecmascript/-/unicode-canonical-property-names-ecmascript-2.0.1.tgz 0ms (cache hit)
2973 http cache buffer-from@https://registry.npmjs.org/buffer-from/-/buffer-from-1.1.2.tgz 0ms (cache hit)
2974 http cache unicode-property-aliases-ecmascript@https://registry.npmjs.org/unicode-property-aliases-ecmascript/-/unicode-property-aliases-ecmascript-2.2.0.tgz 0ms (cache hit)
2975 http cache is-number@https://registry.npmjs.org/is-number/-/is-number-7.0.0.tgz 0ms (cache hit)
2976 http cache commander@https://registry.npmjs.org/commander/-/commander-2.20.3.tgz 0ms (cache hit)
2977 http cache acorn@https://registry.npmjs.org/acorn/-/acorn-8.16.0.tgz 0ms (cache hit)
2978 http cache source-map-support@https://registry.npmjs.org/source-map-support/-/source-map-support-0.5.21.tgz 0ms (cache hit)
2979 http cache @jridgewell/source-map@https://registry.npmjs.org/@jridgewell/source-map/-/source-map-0.3.11.tgz 0ms (cache hit)
2980 http cache has-flag@https://registry.npmjs.org/has-flag/-/has-flag-3.0.0.tgz 0ms (cache hit)
2981 http cache math-intrinsics@https://registry.npmjs.org/math-intrinsics/-/math-intrinsics-1.1.0.tgz 0ms (cache hit)
2982 http cache dunder-proto@https://registry.npmjs.org/dunder-proto/-/dunder-proto-1.0.1.tgz 0ms (cache hit)
2983 http cache es-object-atoms@https://registry.npmjs.org/es-object-atoms/-/es-object-atoms-1.1.1.tgz 0ms (cache hit)
2984 http cache get-proto@https://registry.npmjs.org/get-proto/-/get-proto-1.0.1.tgz 0ms (cache hit)
2985 http cache gopd@https://registry.npmjs.org/gopd/-/gopd-1.2.0.tgz 0ms (cache hit)
2986 http cache has-symbols@https://registry.npmjs.org/has-symbols/-/has-symbols-1.1.0.tgz 0ms (cache hit)
2987 http cache call-bind-apply-helpers@https://registry.npmjs.org/call-bind-apply-helpers/-/call-bind-apply-helpers-1.0.2.tgz 0ms (cache hit)
2988 http cache get-intrinsic@https://registry.npmjs.org/get-intrinsic/-/get-intrinsic-1.3.0.tgz 0ms (cache hit)
2989 http cache es-define-property@https://registry.npmjs.org/es-define-property/-/es-define-property-1.0.1.tgz 0ms (cache hit)
2990 http cache side-channel-weakmap@https://registry.npmjs.org/side-channel-weakmap/-/side-channel-weakmap-1.0.2.tgz 0ms (cache hit)
2991 http cache side-channel-map@https://registry.npmjs.org/side-channel-map/-/side-channel-map-1.0.1.tgz 0ms (cache hit)
2992 http cache side-channel-list@https://registry.npmjs.org/side-channel-list/-/side-channel-list-1.0.0.tgz 0ms (cache hit)
2993 http cache call-bound@https://registry.npmjs.org/call-bound/-/call-bound-1.0.4.tgz 0ms (cache hit)
2994 http cache object-inspect@https://registry.npmjs.org/object-inspect/-/object-inspect-1.13.4.tgz 0ms (cache hit)
2995 http cache function-bind@https://registry.npmjs.org/function-bind/-/function-bind-1.1.2.tgz 0ms (cache hit)
2996 http cache queue-microtask@https://registry.npmjs.org/queue-microtask/-/queue-microtask-1.2.3.tgz 0ms (cache hit)
2997 http cache supports-preserve-symlinks-flag@https://registry.npmjs.org/supports-preserve-symlinks-flag/-/supports-preserve-symlinks-flag-1.0.0.tgz 0ms (cache hit)
2998 http cache is-core-module@https://registry.npmjs.org/is-core-module/-/is-core-module-2.16.1.tgz 0ms (cache hit)
2999 http cache es-errors@https://registry.npmjs.org/es-errors/-/es-errors-1.3.0.tgz 0ms (cache hit)
3000 http cache path-parse@https://registry.npmjs.org/path-parse/-/path-parse-1.0.7.tgz 0ms (cache hit)
3001 http cache unicode-match-property-value-ecmascript@https://registry.npmjs.org/unicode-match-property-value-ecmascript/-/unicode-match-property-value-ecmascript-2.2.1.tgz 0ms (cache hit)
3002 http cache regjsparser@https://registry.npmjs.org/regjsparser/-/regjsparser-0.13.0.tgz 0ms (cache hit)
3003 http cache unicode-match-property-ecmascript@https://registry.npmjs.org/unicode-match-property-ecmascript/-/unicode-match-property-ecmascript-2.0.0.tgz 0ms (cache hit)
3004 http cache regjsgen@https://registry.npmjs.org/regjsgen/-/regjsgen-0.8.0.tgz 0ms (cache hit)
3005 http cache hasown@https://registry.npmjs.org/hasown/-/hasown-2.0.2.tgz 0ms (cache hit)
3006 http cache regenerate@https://registry.npmjs.org/regenerate/-/regenerate-1.4.2.tgz 0ms (cache hit)
3007 http cache regenerate-unicode-properties@https://registry.npmjs.org/regenerate-unicode-properties/-/regenerate-unicode-properties-10.2.2.tgz 0ms (cache hit)
3008 http cache side-channel@https://registry.npmjs.org/side-channel/-/side-channel-1.1.0.tgz 0ms (cache hit)
3009 http cache ipaddr.js@https://registry.npmjs.org/ipaddr.js/-/ipaddr.js-1.9.1.tgz 0ms (cache hit)
3010 http cache pify@https://registry.npmjs.org/pify/-/pify-2.3.0.tgz 0ms (cache hit)
3011 http cache util-deprecate@https://registry.npmjs.org/util-deprecate/-/util-deprecate-1.0.2.tgz 0ms (cache hit)
3012 http cache forwarded@https://registry.npmjs.org/forwarded/-/forwarded-0.2.0.tgz 0ms (cache hit)
3013 http cache cssesc@https://registry.npmjs.org/cssesc/-/cssesc-3.0.0.tgz 0ms (cache hit)
3014 http cache loader-utils@https://registry.npmjs.org/loader-utils/-/loader-utils-3.3.1.tgz 0ms (cache hit)
3015 http cache icss-utils@https://registry.npmjs.org/icss-utils/-/icss-utils-5.1.0.tgz 0ms (cache hit)
3016 http cache string-hash@https://registry.npmjs.org/string-hash/-/string-hash-1.1.3.tgz 0ms (cache hit)
3017 http cache postcss-modules-values@https://registry.npmjs.org/postcss-modules-values/-/postcss-modules-values-4.0.0.tgz 0ms (cache hit)
3018 http cache postcss-modules-scope@https://registry.npmjs.org/postcss-modules-scope/-/postcss-modules-scope-3.2.1.tgz 0ms (cache hit)
3019 http cache postcss-modules-local-by-default@https://registry.npmjs.org/postcss-modules-local-by-default/-/postcss-modules-local-by-default-4.2.0.tgz 0ms (cache hit)
3020 http cache postcss-modules-extract-imports@https://registry.npmjs.org/postcss-modules-extract-imports/-/postcss-modules-extract-imports-3.1.0.tgz 0ms (cache hit)
3021 http cache icss-replace-symbols@https://registry.npmjs.org/icss-replace-symbols/-/icss-replace-symbols-1.1.0.tgz 0ms (cache hit)
3022 http cache generic-names@https://registry.npmjs.org/generic-names/-/generic-names-4.0.0.tgz 0ms (cache hit)
3023 http cache read-cache@https://registry.npmjs.org/read-cache/-/read-cache-1.0.0.tgz 0ms (cache hit)
3024 http cache lodash.camelcase@https://registry.npmjs.org/lodash.camelcase/-/lodash.camelcase-4.3.0.tgz 0ms (cache hit)
3025 http cache lilconfig@https://registry.npmjs.org/lilconfig/-/lilconfig-2.1.0.tgz 0ms (cache hit)
3026 http cache unquote@https://registry.npmjs.org/unquote/-/unquote-1.1.1.tgz 0ms (cache hit)
3027 http cache nanoid@https://registry.npmjs.org/nanoid/-/nanoid-3.3.11.tgz 0ms (cache hit)
3028 http cache yaml@https://registry.npmjs.org/yaml/-/yaml-1.10.2.tgz 0ms (cache hit)
3029 http cache css-font-style-keywords@https://registry.npmjs.org/css-font-style-keywords/-/css-font-style-keywords-1.0.1.tgz 0ms (cache hit)
3030 http cache css-list-helpers@https://registry.npmjs.org/css-list-helpers/-/css-list-helpers-2.0.0.tgz 0ms (cache hit)
3031 http cache css-font-weight-keywords@https://registry.npmjs.org/css-font-weight-keywords/-/css-font-weight-keywords-1.0.0.tgz 0ms (cache hit)
3032 http cache css-font-size-keywords@https://registry.npmjs.org/css-font-size-keywords/-/css-font-size-keywords-1.0.0.tgz 0ms (cache hit)
3033 http cache css-system-font-keywords@https://registry.npmjs.org/css-system-font-keywords/-/css-system-font-keywords-1.0.0.tgz 0ms (cache hit)
3034 http cache invert-kv@https://registry.npmjs.org/invert-kv/-/invert-kv-3.0.1.tgz 0ms (cache hit)
3035 http cache xml2js@https://registry.npmjs.org/xml2js/-/xml2js-0.5.0.tgz 0ms (cache hit)
3036 http cache css-font-stretch-keywords@https://registry.npmjs.org/css-font-stretch-keywords/-/css-font-stretch-keywords-1.0.1.tgz 0ms (cache hit)
3037 http cache mime-db@https://registry.npmjs.org/mime-db/-/mime-db-1.52.0.tgz 0ms (cache hit)
3038 http cache minimist@https://registry.npmjs.org/minimist/-/minimist-1.2.8.tgz 0ms (cache hit)
3039 http cache ee-first@https://registry.npmjs.org/ee-first/-/ee-first-1.1.1.tgz 0ms (cache hit)
3040 http cache xml-parse-from-string@https://registry.npmjs.org/xml-parse-from-string/-/xml-parse-from-string-1.0.1.tgz 0ms (cache hit)
3041 http cache lcid@https://registry.npmjs.org/lcid/-/lcid-3.1.1.tgz 0ms (cache hit)
3042 http cache xtend@https://registry.npmjs.org/xtend/-/xtend-4.0.2.tgz 0ms (cache hit)
3043 http cache xhr@https://registry.npmjs.org/xhr/-/xhr-2.6.0.tgz 0ms (cache hit)
3044 http cache parse-bmfont-xml@https://registry.npmjs.org/parse-bmfont-xml/-/parse-bmfont-xml-1.1.6.tgz 0ms (cache hit)
3045 http cache yallist@https://registry.npmjs.org/yallist/-/yallist-3.1.1.tgz 0ms (cache hit)
3046 http cache parse-bmfont-binary@https://registry.npmjs.org/parse-bmfont-binary/-/parse-bmfont-binary-1.0.6.tgz 0ms (cache hit)
3047 http cache parse-bmfont-ascii@https://registry.npmjs.org/parse-bmfont-ascii/-/parse-bmfont-ascii-1.0.6.tgz 0ms (cache hit)
3048 http cache buffer-equal@https://registry.npmjs.org/buffer-equal/-/buffer-equal-0.0.1.tgz 0ms (cache hit)
3049 http cache base64-js@https://registry.npmjs.org/base64-js/-/base64-js-1.5.1.tgz 0ms (cache hit)
3050 http cache ieee754@https://registry.npmjs.org/ieee754/-/ieee754-1.2.1.tgz 0ms (cache hit)
3051 http cache utif@https://registry.npmjs.org/utif/-/utif-2.0.1.tgz 0ms (cache hit)
3052 http cache pngjs@https://registry.npmjs.org/pngjs/-/pngjs-3.4.0.tgz 0ms (cache hit)
3053 http cache jpeg-js@https://registry.npmjs.org/jpeg-js/-/jpeg-js-0.3.7.tgz 0ms (cache hit)
3054 http cache omggif@https://registry.npmjs.org/omggif/-/omggif-1.0.10.tgz 0ms (cache hit)
3055 http cache bmp-js@https://registry.npmjs.org/bmp-js/-/bmp-js-0.1.0.tgz 0ms (cache hit)
3056 http cache @jimp/tiff@https://registry.npmjs.org/@jimp/tiff/-/tiff-0.10.3.tgz 0ms (cache hit)
3057 http cache timm@https://registry.npmjs.org/timm/-/timm-1.7.1.tgz 0ms (cache hit)
3058 http cache @jimp/gif@https://registry.npmjs.org/@jimp/gif/-/gif-0.10.3.tgz 0ms (cache hit)
3059 http cache @jimp/png@https://registry.npmjs.org/@jimp/png/-/png-0.10.3.tgz 0ms (cache hit)
3060 http cache @jimp/jpeg@https://registry.npmjs.org/@jimp/jpeg/-/jpeg-0.10.3.tgz 0ms (cache hit)
3061 http cache @jimp/bmp@https://registry.npmjs.org/@jimp/bmp/-/bmp-0.10.3.tgz 0ms (cache hit)
3062 http cache @jimp/plugin-shadow@https://registry.npmjs.org/@jimp/plugin-shadow/-/plugin-shadow-0.10.3.tgz 0ms (cache hit)
3063 http cache @jimp/plugin-threshold@https://registry.npmjs.org/@jimp/plugin-threshold/-/plugin-threshold-0.10.3.tgz 0ms (cache hit)
3064 http cache @jimp/plugin-normalize@https://registry.npmjs.org/@jimp/plugin-normalize/-/plugin-normalize-0.10.3.tgz 0ms (cache hit)
3065 http cache @jimp/plugin-print@https://registry.npmjs.org/@jimp/plugin-print/-/plugin-print-0.10.3.tgz 0ms (cache hit)
3066 http cache @jimp/plugin-invert@https://registry.npmjs.org/@jimp/plugin-invert/-/plugin-invert-0.10.3.tgz 0ms (cache hit)
3067 http cache @jimp/plugin-mask@https://registry.npmjs.org/@jimp/plugin-mask/-/plugin-mask-0.10.3.tgz 0ms (cache hit)
3068 http cache @jimp/plugin-gaussian@https://registry.npmjs.org/@jimp/plugin-gaussian/-/plugin-gaussian-0.10.3.tgz 0ms (cache hit)
3069 http cache @jimp/plugin-flip@https://registry.npmjs.org/@jimp/plugin-flip/-/plugin-flip-0.10.3.tgz 0ms (cache hit)
3070 http cache @jimp/plugin-rotate@https://registry.npmjs.org/@jimp/plugin-rotate/-/plugin-rotate-0.10.3.tgz 0ms (cache hit)
3071 http cache @jimp/plugin-fisheye@https://registry.npmjs.org/@jimp/plugin-fisheye/-/plugin-fisheye-0.10.3.tgz 0ms (cache hit)
3072 http cache @jimp/plugin-crop@https://registry.npmjs.org/@jimp/plugin-crop/-/plugin-crop-0.10.3.tgz 0ms (cache hit)
3073 http cache @jimp/plugin-dither@https://registry.npmjs.org/@jimp/plugin-dither/-/plugin-dither-0.10.3.tgz 0ms (cache hit)
3074 http cache @jimp/plugin-displace@https://registry.npmjs.org/@jimp/plugin-displace/-/plugin-displace-0.10.3.tgz 0ms (cache hit)
3075 http cache @jimp/plugin-cover@https://registry.npmjs.org/@jimp/plugin-cover/-/plugin-cover-0.10.3.tgz 0ms (cache hit)
3076 http cache @jimp/plugin-resize@https://registry.npmjs.org/@jimp/plugin-resize/-/plugin-resize-0.10.3.tgz 0ms (cache hit)
3077 http cache @jimp/plugin-color@https://registry.npmjs.org/@jimp/plugin-color/-/plugin-color-0.10.3.tgz 0ms (cache hit)
3078 http cache @jimp/plugin-circle@https://registry.npmjs.org/@jimp/plugin-circle/-/plugin-circle-0.10.3.tgz 0ms (cache hit)
3079 http cache @jimp/plugin-blur@https://registry.npmjs.org/@jimp/plugin-blur/-/plugin-blur-0.10.3.tgz 0ms (cache hit)
3080 http cache @jimp/plugin-scale@https://registry.npmjs.org/@jimp/plugin-scale/-/plugin-scale-0.10.3.tgz 0ms (cache hit)
3081 http cache @jimp/plugin-contain@https://registry.npmjs.org/@jimp/plugin-contain/-/plugin-contain-0.10.3.tgz 0ms (cache hit)
3082 http cache @jimp/plugin-blit@https://registry.npmjs.org/@jimp/plugin-blit/-/plugin-blit-0.10.3.tgz 0ms (cache hit)
3083 http cache pixelmatch@https://registry.npmjs.org/pixelmatch/-/pixelmatch-4.0.2.tgz 0ms (cache hit)
3084 http cache phin@https://registry.npmjs.org/phin/-/phin-2.9.3.tgz 0ms (cache hit)
3085 http cache file-type@https://registry.npmjs.org/file-type/-/file-type-9.0.0.tgz 0ms (cache hit)
3086 http cache load-bmfont@https://registry.npmjs.org/load-bmfont/-/load-bmfont-1.4.2.tgz 0ms (cache hit)
3087 http cache buffer@https://registry.npmjs.org/buffer/-/buffer-5.7.1.tgz 0ms (cache hit)
3088 http cache @jimp/utils@https://registry.npmjs.org/@jimp/utils/-/utils-0.10.3.tgz 0ms (cache hit)
3089 http cache exif-parser@https://registry.npmjs.org/exif-parser/-/exif-parser-0.1.12.tgz 0ms (cache hit)
3090 http cache @jimp/core@https://registry.npmjs.org/@jimp/core/-/core-0.10.3.tgz 0ms (cache hit)
3091 http cache any-base@https://registry.npmjs.org/any-base/-/any-base-1.1.0.tgz 0ms (cache hit)
3092 http cache @jimp/types@https://registry.npmjs.org/@jimp/types/-/types-0.10.3.tgz 0ms (cache hit)
3093 http cache @jimp/custom@https://registry.npmjs.org/@jimp/custom/-/custom-0.10.3.tgz 0ms (cache hit)
3094 http cache @babel/runtime@https://registry.npmjs.org/@babel/runtime/-/runtime-7.29.2.tgz 0ms (cache hit)
3095 http cache @jimp/plugins@https://registry.npmjs.org/@jimp/plugins/-/plugins-0.10.3.tgz 0ms (cache hit)
3096 http cache binary-extensions@https://registry.npmjs.org/binary-extensions/-/binary-extensions-2.3.0.tgz 0ms (cache hit)
3097 http cache safer-buffer@https://registry.npmjs.org/safer-buffer/-/safer-buffer-2.1.2.tgz 0ms (cache hit)
3098 http cache universalify@https://registry.npmjs.org/universalify/-/universalify-2.0.1.tgz 0ms (cache hit)
3099 http cache is-extglob@https://registry.npmjs.org/is-extglob/-/is-extglob-2.1.1.tgz 0ms (cache hit)
3100 http cache jsonfile@https://registry.npmjs.org/jsonfile/-/jsonfile-6.2.0.tgz 0ms (cache hit)
3101 http cache toidentifier@https://registry.npmjs.org/toidentifier/-/toidentifier-1.0.1.tgz 0ms (cache hit)
3102 http cache inherits@https://registry.npmjs.org/inherits/-/inherits-2.0.4.tgz 0ms (cache hit)
3103 http cache graceful-fs@https://registry.npmjs.org/graceful-fs/-/graceful-fs-4.2.11.tgz 0ms (cache hit)
3104 http cache reusify@https://registry.npmjs.org/reusify/-/reusify-1.1.0.tgz 0ms (cache hit)
3105 http cache to-regex-range@https://registry.npmjs.org/to-regex-range/-/to-regex-range-5.0.1.tgz 0ms (cache hit)
3106 http cache fastq@https://registry.npmjs.org/fastq/-/fastq-1.20.1.tgz 0ms (cache hit)
3107 http cache run-parallel@https://registry.npmjs.org/run-parallel/-/run-parallel-1.2.0.tgz 0ms (cache hit)
3108 http cache @nodelib/fs.scandir@https://registry.npmjs.org/@nodelib/fs.scandir/-/fs.scandir-2.1.5.tgz 0ms (cache hit)
3109 http cache micromatch@https://registry.npmjs.org/micromatch/-/micromatch-4.0.8.tgz 0ms (cache hit)
3110 http cache @nodelib/fs.stat@https://registry.npmjs.org/@nodelib/fs.stat/-/fs.stat-2.0.5.tgz 0ms (cache hit)
3111 http cache merge2@https://registry.npmjs.org/merge2/-/merge2-1.4.1.tgz 0ms (cache hit)
3112 http cache @nodelib/fs.walk@https://registry.npmjs.org/@nodelib/fs.walk/-/fs.walk-1.2.8.tgz 0ms (cache hit)
3113 http cache unpipe@https://registry.npmjs.org/unpipe/-/unpipe-1.0.0.tgz 0ms (cache hit)
3114 http cache bytes@https://registry.npmjs.org/bytes/-/bytes-3.1.2.tgz 0ms (cache hit)
3115 http cache destroy@https://registry.npmjs.org/destroy/-/destroy-1.2.0.tgz 0ms (cache hit)
3116 http cache iconv-lite@https://registry.npmjs.org/iconv-lite/-/iconv-lite-0.4.24.tgz 0ms (cache hit)
3117 http cache utils-merge@https://registry.npmjs.org/utils-merge/-/utils-merge-1.0.1.tgz 0ms (cache hit)
3118 http cache negotiator@https://registry.npmjs.org/negotiator/-/negotiator-0.6.3.tgz 0ms (cache hit)
3119 http cache raw-body@https://registry.npmjs.org/raw-body/-/raw-body-2.5.2.tgz 0ms (cache hit)
3120 http cache mime-types@https://registry.npmjs.org/mime-types/-/mime-types-2.1.35.tgz 0ms (cache hit)
3121 http cache statuses@https://registry.npmjs.org/statuses/-/statuses-2.0.1.tgz 0ms (cache hit)
3122 http cache setprototypeof@https://registry.npmjs.org/setprototypeof/-/setprototypeof-1.2.0.tgz 0ms (cache hit)
3123 http cache type-is@https://registry.npmjs.org/type-is/-/type-is-1.6.18.tgz 0ms (cache hit)
3124 http cache serve-static@https://registry.npmjs.org/serve-static/-/serve-static-1.16.0.tgz 0ms (cache hit)
3125 http cache send@https://registry.npmjs.org/send/-/send-0.19.0.tgz 0ms (cache hit)
3126 http cache range-parser@https://registry.npmjs.org/range-parser/-/range-parser-1.2.1.tgz 0ms (cache hit)
3127 http cache path-to-regexp@https://registry.npmjs.org/path-to-regexp/-/path-to-regexp-0.1.10.tgz 0ms (cache hit)
3128 http cache qs@https://registry.npmjs.org/qs/-/qs-6.11.0.tgz 1ms (cache hit)
3129 http cache safe-buffer@https://registry.npmjs.org/safe-buffer/-/safe-buffer-5.2.1.tgz 0ms (cache hit)
3130 http cache parseurl@https://registry.npmjs.org/parseurl/-/parseurl-1.3.3.tgz 0ms (cache hit)
3131 http cache proxy-addr@https://registry.npmjs.org/proxy-addr/-/proxy-addr-2.0.7.tgz 0ms (cache hit)
3132 http cache http-errors@https://registry.npmjs.org/http-errors/-/http-errors-2.0.0.tgz 0ms (cache hit)
3133 http cache methods@https://registry.npmjs.org/methods/-/methods-1.1.2.tgz 0ms (cache hit)
3134 http cache on-finished@https://registry.npmjs.org/on-finished/-/on-finished-2.4.1.tgz 0ms (cache hit)
3135 http cache vary@https://registry.npmjs.org/vary/-/vary-1.1.2.tgz 0ms (cache hit)
3136 http cache finalhandler@https://registry.npmjs.org/finalhandler/-/finalhandler-1.2.0.tgz 0ms (cache hit)
3137 http cache etag@https://registry.npmjs.org/etag/-/etag-1.8.1.tgz 0ms (cache hit)
3138 http cache merge-descriptors@https://registry.npmjs.org/merge-descriptors/-/merge-descriptors-1.0.3.tgz 0ms (cache hit)
3139 http cache escape-html@https://registry.npmjs.org/escape-html/-/escape-html-1.0.3.tgz 0ms (cache hit)
3140 http cache depd@https://registry.npmjs.org/depd/-/depd-2.0.0.tgz 0ms (cache hit)
3141 http cache cookie-signature@https://registry.npmjs.org/cookie-signature/-/cookie-signature-1.0.6.tgz 0ms (cache hit)
3142 http cache cookie@https://registry.npmjs.org/cookie/-/cookie-0.6.0.tgz 0ms (cache hit)
3143 http cache content-type@https://registry.npmjs.org/content-type/-/content-type-1.0.5.tgz 0ms (cache hit)
3144 http cache content-disposition@https://registry.npmjs.org/content-disposition/-/content-disposition-0.5.4.tgz 0ms (cache hit)
3145 http cache body-parser@https://registry.npmjs.org/body-parser/-/body-parser-1.20.3.tgz 0ms (cache hit)
3146 http cache array-flatten@https://registry.npmjs.org/array-flatten/-/array-flatten-1.1.1.tgz 0ms (cache hit)
3147 http cache accepts@https://registry.npmjs.org/accepts/-/accepts-1.3.8.tgz 0ms (cache hit)
3148 http cache color-name@https://registry.npmjs.org/color-name/-/color-name-1.1.3.tgz 0ms (cache hit)
3149 http cache ms@https://registry.npmjs.org/ms/-/ms-2.1.3.tgz 0ms (cache hit)
3150 http cache @esbuild/win32-x64@https://registry.npmjs.org/@esbuild/win32-x64/-/win32-x64-0.20.2.tgz 0ms (cache hit)
3151 http cache readdirp@https://registry.npmjs.org/readdirp/-/readdirp-3.6.0.tgz 0ms (cache hit)
3152 http cache is-glob@https://registry.npmjs.org/is-glob/-/is-glob-4.0.3.tgz 0ms (cache hit)
3153 http cache glob-parent@https://registry.npmjs.org/glob-parent/-/glob-parent-5.1.2.tgz 0ms (cache hit)
3154 http cache braces@https://registry.npmjs.org/braces/-/braces-3.0.3.tgz 0ms (cache hit)
3155 http cache is-binary-path@https://registry.npmjs.org/is-binary-path/-/is-binary-path-2.1.0.tgz 0ms (cache hit)
3156 http cache normalize-path@https://registry.npmjs.org/normalize-path/-/normalize-path-3.0.0.tgz 0ms (cache hit)
3157 http cache anymatch@https://registry.npmjs.org/anymatch/-/anymatch-3.1.3.tgz 1ms (cache hit)
3158 http cache escape-string-regexp@https://registry.npmjs.org/escape-string-regexp/-/escape-string-regexp-1.0.5.tgz 0ms (cache hit)
3159 http cache fill-range@https://registry.npmjs.org/fill-range/-/fill-range-7.1.1.tgz 0ms (cache hit)
3160 http cache color-convert@https://registry.npmjs.org/color-convert/-/color-convert-1.9.3.tgz 0ms (cache hit)
3161 http cache meow@https://registry.npmjs.org/meow/-/meow-13.2.0.tgz 0ms (cache hit)
3162 http cache encodeurl@https://registry.npmjs.org/encodeurl/-/encodeurl-2.0.0.tgz 0ms (cache hit)
3163 http cache supports-color@https://registry.npmjs.org/supports-color/-/supports-color-5.5.0.tgz 0ms (cache hit)
3164 http cache electron-to-chromium@https://registry.npmjs.org/electron-to-chromium/-/electron-to-chromium-1.5.313.tgz 0ms (cache hit)
3165 http cache node-releases@https://registry.npmjs.org/node-releases/-/node-releases-2.0.36.tgz 0ms (cache hit)
3166 http cache fresh@https://registry.npmjs.org/fresh/-/fresh-0.5.2.tgz 0ms (cache hit)
3167 http cache mkdirp@https://registry.npmjs.org/mkdirp/-/mkdirp-0.5.6.tgz 0ms (cache hit)
3168 http cache baseline-browser-mapping@https://registry.npmjs.org/baseline-browser-mapping/-/baseline-browser-mapping-2.10.8.tgz 0ms (cache hit)
3169 http cache update-browserslist-db@https://registry.npmjs.org/update-browserslist-db/-/update-browserslist-db-1.2.3.tgz 0ms (cache hit)
3170 http cache fraction.js@https://registry.npmjs.org/fraction.js/-/fraction.js-4.3.7.tgz 0ms (cache hit)
3171 http cache lodash.debounce@https://registry.npmjs.org/lodash.debounce/-/lodash.debounce-4.0.8.tgz 0ms (cache hit)
3172 http cache postcss-value-parser@https://registry.npmjs.org/postcss-value-parser/-/postcss-value-parser-4.2.0.tgz 0ms (cache hit)
3173 http cache caniuse-lite@https://registry.npmjs.org/caniuse-lite/-/caniuse-lite-1.0.30001780.tgz 0ms (cache hit)
3174 http cache @vue/babel-helper-vue-transform-on@https://registry.npmjs.org/@vue/babel-helper-vue-transform-on/-/babel-helper-vue-transform-on-1.5.0.tgz 0ms (cache hit)
3175 http cache normalize-range@https://registry.npmjs.org/normalize-range/-/normalize-range-0.1.2.tgz 0ms (cache hit)
3176 http cache @babel/plugin-syntax-jsx@https://registry.npmjs.org/@babel/plugin-syntax-jsx/-/plugin-syntax-jsx-7.28.6.tgz 0ms (cache hit)
3177 http cache @vue/babel-plugin-resolve-type@https://registry.npmjs.org/@vue/babel-plugin-resolve-type/-/babel-plugin-resolve-type-1.5.0.tgz 0ms (cache hit)
3178 http cache @vue/babel-plugin-jsx@https://registry.npmjs.org/@vue/babel-plugin-jsx/-/babel-plugin-jsx-1.5.0.tgz 0ms (cache hit)
3179 http cache @babel/helper-wrap-function@https://registry.npmjs.org/@babel/helper-wrap-function/-/helper-wrap-function-7.28.6.tgz 0ms (cache hit)
3180 http cache @babel/helper-remap-async-to-generator@https://registry.npmjs.org/@babel/helper-remap-async-to-generator/-/helper-remap-async-to-generator-7.27.1.tgz 0ms (cache hit)
3181 http cache esutils@https://registry.npmjs.org/esutils/-/esutils-2.0.3.tgz 0ms (cache hit)
3182 http cache regexpu-core@https://registry.npmjs.org/regexpu-core/-/regexpu-core-6.4.0.tgz 0ms (cache hit)
3183 http cache ansi-styles@https://registry.npmjs.org/ansi-styles/-/ansi-styles-3.2.1.tgz 0ms (cache hit)
3184 http cache @babel/helper-define-polyfill-provider@https://registry.npmjs.org/@babel/helper-define-polyfill-provider/-/helper-define-polyfill-provider-0.6.8.tgz 0ms (cache hit)
3185 http cache core-js-compat@https://registry.npmjs.org/core-js-compat/-/core-js-compat-3.49.0.tgz 0ms (cache hit)
3186 http cache babel-plugin-polyfill-corejs2@https://registry.npmjs.org/babel-plugin-polyfill-corejs2/-/babel-plugin-polyfill-corejs2-0.4.17.tgz 0ms (cache hit)
3187 http cache babel-plugin-polyfill-corejs3@https://registry.npmjs.org/babel-plugin-polyfill-corejs3/-/babel-plugin-polyfill-corejs3-0.14.2.tgz 0ms (cache hit)
3188 http cache @babel/helper-create-regexp-features-plugin@https://registry.npmjs.org/@babel/helper-create-regexp-features-plugin/-/helper-create-regexp-features-plugin-7.28.5.tgz 0ms (cache hit)
3189 http cache @babel/preset-modules@https://registry.npmjs.org/@babel/preset-modules/-/preset-modules-0.1.6-no-external-plugins.tgz 0ms (cache hit)
3190 http cache babel-plugin-polyfill-regenerator@https://registry.npmjs.org/babel-plugin-polyfill-regenerator/-/babel-plugin-polyfill-regenerator-0.6.8.tgz 0ms (cache hit)
3191 http cache @babel/plugin-transform-unicode-sets-regex@https://registry.npmjs.org/@babel/plugin-transform-unicode-sets-regex/-/plugin-transform-unicode-sets-regex-7.28.6.tgz 0ms (cache hit)
3192 http cache @babel/plugin-transform-unicode-regex@https://registry.npmjs.org/@babel/plugin-transform-unicode-regex/-/plugin-transform-unicode-regex-7.27.1.tgz 0ms (cache hit)
3193 http cache @babel/plugin-transform-unicode-property-regex@https://registry.npmjs.org/@babel/plugin-transform-unicode-property-regex/-/plugin-transform-unicode-property-regex-7.28.6.tgz 0ms (cache hit)
3194 http cache @babel/plugin-transform-unicode-escapes@https://registry.npmjs.org/@babel/plugin-transform-unicode-escapes/-/plugin-transform-unicode-escapes-7.27.1.tgz 0ms (cache hit)
3195 http cache @babel/plugin-transform-spread@https://registry.npmjs.org/@babel/plugin-transform-spread/-/plugin-transform-spread-7.28.6.tgz 0ms (cache hit)
3196 http cache @babel/plugin-transform-template-literals@https://registry.npmjs.org/@babel/plugin-transform-template-literals/-/plugin-transform-template-literals-7.27.1.tgz 0ms (cache hit)
3197 http cache @babel/plugin-transform-typeof-symbol@https://registry.npmjs.org/@babel/plugin-transform-typeof-symbol/-/plugin-transform-typeof-symbol-7.27.1.tgz 0ms (cache hit)
3198 http cache @babel/plugin-transform-regexp-modifiers@https://registry.npmjs.org/@babel/plugin-transform-regexp-modifiers/-/plugin-transform-regexp-modifiers-7.28.6.tgz 0ms (cache hit)
3199 http cache @babel/plugin-transform-shorthand-properties@https://registry.npmjs.org/@babel/plugin-transform-shorthand-properties/-/plugin-transform-shorthand-properties-7.27.1.tgz 0ms (cache hit)
3200 http cache @babel/plugin-transform-sticky-regex@https://registry.npmjs.org/@babel/plugin-transform-sticky-regex/-/plugin-transform-sticky-regex-7.27.1.tgz 0ms (cache hit)
3201 http cache @babel/plugin-transform-reserved-words@https://registry.npmjs.org/@babel/plugin-transform-reserved-words/-/plugin-transform-reserved-words-7.27.1.tgz 0ms (cache hit)
3202 http cache @babel/plugin-transform-regenerator@https://registry.npmjs.org/@babel/plugin-transform-regenerator/-/plugin-transform-regenerator-7.29.0.tgz 0ms (cache hit)
3203 http cache @babel/plugin-transform-private-property-in-object@https://registry.npmjs.org/@babel/plugin-transform-private-property-in-object/-/plugin-transform-private-property-in-object-7.28.6.tgz 0ms (cache hit)
3204 http cache @babel/plugin-transform-private-methods@https://registry.npmjs.org/@babel/plugin-transform-private-methods/-/plugin-transform-private-methods-7.28.6.tgz 0ms (cache hit)
3205 http cache @babel/plugin-transform-property-literals@https://registry.npmjs.org/@babel/plugin-transform-property-literals/-/plugin-transform-property-literals-7.27.1.tgz 0ms (cache hit)
3206 http cache @babel/plugin-transform-parameters@https://registry.npmjs.org/@babel/plugin-transform-parameters/-/plugin-transform-parameters-7.27.7.tgz 0ms (cache hit)
3207 http cache @babel/plugin-transform-object-super@https://registry.npmjs.org/@babel/plugin-transform-object-super/-/plugin-transform-object-super-7.27.1.tgz 0ms (cache hit)
3208 http cache @babel/plugin-transform-optional-chaining@https://registry.npmjs.org/@babel/plugin-transform-optional-chaining/-/plugin-transform-optional-chaining-7.28.6.tgz 0ms (cache hit)
3209 http cache @babel/plugin-transform-object-rest-spread@https://registry.npmjs.org/@babel/plugin-transform-object-rest-spread/-/plugin-transform-object-rest-spread-7.28.6.tgz 0ms (cache hit)
3210 http cache @babel/plugin-transform-numeric-separator@https://registry.npmjs.org/@babel/plugin-transform-numeric-separator/-/plugin-transform-numeric-separator-7.28.6.tgz 0ms (cache hit)
3211 http cache @babel/plugin-transform-new-target@https://registry.npmjs.org/@babel/plugin-transform-new-target/-/plugin-transform-new-target-7.27.1.tgz 0ms (cache hit)
3212 http cache @babel/plugin-transform-named-capturing-groups-regex@https://registry.npmjs.org/@babel/plugin-transform-named-capturing-groups-regex/-/plugin-transform-named-capturing-groups-regex-7.29.0.tgz 0ms (cache hit)
3213 http cache @babel/plugin-transform-modules-umd@https://registry.npmjs.org/@babel/plugin-transform-modules-umd/-/plugin-transform-modules-umd-7.27.1.tgz 0ms (cache hit)
3214 http cache @babel/plugin-transform-modules-commonjs@https://registry.npmjs.org/@babel/plugin-transform-modules-commonjs/-/plugin-transform-modules-commonjs-7.28.6.tgz 0ms (cache hit)
3215 http cache @babel/plugin-transform-nullish-coalescing-operator@https://registry.npmjs.org/@babel/plugin-transform-nullish-coalescing-operator/-/plugin-transform-nullish-coalescing-operator-7.28.6.tgz 0ms (cache hit)
3216 http cache @babel/plugin-transform-optional-catch-binding@https://registry.npmjs.org/@babel/plugin-transform-optional-catch-binding/-/plugin-transform-optional-catch-binding-7.28.6.tgz 0ms (cache hit)
3217 http cache @babel/plugin-transform-modules-systemjs@https://registry.npmjs.org/@babel/plugin-transform-modules-systemjs/-/plugin-transform-modules-systemjs-7.29.0.tgz 0ms (cache hit)
3218 http cache @babel/plugin-transform-modules-amd@https://registry.npmjs.org/@babel/plugin-transform-modules-amd/-/plugin-transform-modules-amd-7.27.1.tgz 0ms (cache hit)
3219 http cache @babel/plugin-transform-member-expression-literals@https://registry.npmjs.org/@babel/plugin-transform-member-expression-literals/-/plugin-transform-member-expression-literals-7.27.1.tgz 0ms (cache hit)
3220 http cache @babel/plugin-transform-literals@https://registry.npmjs.org/@babel/plugin-transform-literals/-/plugin-transform-literals-7.27.1.tgz 0ms (cache hit)
3221 http cache @babel/plugin-transform-logical-assignment-operators@https://registry.npmjs.org/@babel/plugin-transform-logical-assignment-operators/-/plugin-transform-logical-assignment-operators-7.28.6.tgz 0ms (cache hit)
3222 http cache @babel/plugin-transform-json-strings@https://registry.npmjs.org/@babel/plugin-transform-json-strings/-/plugin-transform-json-strings-7.28.6.tgz 0ms (cache hit)
3223 http cache @babel/plugin-transform-export-namespace-from@https://registry.npmjs.org/@babel/plugin-transform-export-namespace-from/-/plugin-transform-export-namespace-from-7.27.1.tgz 0ms (cache hit)
3224 http cache @babel/plugin-transform-function-name@https://registry.npmjs.org/@babel/plugin-transform-function-name/-/plugin-transform-function-name-7.27.1.tgz 0ms (cache hit)
3225 http cache @babel/plugin-transform-for-of@https://registry.npmjs.org/@babel/plugin-transform-for-of/-/plugin-transform-for-of-7.27.1.tgz 0ms (cache hit)
3226 http cache @babel/plugin-transform-exponentiation-operator@https://registry.npmjs.org/@babel/plugin-transform-exponentiation-operator/-/plugin-transform-exponentiation-operator-7.28.6.tgz 0ms (cache hit)
3227 http cache @babel/plugin-transform-duplicate-named-capturing-groups-regex@https://registry.npmjs.org/@babel/plugin-transform-duplicate-named-capturing-groups-regex/-/plugin-transform-duplicate-named-capturing-groups-regex-7.29.0.tgz 0ms (cache hit)
3228 http cache @babel/plugin-transform-explicit-resource-management@https://registry.npmjs.org/@babel/plugin-transform-explicit-resource-management/-/plugin-transform-explicit-resource-management-7.28.6.tgz 0ms (cache hit)
3229 http cache @babel/plugin-transform-duplicate-keys@https://registry.npmjs.org/@babel/plugin-transform-duplicate-keys/-/plugin-transform-duplicate-keys-7.27.1.tgz 0ms (cache hit)
3230 http cache @babel/plugin-transform-dynamic-import@https://registry.npmjs.org/@babel/plugin-transform-dynamic-import/-/plugin-transform-dynamic-import-7.27.1.tgz 0ms (cache hit)
3231 http cache @babel/plugin-transform-destructuring@https://registry.npmjs.org/@babel/plugin-transform-destructuring/-/plugin-transform-destructuring-7.28.5.tgz 0ms (cache hit)
3232 http cache @babel/plugin-transform-dotall-regex@https://registry.npmjs.org/@babel/plugin-transform-dotall-regex/-/plugin-transform-dotall-regex-7.28.6.tgz 0ms (cache hit)
3233 http cache @babel/plugin-transform-computed-properties@https://registry.npmjs.org/@babel/plugin-transform-computed-properties/-/plugin-transform-computed-properties-7.28.6.tgz 0ms (cache hit)
3234 http cache @babel/plugin-transform-classes@https://registry.npmjs.org/@babel/plugin-transform-classes/-/plugin-transform-classes-7.28.6.tgz 0ms (cache hit)
3235 http cache @babel/plugin-transform-class-properties@https://registry.npmjs.org/@babel/plugin-transform-class-properties/-/plugin-transform-class-properties-7.28.6.tgz 0ms (cache hit)
3236 http cache @babel/plugin-transform-class-static-block@https://registry.npmjs.org/@babel/plugin-transform-class-static-block/-/plugin-transform-class-static-block-7.28.6.tgz 0ms (cache hit)
3237 http cache @babel/plugin-transform-block-scoping@https://registry.npmjs.org/@babel/plugin-transform-block-scoping/-/plugin-transform-block-scoping-7.28.6.tgz 0ms (cache hit)
3238 http cache @babel/plugin-transform-async-to-generator@https://registry.npmjs.org/@babel/plugin-transform-async-to-generator/-/plugin-transform-async-to-generator-7.28.6.tgz 0ms (cache hit)
3239 http cache @babel/plugin-transform-async-generator-functions@https://registry.npmjs.org/@babel/plugin-transform-async-generator-functions/-/plugin-transform-async-generator-functions-7.29.0.tgz 0ms (cache hit)
3240 http cache @babel/plugin-transform-block-scoped-functions@https://registry.npmjs.org/@babel/plugin-transform-block-scoped-functions/-/plugin-transform-block-scoped-functions-7.27.1.tgz 0ms (cache hit)
3241 http cache @babel/plugin-transform-arrow-functions@https://registry.npmjs.org/@babel/plugin-transform-arrow-functions/-/plugin-transform-arrow-functions-7.27.1.tgz 0ms (cache hit)
3242 http cache @babel/plugin-syntax-unicode-sets-regex@https://registry.npmjs.org/@babel/plugin-syntax-unicode-sets-regex/-/plugin-syntax-unicode-sets-regex-7.18.6.tgz 0ms (cache hit)
3243 http cache @babel/plugin-syntax-import-attributes@https://registry.npmjs.org/@babel/plugin-syntax-import-attributes/-/plugin-syntax-import-attributes-7.28.6.tgz 0ms (cache hit)
3244 http cache @babel/plugin-syntax-import-assertions@https://registry.npmjs.org/@babel/plugin-syntax-import-assertions/-/plugin-syntax-import-assertions-7.28.6.tgz 0ms (cache hit)
3245 http cache @babel/plugin-proposal-private-property-in-object@https://registry.npmjs.org/@babel/plugin-proposal-private-property-in-object/-/plugin-proposal-private-property-in-object-7.21.0-placeholder-for-preset-env.2.tgz 0ms (cache hit)
3246 http cache @babel/plugin-bugfix-v8-spread-parameters-in-optional-chaining@https://registry.npmjs.org/@babel/plugin-bugfix-v8-spread-parameters-in-optional-chaining/-/plugin-bugfix-v8-spread-parameters-in-optional-chaining-7.27.1.tgz 0ms (cache hit)
3247 http cache @babel/plugin-bugfix-safari-class-field-initializer-scope@https://registry.npmjs.org/@babel/plugin-bugfix-safari-class-field-initializer-scope/-/plugin-bugfix-safari-class-field-initializer-scope-7.27.1.tgz 0ms (cache hit)
3248 http cache systemjs@https://registry.npmjs.org/systemjs/-/systemjs-6.15.1.tgz 0ms (cache hit)
3249 http cache @babel/plugin-bugfix-safari-id-destructuring-collision-in-function-expression@https://registry.npmjs.org/@babel/plugin-bugfix-safari-id-destructuring-collision-in-function-expression/-/plugin-bugfix-safari-id-destructuring-collision-in-function-expression-7.27.1.tgz 0ms (cache hit)
3250 http cache @babel/plugin-bugfix-firefox-class-in-computed-class-key@https://registry.npmjs.org/@babel/plugin-bugfix-firefox-class-in-computed-class-key/-/plugin-bugfix-firefox-class-in-computed-class-key-7.28.5.tgz 0ms (cache hit)
3251 http cache @babel/plugin-bugfix-v8-static-class-fields-redefine-readonly@https://registry.npmjs.org/@babel/plugin-bugfix-v8-static-class-fields-redefine-readonly/-/plugin-bugfix-v8-static-class-fields-redefine-readonly-7.28.6.tgz 0ms (cache hit)
3252 http cache regenerator-runtime@https://registry.npmjs.org/regenerator-runtime/-/regenerator-runtime-0.14.1.tgz 0ms (cache hit)
3253 http cache browserslist-to-esbuild@https://registry.npmjs.org/browserslist-to-esbuild/-/browserslist-to-esbuild-2.1.1.tgz 0ms (cache hit)
3254 http cache @babel/preset-env@https://registry.npmjs.org/@babel/preset-env/-/preset-env-7.29.2.tgz 0ms (cache hit)
3255 http cache core-js@https://registry.npmjs.org/core-js/-/core-js-3.49.0.tgz 0ms (cache hit)
3256 http cache picomatch@https://registry.npmjs.org/picomatch/-/picomatch-2.3.1.tgz 0ms (cache hit)
3257 http cache @types/estree@https://registry.npmjs.org/@types/estree/-/estree-1.0.8.tgz 0ms (cache hit)
3258 http cache @jridgewell/resolve-uri@https://registry.npmjs.org/@jridgewell/resolve-uri/-/resolve-uri-3.1.2.tgz 0ms (cache hit)
3259 http cache source-map@https://registry.npmjs.org/source-map/-/source-map-0.6.1.tgz 0ms (cache hit)
3260 http cache @intlify/runtime@https://registry.npmjs.org/@intlify/runtime/-/runtime-9.1.9.tgz 0ms (cache hit)
3261 http cache @jridgewell/sourcemap-codec@https://registry.npmjs.org/@jridgewell/sourcemap-codec/-/sourcemap-codec-1.5.5.tgz 0ms (cache hit)
3262 http cache @intlify/message-compiler@https://registry.npmjs.org/@intlify/message-compiler/-/message-compiler-9.1.9.tgz 0ms (cache hit)
3263 http cache @intlify/message-resolver@https://registry.npmjs.org/@intlify/message-resolver/-/message-resolver-9.1.9.tgz 0ms (cache hit)
3264 http cache @intlify/devtools-if@https://registry.npmjs.org/@intlify/devtools-if/-/devtools-if-9.1.9.tgz 0ms (cache hit)
3265 http cache @babel/helper-replace-supers@https://registry.npmjs.org/@babel/helper-replace-supers/-/helper-replace-supers-7.28.6.tgz 0ms (cache hit)
3266 http cache @babel/helper-optimise-call-expression@https://registry.npmjs.org/@babel/helper-optimise-call-expression/-/helper-optimise-call-expression-7.27.1.tgz 0ms (cache hit)
3267 http cache @babel/helper-member-expression-to-functions@https://registry.npmjs.org/@babel/helper-member-expression-to-functions/-/helper-member-expression-to-functions-7.28.5.tgz 0ms (cache hit)
3268 http cache @babel/plugin-syntax-typescript@https://registry.npmjs.org/@babel/plugin-syntax-typescript/-/plugin-syntax-typescript-7.28.6.tgz 0ms (cache hit)
3269 http cache @babel/helper-skip-transparent-expression-wrappers@https://registry.npmjs.org/@babel/helper-skip-transparent-expression-wrappers/-/helper-skip-transparent-expression-wrappers-7.27.1.tgz 0ms (cache hit)
3270 http cache express@https://registry.npmjs.org/express/-/express-4.20.0.tgz 0ms (cache hit)
3271 http cache @babel/helper-create-class-features-plugin@https://registry.npmjs.org/@babel/helper-create-class-features-plugin/-/helper-create-class-features-plugin-7.28.6.tgz 0ms (cache hit)
3272 http cache @vitejs/plugin-vue@https://registry.npmjs.org/@vitejs/plugin-vue/-/plugin-vue-5.2.4.tgz 0ms (cache hit)
3273 http cache @babel/helper-annotate-as-pure@https://registry.npmjs.org/@babel/helper-annotate-as-pure/-/helper-annotate-as-pure-7.27.3.tgz 0ms (cache hit)
3274 http cache @vitejs/plugin-vue-jsx@https://registry.npmjs.org/@vitejs/plugin-vue-jsx/-/plugin-vue-jsx-3.1.0.tgz 0ms (cache hit)
3275 http cache @babel/helper-plugin-utils@https://registry.npmjs.org/@babel/helper-plugin-utils/-/helper-plugin-utils-7.28.6.tgz 0ms (cache hit)
3276 http cache terser@https://registry.npmjs.org/terser/-/terser-5.46.1.tgz 0ms (cache hit)
3277 http cache cac@https://registry.npmjs.org/cac/-/cac-6.7.9.tgz 0ms (cache hit)
3278 http cache @babel/plugin-transform-typescript@https://registry.npmjs.org/@babel/plugin-transform-typescript/-/plugin-transform-typescript-7.28.6.tgz 0ms (cache hit)
3279 http cache @vitejs/plugin-legacy@https://registry.npmjs.org/@vitejs/plugin-legacy/-/plugin-legacy-5.3.2.tgz 0ms (cache hit)
3280 http cache @babel/plugin-syntax-import-meta@https://registry.npmjs.org/@babel/plugin-syntax-import-meta/-/plugin-syntax-import-meta-7.10.4.tgz 0ms (cache hit)
3281 http cache parse-css-font@https://registry.npmjs.org/parse-css-font/-/parse-css-font-4.0.0.tgz 0ms (cache hit)
3282 http cache ws@https://registry.npmjs.org/ws/-/ws-8.18.0.tgz 0ms (cache hit)
3283 http cache licia@https://registry.npmjs.org/licia/-/licia-1.41.1.tgz 0ms (cache hit)
3284 http cache jimp@https://registry.npmjs.org/jimp/-/jimp-0.10.3.tgz 0ms (cache hit)
3285 http cache qrcode-terminal@https://registry.npmjs.org/qrcode-terminal/-/qrcode-terminal-0.12.0.tgz 0ms (cache hit)
3286 http cache qrcode-reader@https://registry.npmjs.org/qrcode-reader/-/qrcode-reader-1.0.4.tgz 0ms (cache hit)
3287 http cache @dcloudio/uni-mp-vite@https://registry.npmjs.org/@dcloudio/uni-mp-vite/-/uni-mp-vite-3.0.0-5000320260312001.tgz 0ms (cache hit)
3288 http cache @dcloudio/uni-mp-vue@https://registry.npmjs.org/@dcloudio/uni-mp-vue/-/uni-mp-vue-3.0.0-5000320260312001.tgz 0ms (cache hit)
3289 http cache vue-router@https://registry.npmjs.org/vue-router/-/vue-router-4.4.4.tgz 0ms (cache hit)
3290 http cache @dcloudio/uni-mp-compiler@https://registry.npmjs.org/@dcloudio/uni-mp-compiler/-/uni-mp-compiler-3.0.0-5000320260312001.tgz 0ms (cache hit)
3291 http cache xmlhttprequest@https://registry.npmjs.org/xmlhttprequest/-/xmlhttprequest-1.8.0.tgz 0ms (cache hit)
3292 http cache safe-area-insets@https://registry.npmjs.org/safe-area-insets/-/safe-area-insets-1.4.1.tgz 0ms (cache hit)
3293 http cache @dcloudio/uni-h5-vue@https://registry.npmjs.org/@dcloudio/uni-h5-vue/-/uni-h5-vue-3.0.0-5000320260312001.tgz 0ms (cache hit)
3294 http cache localstorage-polyfill@https://registry.npmjs.org/localstorage-polyfill/-/localstorage-polyfill-1.0.1.tgz 0ms (cache hit)
3295 http cache @dcloudio/uni-h5-vite@https://registry.npmjs.org/@dcloudio/uni-h5-vite/-/uni-h5-vite-3.0.0-5000320260312001.tgz 0ms (cache hit)
3296 http cache to-fast-properties@https://registry.npmjs.org/to-fast-properties/-/to-fast-properties-2.0.0.tgz 0ms (cache hit)
3297 http cache @babel/helper-globals@https://registry.npmjs.org/@babel/helper-globals/-/helper-globals-7.28.0.tgz 0ms (cache hit)
3298 http cache chalk@https://registry.npmjs.org/chalk/-/chalk-2.4.2.tgz 0ms (cache hit)
3299 http cache @babel/helper-string-parser@https://registry.npmjs.org/@babel/helper-string-parser/-/helper-string-parser-7.27.1.tgz 0ms (cache hit)
3300 http cache js-tokens@https://registry.npmjs.org/js-tokens/-/js-tokens-4.0.0.tgz 0ms (cache hit)
3301 http cache @babel/helper-validator-identifier@https://registry.npmjs.org/@babel/helper-validator-identifier/-/helper-validator-identifier-7.28.5.tgz 0ms (cache hit)
3302 http cache browserslist@https://registry.npmjs.org/browserslist/-/browserslist-4.28.1.tgz 0ms (cache hit)
3303 http cache @babel/helper-validator-option@https://registry.npmjs.org/@babel/helper-validator-option/-/helper-validator-option-7.27.1.tgz 0ms (cache hit)
3304 http cache @babel/helper-module-imports@https://registry.npmjs.org/@babel/helper-module-imports/-/helper-module-imports-7.28.6.tgz 0ms (cache hit)
3305 http cache @babel/compat-data@https://registry.npmjs.org/@babel/compat-data/-/compat-data-7.29.0.tgz 0ms (cache hit)
3306 http cache semver@https://registry.npmjs.org/semver/-/semver-6.3.1.tgz 0ms (cache hit)
3307 http cache json5@https://registry.npmjs.org/json5/-/json5-2.2.3.tgz 0ms (cache hit)
3308 http cache jsesc@https://registry.npmjs.org/jsesc/-/jsesc-3.1.0.tgz 0ms (cache hit)
3309 http cache gensync@https://registry.npmjs.org/gensync/-/gensync-1.0.0-beta.2.tgz 0ms (cache hit)
3310 http cache convert-source-map@https://registry.npmjs.org/convert-source-map/-/convert-source-map-2.0.0.tgz 0ms (cache hit)
3311 http cache lru-cache@https://registry.npmjs.org/lru-cache/-/lru-cache-5.1.1.tgz 0ms (cache hit)
3312 http cache @babel/traverse@https://registry.npmjs.org/@babel/traverse/-/traverse-7.29.0.tgz 0ms (cache hit)
3313 http cache @babel/helper-compilation-targets@https://registry.npmjs.org/@babel/helper-compilation-targets/-/helper-compilation-targets-7.28.6.tgz 0ms (cache hit)
3314 http cache @babel/helper-module-transforms@https://registry.npmjs.org/@babel/helper-module-transforms/-/helper-module-transforms-7.28.6.tgz 0ms (cache hit)
3315 http cache @babel/helpers@https://registry.npmjs.org/@babel/helpers/-/helpers-7.29.2.tgz 0ms (cache hit)
3316 http cache @babel/generator@https://registry.npmjs.org/@babel/generator/-/generator-7.29.1.tgz 0ms (cache hit)
3317 http cache @jridgewell/trace-mapping@https://registry.npmjs.org/@jridgewell/trace-mapping/-/trace-mapping-0.3.31.tgz 0ms (cache hit)
3318 http cache xregexp@https://registry.npmjs.org/xregexp/-/xregexp-5.1.2.tgz 0ms (cache hit)
3319 http cache @jridgewell/gen-mapping@https://registry.npmjs.org/@jridgewell/gen-mapping/-/gen-mapping-0.3.13.tgz 0ms (cache hit)
3320 http cache @babel/highlight@https://registry.npmjs.org/@babel/highlight/-/highlight-7.25.9.tgz 0ms (cache hit)
3321 http cache tinycolor2@https://registry.npmjs.org/tinycolor2/-/tinycolor2-1.6.0.tgz 0ms (cache hit)
3322 http cache unimport@https://registry.npmjs.org/unimport/-/unimport-4.1.1.tgz 0ms (cache hit)
3323 http cache tapable@https://registry.npmjs.org/tapable/-/tapable-2.3.0.tgz 0ms (cache hit)
3324 http cache source-map-js@https://registry.npmjs.org/source-map-js/-/source-map-js-1.2.1.tgz 0ms (cache hit)
3325 http cache resolve@https://registry.npmjs.org/resolve/-/resolve-1.22.8.tgz 0ms (cache hit)
3326 http cache postcss-modules@https://registry.npmjs.org/postcss-modules/-/postcss-modules-4.3.1.tgz 0ms (cache hit)
3327 http cache postcss-load-config@https://registry.npmjs.org/postcss-load-config/-/postcss-load-config-3.1.4.tgz 0ms (cache hit)
3328 http cache postcss-import@https://registry.npmjs.org/postcss-import/-/postcss-import-14.1.0.tgz 0ms (cache hit)
3329 http cache postcss-selector-parser@https://registry.npmjs.org/postcss-selector-parser/-/postcss-selector-parser-6.1.2.tgz 0ms (cache hit)
3330 http cache os-locale-s-fix@https://registry.npmjs.org/os-locale-s-fix/-/os-locale-s-fix-1.0.8-fix-1.tgz 0ms (cache hit)
3331 http cache picocolors@https://registry.npmjs.org/picocolors/-/picocolors-1.1.0.tgz 0ms (cache hit)
3332 http cache mime@https://registry.npmjs.org/mime/-/mime-3.0.0.tgz 0ms (cache hit)
3333 http cache module-alias@https://registry.npmjs.org/module-alias/-/module-alias-2.2.3.tgz 1ms (cache hit)
3334 http cache merge@https://registry.npmjs.org/merge/-/merge-2.1.1.tgz 0ms (cache hit)
3335 http cache lines-and-columns@https://registry.npmjs.org/lines-and-columns/-/lines-and-columns-2.0.4.tgz 0ms (cache hit)
3336 http cache jsonc-parser@https://registry.npmjs.org/jsonc-parser/-/jsonc-parser-3.3.1.tgz 0ms (cache hit)
3337 http cache isbinaryfile@https://registry.npmjs.org/isbinaryfile/-/isbinaryfile-5.0.2.tgz 0ms (cache hit)
3338 http cache magic-string@https://registry.npmjs.org/magic-string/-/magic-string-0.30.11.tgz 0ms (cache hit)
3339 http cache hash-sum@https://registry.npmjs.org/hash-sum/-/hash-sum-2.0.0.tgz 0ms (cache hit)
3340 http cache fs-extra@https://registry.npmjs.org/fs-extra/-/fs-extra-10.1.0.tgz 0ms (cache hit)
3341 http cache es-module-lexer@https://registry.npmjs.org/es-module-lexer/-/es-module-lexer-1.5.4.tgz 0ms (cache hit)
3342 http cache estree-walker@https://registry.npmjs.org/estree-walker/-/estree-walker-2.0.2.tgz 0ms (cache hit)
3343 http cache entities@https://registry.npmjs.org/entities/-/entities-7.0.1.tgz 0ms (cache hit)
3344 http cache esbuild@https://registry.npmjs.org/esbuild/-/esbuild-0.20.2.tgz 0ms (cache hit)
3345 http cache chokidar@https://registry.npmjs.org/chokidar/-/chokidar-3.6.0.tgz 0ms (cache hit)
3346 http cache debug@https://registry.npmjs.org/debug/-/debug-4.3.7.tgz 0ms (cache hit)
3347 http cache base64url@https://registry.npmjs.org/base64url/-/base64url-3.0.1.tgz 0ms (cache hit)
3348 http cache adm-zip@https://registry.npmjs.org/adm-zip/-/adm-zip-0.5.16.tgz 0ms (cache hit)
3349 http cache autoprefixer@https://registry.npmjs.org/autoprefixer/-/autoprefixer-10.4.20.tgz 0ms (cache hit)
3350 http cache compare-versions@https://registry.npmjs.org/compare-versions/-/compare-versions-3.6.0.tgz 0ms (cache hit)
3351 http cache @vue/server-renderer@https://registry.npmjs.org/@vue/server-renderer/-/server-renderer-3.4.21.tgz 0ms (cache hit)
3352 http cache postcss@https://registry.npmjs.org/postcss/-/postcss-8.5.8.tgz 0ms (cache hit)
3353 http cache @vue/compiler-sfc@https://registry.npmjs.org/@vue/compiler-sfc/-/compiler-sfc-3.4.21.tgz 0ms (cache hit)
3354 http cache @vue/compiler-dom@https://registry.npmjs.org/@vue/compiler-dom/-/compiler-dom-3.4.21.tgz 0ms (cache hit)
3355 http cache @vue/compiler-ssr@https://registry.npmjs.org/@vue/compiler-ssr/-/compiler-ssr-3.4.21.tgz 0ms (cache hit)
3356 http cache @rollup/pluginutils@https://registry.npmjs.org/@rollup/pluginutils/-/pluginutils-5.1.0.tgz 0ms (cache hit)
3357 http cache @vue/compiler-core@https://registry.npmjs.org/@vue/compiler-core/-/compiler-core-3.4.21.tgz 0ms (cache hit)
3358 http cache @intlify/shared@https://registry.npmjs.org/@intlify/shared/-/shared-9.1.9.tgz 0ms (cache hit)
3359 http cache @intlify/vue-devtools@https://registry.npmjs.org/@intlify/vue-devtools/-/vue-devtools-9.1.9.tgz 0ms (cache hit)
3360 http cache @dcloudio/uni-nvue-styler@https://registry.npmjs.org/@dcloudio/uni-nvue-styler/-/uni-nvue-styler-3.0.0-5000320260312001.tgz 0ms (cache hit)
3361 http cache @babel/types@https://registry.npmjs.org/@babel/types/-/types-7.25.6.tgz 0ms (cache hit)
3362 http cache @intlify/core-base@https://registry.npmjs.org/@intlify/core-base/-/core-base-9.1.9.tgz 0ms (cache hit)
3363 http cache @babel/core@https://registry.npmjs.org/@babel/core/-/core-7.25.2.tgz 0ms (cache hit)
3364 http cache @dcloudio/uni-cli-shared@https://registry.npmjs.org/@dcloudio/uni-cli-shared/-/uni-cli-shared-3.0.0-5000320260312001.tgz 0ms (cache hit)
3365 http cache @babel/code-frame@https://registry.npmjs.org/@babel/code-frame/-/code-frame-7.24.7.tgz 0ms (cache hit)
3366 http cache @dcloudio/uni-stat@https://registry.npmjs.org/@dcloudio/uni-stat/-/uni-stat-3.0.0-5000320260312001.tgz 0ms (cache hit)
3367 http cache @ampproject/remapping@https://registry.npmjs.org/@ampproject/remapping/-/remapping-2.3.0.tgz 0ms (cache hit)
3368 http cache fast-glob@https://registry.npmjs.org/fast-glob/-/fast-glob-3.3.3.tgz 0ms (cache hit)
3369 http cache @vue/shared@https://registry.npmjs.org/@vue/shared/-/shared-3.4.21.tgz 0ms (cache hit)
3370 http cache @dcloudio/uni-shared@https://registry.npmjs.org/@dcloudio/uni-shared/-/uni-shared-3.0.0-5000320260312001.tgz 0ms (cache hit)
3371 http cache @dcloudio/uni-push@https://registry.npmjs.org/@dcloudio/uni-push/-/uni-push-3.0.0-5000320260312001.tgz 0ms (cache hit)
3372 http cache @dcloudio/uni-components@https://registry.npmjs.org/@dcloudio/uni-components/-/uni-components-3.0.0-5000320260312001.tgz 0ms (cache hit)
3373 http cache @dcloudio/uni-cloud@https://registry.npmjs.org/@dcloudio/uni-cloud/-/uni-cloud-3.0.0-5000320260312001.tgz 0ms (cache hit)
3374 http cache @dcloudio/uni-console@https://registry.npmjs.org/@dcloudio/uni-console/-/uni-console-3.0.0-5000320260312001.tgz 0ms (cache hit)
3375 http cache @dcloudio/uni-i18n@https://registry.npmjs.org/@dcloudio/uni-i18n/-/uni-i18n-3.0.0-5000320260312001.tgz 0ms (cache hit)
3376 http cache vue@https://registry.npmjs.org/vue/-/vue-3.4.21.tgz 0ms (cache hit)
3377 http cache @vue/tsconfig@https://registry.npmjs.org/@vue/tsconfig/-/tsconfig-0.7.0.tgz 0ms (cache hit)
3378 http cache @dcloudio/vite-plugin-uni@https://registry.npmjs.org/@dcloudio/vite-plugin-uni/-/vite-plugin-uni-3.0.0-5000320260312001.tgz 0ms (cache hit)
3379 http cache @dcloudio/uni-h5@https://registry.npmjs.org/@dcloudio/uni-h5/-/uni-h5-3.0.0-5000320260312001.tgz 0ms (cache hit)
3380 http cache @dcloudio/types@https://registry.npmjs.org/@dcloudio/types/-/types-3.4.28.tgz 0ms (cache hit)
3381 http cache @dcloudio/uni-app@https://registry.npmjs.org/@dcloudio/uni-app/-/uni-app-3.0.0-5000320260312001.tgz 0ms (cache hit)
3382 http cache @dcloudio/uni-mp-weixin@https://registry.npmjs.org/@dcloudio/uni-mp-weixin/-/uni-mp-weixin-3.0.0-5000320260312001.tgz 1ms (cache hit)
3383 silly packumentCache corgi:https://registry.npmjs.org/@babel%2fparser cache-miss
3384 silly packumentCache corgi:https://registry.npmjs.org/vite cache-miss
3385 http cache picomatch@https://registry.npmjs.org/picomatch/-/picomatch-4.0.3.tgz 0ms (cache hit)
3386 http cache picomatch@https://registry.npmjs.org/picomatch/-/picomatch-4.0.3.tgz 0ms (cache hit)
3387 http cache js-tokens@https://registry.npmjs.org/js-tokens/-/js-tokens-9.0.1.tgz 0ms (cache hit)
3388 http cache confbox@https://registry.npmjs.org/confbox/-/confbox-0.2.4.tgz 0ms (cache hit)
3389 http cache pkg-types@https://registry.npmjs.org/pkg-types/-/pkg-types-2.3.0.tgz 0ms (cache hit)
3390 http cache phin@https://registry.npmjs.org/phin/-/phin-3.7.1.tgz 0ms (cache hit)
3391 http cache postcss-selector-parser@https://registry.npmjs.org/postcss-selector-parser/-/postcss-selector-parser-7.1.1.tgz 0ms (cache hit)
3392 http cache mime@https://registry.npmjs.org/mime/-/mime-1.6.0.tgz 0ms (cache hit)
3393 http cache debug@https://registry.npmjs.org/debug/-/debug-2.6.9.tgz 0ms (cache hit)
3394 http cache regenerator-runtime@https://registry.npmjs.org/regenerator-runtime/-/regenerator-runtime-0.13.11.tgz 0ms (cache hit)
3395 http cache send@https://registry.npmjs.org/send/-/send-0.18.0.tgz 0ms (cache hit)
3396 http cache postcss-selector-parser@https://registry.npmjs.org/postcss-selector-parser/-/postcss-selector-parser-7.1.1.tgz 0ms (cache hit)
3397 http cache encodeurl@https://registry.npmjs.org/encodeurl/-/encodeurl-1.0.2.tgz 0ms (cache hit)
3398 http cache mime@https://registry.npmjs.org/mime/-/mime-1.6.0.tgz 0ms (cache hit)
3399 http cache ms@https://registry.npmjs.org/ms/-/ms-2.0.0.tgz 0ms (cache hit)
3400 http cache mime@https://registry.npmjs.org/mime/-/mime-1.6.0.tgz 0ms (cache hit)
3401 http cache encodeurl@https://registry.npmjs.org/encodeurl/-/encodeurl-1.0.2.tgz 0ms (cache hit)
3402 http cache debug@https://registry.npmjs.org/debug/-/debug-2.6.9.tgz 0ms (cache hit)
3403 http cache ms@https://registry.npmjs.org/ms/-/ms-2.0.0.tgz 0ms (cache hit)
3404 http cache ms@https://registry.npmjs.org/ms/-/ms-2.0.0.tgz 0ms (cache hit)
3405 http cache ms@https://registry.npmjs.org/ms/-/ms-2.0.0.tgz 0ms (cache hit)
3406 http cache qs@https://registry.npmjs.org/qs/-/qs-6.13.0.tgz 0ms (cache hit)
3407 http cache encodeurl@https://registry.npmjs.org/encodeurl/-/encodeurl-1.0.2.tgz 0ms (cache hit)
3408 http cache debug@https://registry.npmjs.org/debug/-/debug-2.6.9.tgz 0ms (cache hit)
3409 http cache debug@https://registry.npmjs.org/debug/-/debug-2.6.9.tgz 0ms (cache hit)
3410 http cache picocolors@https://registry.npmjs.org/picocolors/-/picocolors-1.1.1.tgz 0ms (cache hit)
3411 http cache resolve@https://registry.npmjs.org/resolve/-/resolve-1.22.11.tgz 0ms (cache hit)
3412 http cache debug@https://registry.npmjs.org/debug/-/debug-4.4.3.tgz 0ms (cache hit)
3413 http cache @vue/compiler-ssr@https://registry.npmjs.org/@vue/compiler-ssr/-/compiler-ssr-3.5.30.tgz 0ms (cache hit)
3414 http cache @vue/compiler-dom@https://registry.npmjs.org/@vue/compiler-dom/-/compiler-dom-3.5.30.tgz 0ms (cache hit)
3415 http cache magic-string@https://registry.npmjs.org/magic-string/-/magic-string-0.30.21.tgz 0ms (cache hit)
3416 http cache @vue/compiler-core@https://registry.npmjs.org/@vue/compiler-core/-/compiler-core-3.5.30.tgz 0ms (cache hit)
3417 http cache @vue/shared@https://registry.npmjs.org/@vue/shared/-/shared-3.5.30.tgz 0ms (cache hit)
3418 http cache @babel/types@https://registry.npmjs.org/@babel/types/-/types-7.29.0.tgz 0ms (cache hit)
3419 http cache picocolors@https://registry.npmjs.org/picocolors/-/picocolors-1.1.1.tgz 0ms (cache hit)
3420 http cache @babel/parser@https://registry.npmjs.org/@babel/parser/-/parser-7.29.2.tgz 0ms (cache hit)
3421 http cache @babel/code-frame@https://registry.npmjs.org/@babel/code-frame/-/code-frame-7.29.0.tgz 0ms (cache hit)
3422 http cache @vue/compiler-sfc@https://registry.npmjs.org/@vue/compiler-sfc/-/compiler-sfc-3.5.30.tgz 0ms (cache hit)
3423 http cache @vue/shared@https://registry.npmjs.org/@vue/shared/-/shared-3.5.30.tgz 0ms (cache hit)
3424 http cache @babel/types@https://registry.npmjs.org/@babel/types/-/types-7.29.0.tgz 0ms (cache hit)
3425 http cache @babel/types@https://registry.npmjs.org/@babel/types/-/types-7.29.0.tgz 0ms (cache hit)
3426 http cache @babel/types@https://registry.npmjs.org/@babel/types/-/types-7.29.0.tgz 0ms (cache hit)
3427 http cache @babel/types@https://registry.npmjs.org/@babel/types/-/types-7.29.0.tgz 0ms (cache hit)
3428 http cache @babel/types@https://registry.npmjs.org/@babel/types/-/types-7.29.0.tgz 0ms (cache hit)
3429 http cache @babel/types@https://registry.npmjs.org/@babel/types/-/types-7.29.0.tgz 0ms (cache hit)
3430 http cache debug@https://registry.npmjs.org/debug/-/debug-2.6.9.tgz 0ms (cache hit)
3431 http cache jsesc@https://registry.npmjs.org/jsesc/-/jsesc-2.5.2.tgz 0ms (cache hit)
3432 http cache ms@https://registry.npmjs.org/ms/-/ms-2.0.0.tgz 0ms (cache hit)
3433 http cache regenerator-runtime@https://registry.npmjs.org/regenerator-runtime/-/regenerator-runtime-0.13.11.tgz 0ms (cache hit)
3434 http cache @babel/generator@https://registry.npmjs.org/@babel/generator/-/generator-7.25.6.tgz 0ms (cache hit)
3435 http cache @babel/types@https://registry.npmjs.org/@babel/types/-/types-7.29.0.tgz 0ms (cache hit)
3436 http cache @babel/types@https://registry.npmjs.org/@babel/types/-/types-7.29.0.tgz 0ms (cache hit)
3437 http cache picocolors@https://registry.npmjs.org/picocolors/-/picocolors-1.1.1.tgz 0ms (cache hit)
3438 http cache @babel/parser@https://registry.npmjs.org/@babel/parser/-/parser-7.29.2.tgz 0ms (cache hit)
3439 http cache @babel/code-frame@https://registry.npmjs.org/@babel/code-frame/-/code-frame-7.29.0.tgz 0ms (cache hit)
3440 http cache magic-string@https://registry.npmjs.org/magic-string/-/magic-string-0.30.21.tgz 0ms (cache hit)
3441 http cache @babel/types@https://registry.npmjs.org/@babel/types/-/types-7.29.0.tgz 0ms (cache hit)
3442 http cache @babel/parser@https://registry.npmjs.org/@babel/parser/-/parser-7.29.2.tgz 0ms (cache hit)
3443 http cache @babel/types@https://registry.npmjs.org/@babel/types/-/types-7.29.0.tgz 0ms (cache hit)
3444 http cache picomatch@https://registry.npmjs.org/picomatch/-/picomatch-4.0.3.tgz 0ms (cache hit)
3445 http cache escape-string-regexp@https://registry.npmjs.org/escape-string-regexp/-/escape-string-regexp-5.0.0.tgz 0ms (cache hit)
3446 http cache estree-walker@https://registry.npmjs.org/estree-walker/-/estree-walker-3.0.3.tgz 0ms (cache hit)
3447 http cache entities@https://registry.npmjs.org/entities/-/entities-4.5.0.tgz 0ms (cache hit)
3448 http cache picocolors@https://registry.npmjs.org/picocolors/-/picocolors-1.1.1.tgz 0ms (cache hit)
3449 http cache picomatch@https://registry.npmjs.org/picomatch/-/picomatch-4.0.3.tgz 0ms (cache hit)
3450 http cache postcss@https://registry.npmjs.org/postcss/-/postcss-8.4.45.tgz 0ms (cache hit)
3451 http cache unplugin-auto-import@https://registry.npmjs.org/unplugin-auto-import/-/unplugin-auto-import-19.1.0.tgz 0ms (cache hit)
3452 http cache picomatch@https://registry.npmjs.org/picomatch/-/picomatch-4.0.3.tgz 0ms (cache hit)
3453 http cache magic-string@https://registry.npmjs.org/magic-string/-/magic-string-0.30.21.tgz 0ms (cache hit)
3454 http cache magic-string@https://registry.npmjs.org/magic-string/-/magic-string-0.30.21.tgz 0ms (cache hit)
3455 http cache unplugin-auto-import@https://registry.npmjs.org/unplugin-auto-import/-/unplugin-auto-import-19.1.0.tgz 0ms (cache hit)
3456 http cache @babel/parser@https://registry.npmjs.org/@babel/parser/-/parser-7.29.2.tgz 0ms (cache hit)
3457 http cache @babel/types@https://registry.npmjs.org/@babel/types/-/types-7.29.0.tgz 0ms (cache hit)
3458 warn deprecated phin@2.9.3: Package no longer supported. Contact Support at https://www.npmjs.com/support for more info.
3459 warn deprecated phin@3.7.1: Package no longer supported. Contact Support at https://www.npmjs.com/support for more info.
3460 http fetch GET 200 https://registry.npmjs.org/@babel%2fparser 3781ms (cache miss)
3461 silly packumentCache corgi:https://registry.npmjs.org/@babel%2fparser set size:undefined disposed:false
3462 http fetch GET 200 https://registry.npmjs.org/@babel/parser/-/parser-7.25.6.tgz 678ms (cache revalidated)
3463 http fetch GET 200 https://registry.npmjs.org/vite 5695ms (cache miss)
3464 silly packumentCache corgi:https://registry.npmjs.org/vite set size:undefined disposed:false
3465 http cache https://registry.npmjs.org/vite/-/vite-5.2.8.tgz 158ms (cache hit)
3466 info run core-js@3.49.0 postinstall node_modules/core-js node -e "try{require('./postinstall')}catch(e){}"
3467 info run core-js-pure@3.49.0 postinstall node_modules/core-js-pure node -e "try{require('./postinstall')}catch(e){}"
3468 info run esbuild@0.20.2 postinstall node_modules/esbuild node install.js
3469 info run core-js@3.49.0 postinstall { code: 0, signal: null }
3470 info run core-js-pure@3.49.0 postinstall { code: 0, signal: null }
3471 info run esbuild@0.20.2 postinstall { code: 0, signal: null }
3472 silly ADD node_modules/exsolve
3473 silly ADD node_modules/follow-redirects
3474 silly ADD node_modules/centra
3475 silly ADD node_modules/core-js-pure
3476 silly ADD node_modules/@babel/runtime-corejs3
3477 silly ADD node_modules/xmlbuilder
3478 silly ADD node_modules/sax
3479 silly ADD node_modules/dom-walk
3480 silly ADD node_modules/process
3481 silly ADD node_modules/min-document
3482 silly ADD node_modules/parse-headers
3483 silly ADD node_modules/is-function
3484 silly ADD node_modules/global
3485 silly ADD node_modules/@vue/devtools-api
3486 silly ADD node_modules/@vue/reactivity
3487 silly ADD node_modules/csstype
3488 silly ADD node_modules/@vue/runtime-core
3489 silly ADD node_modules/@vue/runtime-dom
3490 silly ADD node_modules/@rollup/rollup-win32-x64-msvc
3491 silly ADD node_modules/@rollup/rollup-win32-x64-gnu
3492 silly ADD node_modules/rollup
3493 silly ADD node_modules/pako
3494 silly ADD node_modules/escalade
3495 silly ADD node_modules/webpack-virtual-modules
3496 silly ADD node_modules/@jridgewell/remapping
3497 silly ADD node_modules/confbox
3498 silly ADD node_modules/ufo
3499 silly ADD node_modules/quansync
3500 silly ADD node_modules/unplugin-utils
3501 silly ADD node_modules/unplugin-utils/node_modules/picomatch
3502 silly ADD node_modules/unplugin
3503 silly ADD node_modules/unplugin/node_modules/picomatch
3504 silly ADD node_modules/strip-literal
3505 silly ADD node_modules/strip-literal/node_modules/js-tokens
3506 silly ADD node_modules/scule
3507 silly ADD node_modules/pkg-types
3508 silly ADD node_modules/pathe
3509 silly ADD node_modules/mlly
3510 silly ADD node_modules/local-pkg
3511 silly ADD node_modules/local-pkg/node_modules/confbox
3512 silly ADD node_modules/local-pkg/node_modules/pkg-types
3513 silly ADD node_modules/unicode-property-aliases-ecmascript
3514 silly ADD node_modules/unicode-canonical-property-names-ecmascript
3515 silly ADD node_modules/media-typer
3516 silly ADD node_modules/is-number
3517 silly ADD node_modules/buffer-from
3518 silly ADD node_modules/source-map-support
3519 silly ADD node_modules/commander
3520 silly ADD node_modules/acorn
3521 silly ADD node_modules/@jridgewell/source-map
3522 silly ADD node_modules/has-flag
3523 silly ADD node_modules/dunder-proto
3524 silly ADD node_modules/math-intrinsics
3525 silly ADD node_modules/has-symbols
3526 silly ADD node_modules/gopd
3527 silly ADD node_modules/get-proto
3528 silly ADD node_modules/es-object-atoms
3529 silly ADD node_modules/es-define-property
3530 silly ADD node_modules/call-bind-apply-helpers
3531 silly ADD node_modules/get-intrinsic
3532 silly ADD node_modules/call-bound
3533 silly ADD node_modules/side-channel-weakmap
3534 silly ADD node_modules/side-channel-map
3535 silly ADD node_modules/side-channel-list
3536 silly ADD node_modules/object-inspect
3537 silly ADD node_modules/es-errors
3538 silly ADD node_modules/queue-microtask
3539 silly ADD node_modules/function-bind
3540 silly ADD node_modules/hasown
3541 silly ADD node_modules/supports-preserve-symlinks-flag
3542 silly ADD node_modules/path-parse
3543 silly ADD node_modules/is-core-module
3544 silly ADD node_modules/unicode-match-property-value-ecmascript
3545 silly ADD node_modules/unicode-match-property-ecmascript
3546 silly ADD node_modules/regjsparser
3547 silly ADD node_modules/regjsgen
3548 silly ADD node_modules/regenerate-unicode-properties
3549 silly ADD node_modules/regenerate
3550 silly ADD node_modules/pify
3551 silly ADD node_modules/side-channel
3552 silly ADD node_modules/ipaddr.js
3553 silly ADD node_modules/forwarded
3554 silly ADD node_modules/util-deprecate
3555 silly ADD node_modules/cssesc
3556 silly ADD node_modules/icss-utils
3557 silly ADD node_modules/loader-utils
3558 silly ADD node_modules/string-hash
3559 silly ADD node_modules/postcss-modules-values
3560 silly ADD node_modules/postcss-modules-scope
3561 silly ADD node_modules/postcss-modules-scope/node_modules/postcss-selector-parser
3562 silly ADD node_modules/postcss-modules-local-by-default
3563 silly ADD node_modules/postcss-modules-local-by-default/node_modules/postcss-selector-parser
3564 silly ADD node_modules/postcss-modules-extract-imports
3565 silly ADD node_modules/lodash.camelcase
3566 silly ADD node_modules/icss-replace-symbols
3567 silly ADD node_modules/generic-names
3568 silly ADD node_modules/yaml
3569 silly ADD node_modules/lilconfig
3570 silly ADD node_modules/read-cache
3571 silly ADD node_modules/nanoid
3572 silly ADD node_modules/unquote
3573 silly ADD node_modules/css-system-font-keywords
3574 silly ADD node_modules/css-list-helpers
3575 silly ADD node_modules/css-font-weight-keywords
3576 silly ADD node_modules/css-font-style-keywords
3577 silly ADD node_modules/css-font-stretch-keywords
3578 silly ADD node_modules/css-font-size-keywords
3579 silly ADD node_modules/xml2js
3580 silly ADD node_modules/xml-parse-from-string
3581 silly ADD node_modules/invert-kv
3582 silly ADD node_modules/lcid
3583 silly ADD node_modules/ee-first
3584 silly ADD node_modules/minimist
3585 silly ADD node_modules/mime-db
3586 silly ADD node_modules/yallist
3587 silly ADD node_modules/xtend
3588 silly ADD node_modules/xhr
3589 silly ADD node_modules/parse-bmfont-xml
3590 silly ADD node_modules/parse-bmfont-binary
3591 silly ADD node_modules/parse-bmfont-ascii
3592 silly ADD node_modules/buffer-equal
3593 silly ADD node_modules/ieee754
3594 silly ADD node_modules/base64-js
3595 silly ADD node_modules/utif
3596 silly ADD node_modules/pngjs
3597 silly ADD node_modules/jpeg-js
3598 silly ADD node_modules/omggif
3599 silly ADD node_modules/bmp-js
3600 silly ADD node_modules/@jimp/tiff
3601 silly ADD node_modules/@jimp/png
3602 silly ADD node_modules/@jimp/jpeg
3603 silly ADD node_modules/@jimp/gif
3604 silly ADD node_modules/@jimp/bmp
3605 silly ADD node_modules/timm
3606 silly ADD node_modules/@jimp/plugin-threshold
3607 silly ADD node_modules/@jimp/plugin-shadow
3608 silly ADD node_modules/@jimp/plugin-print
3609 silly ADD node_modules/@jimp/plugin-normalize
3610 silly ADD node_modules/@jimp/plugin-mask
3611 silly ADD node_modules/@jimp/plugin-invert
3612 silly ADD node_modules/@jimp/plugin-gaussian
3613 silly ADD node_modules/@jimp/plugin-rotate
3614 silly ADD node_modules/@jimp/plugin-flip
3615 silly ADD node_modules/@jimp/plugin-fisheye
3616 silly ADD node_modules/@jimp/plugin-dither
3617 silly ADD node_modules/@jimp/plugin-displace
3618 silly ADD node_modules/@jimp/plugin-crop
3619 silly ADD node_modules/@jimp/plugin-cover
3620 silly ADD node_modules/@jimp/plugin-resize
3621 silly ADD node_modules/@jimp/plugin-scale
3622 silly ADD node_modules/@jimp/plugin-contain
3623 silly ADD node_modules/@jimp/plugin-color
3624 silly ADD node_modules/@jimp/plugin-circle
3625 silly ADD node_modules/@jimp/plugin-blur
3626 silly ADD node_modules/@jimp/plugin-blit
3627 silly ADD node_modules/pixelmatch
3628 silly ADD node_modules/phin
3629 silly ADD node_modules/mkdirp
3630 silly ADD node_modules/load-bmfont
3631 silly ADD node_modules/load-bmfont/node_modules/phin
3632 silly ADD node_modules/load-bmfont/node_modules/mime
3633 silly ADD node_modules/file-type
3634 silly ADD node_modules/exif-parser
3635 silly ADD node_modules/buffer
3636 silly ADD node_modules/any-base
3637 silly ADD node_modules/@jimp/utils
3638 silly ADD node_modules/@jimp/utils/node_modules/regenerator-runtime
3639 silly ADD node_modules/@jimp/core
3640 silly ADD node_modules/@jimp/types
3641 silly ADD node_modules/@jimp/plugins
3642 silly ADD node_modules/@jimp/custom
3643 silly ADD node_modules/@babel/runtime
3644 silly ADD node_modules/is-extglob
3645 silly ADD node_modules/binary-extensions
3646 silly ADD node_modules/safer-buffer
3647 silly ADD node_modules/toidentifier
3648 silly ADD node_modules/inherits
3649 silly ADD node_modules/universalify
3650 silly ADD node_modules/jsonfile
3651 silly ADD node_modules/graceful-fs
3652 silly ADD node_modules/to-regex-range
3653 silly ADD node_modules/reusify
3654 silly ADD node_modules/run-parallel
3655 silly ADD node_modules/fastq
3656 silly ADD node_modules/@nodelib/fs.scandir
3657 silly ADD node_modules/micromatch
3658 silly ADD node_modules/merge2
3659 silly ADD node_modules/@nodelib/fs.walk
3660 silly ADD node_modules/@nodelib/fs.stat
3661 silly ADD node_modules/unpipe
3662 silly ADD node_modules/raw-body
3663 silly ADD node_modules/iconv-lite
3664 silly ADD node_modules/destroy
3665 silly ADD node_modules/bytes
3666 silly ADD node_modules/negotiator
3667 silly ADD node_modules/mime-types
3668 silly ADD node_modules/vary
3669 silly ADD node_modules/utils-merge
3670 silly ADD node_modules/type-is
3671 silly ADD node_modules/statuses
3672 silly ADD node_modules/setprototypeof
3673 silly ADD node_modules/serve-static
3674 silly ADD node_modules/serve-static/node_modules/mime
3675 silly ADD node_modules/serve-static/node_modules/debug
3676 silly ADD node_modules/serve-static/node_modules/debug/node_modules/ms
3677 silly ADD node_modules/serve-static/node_modules/send
3678 silly ADD node_modules/serve-static/node_modules/encodeurl
3679 silly ADD node_modules/send
3680 silly ADD node_modules/send/node_modules/mime
3681 silly ADD node_modules/send/node_modules/encodeurl
3682 silly ADD node_modules/send/node_modules/debug
3683 silly ADD node_modules/send/node_modules/debug/node_modules/ms
3684 silly ADD node_modules/safe-buffer
3685 silly ADD node_modules/range-parser
3686 silly ADD node_modules/qs
3687 silly ADD node_modules/proxy-addr
3688 silly ADD node_modules/path-to-regexp
3689 silly ADD node_modules/parseurl
3690 silly ADD node_modules/on-finished
3691 silly ADD node_modules/methods
3692 silly ADD node_modules/merge-descriptors
3693 silly ADD node_modules/http-errors
3694 silly ADD node_modules/fresh
3695 silly ADD node_modules/finalhandler
3696 silly ADD node_modules/finalhandler/node_modules/ms
3697 silly ADD node_modules/finalhandler/node_modules/encodeurl
3698 silly ADD node_modules/finalhandler/node_modules/debug
3699 silly ADD node_modules/etag
3700 silly ADD node_modules/escape-html
3701 silly ADD node_modules/encodeurl
3702 silly ADD node_modules/depd
3703 silly ADD node_modules/cookie-signature
3704 silly ADD node_modules/cookie
3705 silly ADD node_modules/content-type
3706 silly ADD node_modules/content-disposition
3707 silly ADD node_modules/body-parser
3708 silly ADD node_modules/body-parser/node_modules/ms
3709 silly ADD node_modules/body-parser/node_modules/qs
3710 silly ADD node_modules/body-parser/node_modules/debug
3711 silly ADD node_modules/array-flatten
3712 silly ADD node_modules/accepts
3713 silly ADD node_modules/@esbuild/win32-x64
3714 silly ADD node_modules/ms
3715 silly ADD node_modules/color-name
3716 silly ADD node_modules/fill-range
3717 silly ADD node_modules/readdirp
3718 silly ADD node_modules/normalize-path
3719 silly ADD node_modules/is-glob
3720 silly ADD node_modules/is-binary-path
3721 silly ADD node_modules/glob-parent
3722 silly ADD node_modules/braces
3723 silly ADD node_modules/anymatch
3724 silly ADD node_modules/color-convert
3725 silly ADD node_modules/supports-color
3726 silly ADD node_modules/escape-string-regexp
3727 silly ADD node_modules/ansi-styles
3728 silly ADD node_modules/meow
3729 silly ADD node_modules/update-browserslist-db
3730 silly ADD node_modules/update-browserslist-db/node_modules/picocolors
3731 silly ADD node_modules/node-releases
3732 silly ADD node_modules/electron-to-chromium
3733 silly ADD node_modules/baseline-browser-mapping
3734 silly ADD node_modules/lodash.debounce
3735 silly ADD node_modules/@babel/helper-define-polyfill-provider
3736 silly ADD node_modules/@babel/helper-define-polyfill-provider/node_modules/resolve
3737 silly ADD node_modules/@babel/helper-define-polyfill-provider/node_modules/debug
3738 silly ADD node_modules/postcss-value-parser
3739 silly ADD node_modules/normalize-range
3740 silly ADD node_modules/fraction.js
3741 silly ADD node_modules/caniuse-lite
3742 silly ADD node_modules/@vue/babel-plugin-resolve-type
3743 silly ADD node_modules/@vue/babel-plugin-resolve-type/node_modules/magic-string
3744 silly ADD node_modules/@vue/babel-plugin-resolve-type/node_modules/@vue/shared
3745 silly ADD node_modules/@vue/babel-plugin-resolve-type/node_modules/@vue/compiler-ssr
3746 silly ADD node_modules/@vue/babel-plugin-resolve-type/node_modules/@vue/compiler-dom
3747 silly ADD node_modules/@vue/babel-plugin-resolve-type/node_modules/@vue/compiler-core
3748 silly ADD node_modules/@vue/babel-plugin-resolve-type/node_modules/@babel/types
3749 silly ADD node_modules/@vue/babel-plugin-resolve-type/node_modules/picocolors
3750 silly ADD node_modules/@vue/babel-plugin-resolve-type/node_modules/@vue/compiler-sfc
3751 silly ADD node_modules/@vue/babel-plugin-resolve-type/node_modules/@babel/parser
3752 silly ADD node_modules/@vue/babel-plugin-resolve-type/node_modules/@babel/code-frame
3753 silly ADD node_modules/@vue/babel-helper-vue-transform-on
3754 silly ADD node_modules/@babel/plugin-syntax-jsx
3755 silly ADD node_modules/@vue/babel-plugin-jsx
3756 silly ADD node_modules/@vue/babel-plugin-jsx/node_modules/@vue/shared
3757 silly ADD node_modules/@vue/babel-plugin-jsx/node_modules/@babel/types
3758 silly ADD node_modules/esutils
3759 silly ADD node_modules/@babel/helper-wrap-function
3760 silly ADD node_modules/@babel/helper-wrap-function/node_modules/@babel/types
3761 silly ADD node_modules/@babel/helper-remap-async-to-generator
3762 silly ADD node_modules/regexpu-core
3763 silly ADD node_modules/@babel/helper-create-regexp-features-plugin
3764 silly ADD node_modules/core-js-compat
3765 silly ADD node_modules/babel-plugin-polyfill-regenerator
3766 silly ADD node_modules/babel-plugin-polyfill-corejs3
3767 silly ADD node_modules/babel-plugin-polyfill-corejs2
3768 silly ADD node_modules/@babel/preset-modules
3769 silly ADD node_modules/@babel/plugin-transform-unicode-sets-regex
3770 silly ADD node_modules/@babel/plugin-transform-unicode-regex
3771 silly ADD node_modules/@babel/plugin-transform-unicode-property-regex
3772 silly ADD node_modules/@babel/plugin-transform-unicode-escapes
3773 silly ADD node_modules/@babel/plugin-transform-typeof-symbol
3774 silly ADD node_modules/@babel/plugin-transform-template-literals
3775 silly ADD node_modules/@babel/plugin-transform-sticky-regex
3776 silly ADD node_modules/@babel/plugin-transform-spread
3777 silly ADD node_modules/@babel/plugin-transform-shorthand-properties
3778 silly ADD node_modules/@babel/plugin-transform-reserved-words
3779 silly ADD node_modules/@babel/plugin-transform-regexp-modifiers
3780 silly ADD node_modules/@babel/plugin-transform-regenerator
3781 silly ADD node_modules/@babel/plugin-transform-property-literals
3782 silly ADD node_modules/@babel/plugin-transform-private-property-in-object
3783 silly ADD node_modules/@babel/plugin-transform-private-methods
3784 silly ADD node_modules/@babel/plugin-transform-parameters
3785 silly ADD node_modules/@babel/plugin-transform-optional-chaining
3786 silly ADD node_modules/@babel/plugin-transform-optional-catch-binding
3787 silly ADD node_modules/@babel/plugin-transform-object-super
3788 silly ADD node_modules/@babel/plugin-transform-object-rest-spread
3789 silly ADD node_modules/@babel/plugin-transform-numeric-separator
3790 silly ADD node_modules/@babel/plugin-transform-nullish-coalescing-operator
3791 silly ADD node_modules/@babel/plugin-transform-new-target
3792 silly ADD node_modules/@babel/plugin-transform-named-capturing-groups-regex
3793 silly ADD node_modules/@babel/plugin-transform-modules-umd
3794 silly ADD node_modules/@babel/plugin-transform-modules-systemjs
3795 silly ADD node_modules/@babel/plugin-transform-modules-commonjs
3796 silly ADD node_modules/@babel/plugin-transform-modules-amd
3797 silly ADD node_modules/@babel/plugin-transform-member-expression-literals
3798 silly ADD node_modules/@babel/plugin-transform-logical-assignment-operators
3799 silly ADD node_modules/@babel/plugin-transform-literals
3800 silly ADD node_modules/@babel/plugin-transform-json-strings
3801 silly ADD node_modules/@babel/plugin-transform-function-name
3802 silly ADD node_modules/@babel/plugin-transform-for-of
3803 silly ADD node_modules/@babel/plugin-transform-export-namespace-from
3804 silly ADD node_modules/@babel/plugin-transform-exponentiation-operator
3805 silly ADD node_modules/@babel/plugin-transform-explicit-resource-management
3806 silly ADD node_modules/@babel/plugin-transform-dynamic-import
3807 silly ADD node_modules/@babel/plugin-transform-duplicate-named-capturing-groups-regex
3808 silly ADD node_modules/@babel/plugin-transform-duplicate-keys
3809 silly ADD node_modules/@babel/plugin-transform-dotall-regex
3810 silly ADD node_modules/@babel/plugin-transform-destructuring
3811 silly ADD node_modules/@babel/plugin-transform-computed-properties
3812 silly ADD node_modules/@babel/plugin-transform-classes
3813 silly ADD node_modules/@babel/plugin-transform-class-static-block
3814 silly ADD node_modules/@babel/plugin-transform-class-properties
3815 silly ADD node_modules/@babel/plugin-transform-block-scoping
3816 silly ADD node_modules/@babel/plugin-transform-block-scoped-functions
3817 silly ADD node_modules/@babel/plugin-transform-async-to-generator
3818 silly ADD node_modules/@babel/plugin-transform-async-generator-functions
3819 silly ADD node_modules/@babel/plugin-transform-arrow-functions
3820 silly ADD node_modules/@babel/plugin-syntax-unicode-sets-regex
3821 silly ADD node_modules/@babel/plugin-syntax-import-attributes
3822 silly ADD node_modules/@babel/plugin-syntax-import-assertions
3823 silly ADD node_modules/@babel/plugin-proposal-private-property-in-object
3824 silly ADD node_modules/@babel/plugin-bugfix-v8-static-class-fields-redefine-readonly
3825 silly ADD node_modules/@babel/plugin-bugfix-v8-spread-parameters-in-optional-chaining
3826 silly ADD node_modules/@babel/plugin-bugfix-safari-id-destructuring-collision-in-function-expression
3827 silly ADD node_modules/@babel/plugin-bugfix-safari-class-field-initializer-scope
3828 silly ADD node_modules/@babel/plugin-bugfix-firefox-class-in-computed-class-key
3829 silly ADD node_modules/systemjs
3830 silly ADD node_modules/regenerator-runtime
3831 silly ADD node_modules/core-js
3832 silly ADD node_modules/browserslist-to-esbuild
3833 silly ADD node_modules/@babel/preset-env
3834 silly ADD node_modules/picomatch
3835 silly ADD node_modules/@types/estree
3836 silly ADD node_modules/@jridgewell/resolve-uri
3837 silly ADD node_modules/@jridgewell/sourcemap-codec
3838 silly ADD node_modules/source-map
3839 silly ADD node_modules/@intlify/runtime
3840 silly ADD node_modules/@intlify/message-resolver
3841 silly ADD node_modules/@intlify/message-compiler
3842 silly ADD node_modules/@intlify/devtools-if
3843 silly ADD node_modules/@babel/helper-replace-supers
3844 silly ADD node_modules/@babel/helper-optimise-call-expression
3845 silly ADD node_modules/@babel/helper-optimise-call-expression/node_modules/@babel/types
3846 silly ADD node_modules/@babel/helper-member-expression-to-functions
3847 silly ADD node_modules/@babel/helper-member-expression-to-functions/node_modules/@babel/types
3848 silly ADD node_modules/@babel/plugin-syntax-typescript
3849 silly ADD node_modules/@babel/helper-skip-transparent-expression-wrappers
3850 silly ADD node_modules/@babel/helper-skip-transparent-expression-wrappers/node_modules/@babel/types
3851 silly ADD node_modules/@babel/helper-create-class-features-plugin
3852 silly ADD node_modules/@babel/helper-annotate-as-pure
3853 silly ADD node_modules/@babel/helper-annotate-as-pure/node_modules/@babel/types
3854 silly ADD node_modules/@babel/helper-plugin-utils
3855 silly ADD node_modules/express
3856 silly ADD node_modules/express/node_modules/ms
3857 silly ADD node_modules/express/node_modules/debug
3858 silly ADD node_modules/cac
3859 silly ADD node_modules/@vitejs/plugin-vue-jsx
3860 silly ADD node_modules/@vitejs/plugin-vue
3861 silly ADD node_modules/terser
3862 silly ADD node_modules/@vitejs/plugin-legacy
3863 silly ADD node_modules/@babel/plugin-transform-typescript
3864 silly ADD node_modules/@babel/plugin-syntax-import-meta
3865 silly ADD node_modules/parse-css-font
3866 silly ADD node_modules/ws
3867 silly ADD node_modules/qrcode-terminal
3868 silly ADD node_modules/qrcode-reader
3869 silly ADD node_modules/licia
3870 silly ADD node_modules/jimp
3871 silly ADD node_modules/jimp/node_modules/regenerator-runtime
3872 silly ADD node_modules/@dcloudio/uni-mp-vue
3873 silly ADD node_modules/@dcloudio/uni-mp-vite
3874 silly ADD node_modules/@dcloudio/uni-mp-compiler
3875 silly ADD node_modules/@dcloudio/uni-mp-compiler/node_modules/jsesc
3876 silly ADD node_modules/@dcloudio/uni-mp-compiler/node_modules/@babel/generator
3877 silly ADD node_modules/xmlhttprequest
3878 silly ADD node_modules/vue-router
3879 silly ADD node_modules/safe-area-insets
3880 silly ADD node_modules/localstorage-polyfill
3881 silly ADD node_modules/@dcloudio/uni-h5-vue
3882 silly ADD node_modules/@dcloudio/uni-h5-vite
3883 silly ADD node_modules/to-fast-properties
3884 silly ADD node_modules/@babel/helper-string-parser
3885 silly ADD node_modules/@babel/helper-globals
3886 silly ADD node_modules/js-tokens
3887 silly ADD node_modules/chalk
3888 silly ADD node_modules/@babel/helper-validator-identifier
3889 silly ADD node_modules/@babel/helper-module-imports
3890 silly ADD node_modules/@babel/helper-module-imports/node_modules/@babel/types
3891 silly ADD node_modules/lru-cache
3892 silly ADD node_modules/browserslist
3893 silly ADD node_modules/@babel/helper-validator-option
3894 silly ADD node_modules/@babel/compat-data
3895 silly ADD node_modules/jsesc
3896 silly ADD node_modules/semver
3897 silly ADD node_modules/json5
3898 silly ADD node_modules/gensync
3899 silly ADD node_modules/convert-source-map
3900 silly ADD node_modules/@babel/traverse
3901 silly ADD node_modules/@babel/traverse/node_modules/picocolors
3902 silly ADD node_modules/@babel/traverse/node_modules/@babel/types
3903 silly ADD node_modules/@babel/traverse/node_modules/@babel/parser
3904 silly ADD node_modules/@babel/traverse/node_modules/@babel/code-frame
3905 silly ADD node_modules/@babel/helpers
3906 silly ADD node_modules/@babel/helpers/node_modules/@babel/types
3907 silly ADD node_modules/@babel/helper-module-transforms
3908 silly ADD node_modules/@babel/helper-compilation-targets
3909 silly ADD node_modules/@babel/generator
3910 silly ADD node_modules/@babel/generator/node_modules/@babel/types
3911 silly ADD node_modules/@babel/generator/node_modules/@babel/parser
3912 silly ADD node_modules/@babel/highlight
3913 silly ADD node_modules/@jridgewell/trace-mapping
3914 silly ADD node_modules/@jridgewell/gen-mapping
3915 silly ADD node_modules/xregexp
3916 silly ADD node_modules/unimport
3917 silly ADD node_modules/unimport/node_modules/picomatch
3918 silly ADD node_modules/unimport/node_modules/magic-string
3919 silly ADD node_modules/unimport/node_modules/estree-walker
3920 silly ADD node_modules/unimport/node_modules/escape-string-regexp
3921 silly ADD node_modules/tinycolor2
3922 silly ADD node_modules/tapable
3923 silly ADD node_modules/source-map-js
3924 silly ADD node_modules/resolve
3925 silly ADD node_modules/postcss-selector-parser
3926 silly ADD node_modules/postcss-modules
3927 silly ADD node_modules/postcss-load-config
3928 silly ADD node_modules/postcss-import
3929 silly ADD node_modules/picocolors
3930 silly ADD node_modules/os-locale-s-fix
3931 silly ADD node_modules/module-alias
3932 silly ADD node_modules/mime
3933 silly ADD node_modules/merge
3934 silly ADD node_modules/magic-string
3935 silly ADD node_modules/lines-and-columns
3936 silly ADD node_modules/jsonc-parser
3937 silly ADD node_modules/isbinaryfile
3938 silly ADD node_modules/hash-sum
3939 silly ADD node_modules/fs-extra
3940 silly ADD node_modules/estree-walker
3941 silly ADD node_modules/esbuild
3942 silly ADD node_modules/es-module-lexer
3943 silly ADD node_modules/entities
3944 silly ADD node_modules/debug
3945 silly ADD node_modules/compare-versions
3946 silly ADD node_modules/chokidar
3947 silly ADD node_modules/base64url
3948 silly ADD node_modules/postcss
3949 silly ADD node_modules/postcss/node_modules/picocolors
3950 silly ADD node_modules/autoprefixer
3951 silly ADD node_modules/adm-zip
3952 silly ADD node_modules/@vue/server-renderer
3953 silly ADD node_modules/@vue/compiler-ssr
3954 silly ADD node_modules/@vue/compiler-sfc
3955 silly ADD node_modules/@vue/compiler-dom
3956 silly ADD node_modules/@vue/compiler-core
3957 silly ADD node_modules/@vue/compiler-core/node_modules/entities
3958 silly ADD node_modules/@rollup/pluginutils
3959 silly ADD node_modules/@intlify/vue-devtools
3960 silly ADD node_modules/@intlify/shared
3961 silly ADD node_modules/@intlify/core-base
3962 silly ADD node_modules/@dcloudio/uni-nvue-styler
3963 silly ADD node_modules/@dcloudio/uni-nvue-styler/node_modules/postcss
3964 silly ADD node_modules/@babel/types
3965 silly ADD node_modules/@babel/core
3966 silly ADD node_modules/@babel/code-frame
3967 silly ADD node_modules/@ampproject/remapping
3968 silly ADD node_modules/fast-glob
3969 silly ADD node_modules/@dcloudio/uni-cli-shared
3970 silly ADD node_modules/@dcloudio/uni-cli-shared/node_modules/picomatch
3971 silly ADD node_modules/@dcloudio/uni-cli-shared/node_modules/unplugin-auto-import
3972 silly ADD node_modules/@dcloudio/uni-cli-shared/node_modules/unplugin-auto-import/node_modules/magic-string
3973 silly ADD node_modules/@vue/shared
3974 silly ADD node_modules/@dcloudio/uni-stat
3975 silly ADD node_modules/@dcloudio/uni-shared
3976 silly ADD node_modules/@dcloudio/uni-push
3977 silly ADD node_modules/@dcloudio/uni-i18n
3978 silly ADD node_modules/@dcloudio/uni-console
3979 silly ADD node_modules/@dcloudio/uni-components
3980 silly ADD node_modules/@dcloudio/uni-cloud
3981 silly ADD node_modules/vue
3982 silly ADD node_modules/@vue/tsconfig
3983 silly ADD node_modules/@dcloudio/vite-plugin-uni
3984 silly ADD node_modules/@dcloudio/vite-plugin-uni/node_modules/picomatch
3985 silly ADD node_modules/@dcloudio/vite-plugin-uni/node_modules/unplugin-auto-import
3986 silly ADD node_modules/@dcloudio/vite-plugin-uni/node_modules/unplugin-auto-import/node_modules/magic-string
3987 silly ADD node_modules/@dcloudio/uni-mp-weixin
3988 silly ADD node_modules/@dcloudio/uni-h5
3989 silly ADD node_modules/@dcloudio/uni-app
3990 silly ADD node_modules/@dcloudio/types
3991 silly ADD node_modules/@babel/template/node_modules/@babel/types
3992 silly CHANGE node_modules/@babel/template/node_modules/@babel/parser
3993 silly CHANGE node_modules/@babel/parser
3994 silly CHANGE node_modules/vite
3995 verbose cwd C:\Users\86137\Desktop\work\app\Yoom-App\frontend
3996 verbose os Windows_NT 10.0.26200
3997 verbose node v24.14.0
3998 verbose npm  v11.9.0
3999 verbose exit 0
4000 info ok
